date,code,open,high,low,close,preclose,volume,amount,adjustflag,turn,tradestatus,pctChg,isST
2010-01-04,sh.600036,11.3385734000,11.4524018000,11.1678308000,11.1994498000,11.4144590000,74613558,1332370091.0000,2,0.476493,1,-1.883700,0
2010-01-05,sh.600036,11.1994498000,11.3828400000,10.9654692000,11.2120974000,11.1994498000,91401373,1615349974.0000,2,0.583703,1,0.112900,0
2010-01-06,sh.600036,11.1868022000,11.1868022000,10.9464978000,10.9781168000,11.2120974000,77427706,1348702948.0000,2,0.494465,1,-2.086900,0
2010-01-07,sh.600036,10.9591454000,11.0223834000,10.6113364000,10.6935458000,10.9781168000,101943196,1742282280.0000,2,0.651024,1,-2.592200,0
2010-01-08,sh.600036,10.6745744000,10.7378124000,10.5480984000,10.6935458000,10.6935458000,80359862,1351767271.0000,2,0.513190,1,0.000000,0
2010-01-11,sh.600036,11.3069544000,11.3259258000,10.6239840000,10.7125172000,10.6935458000,146569250,2530625181.0000,2,0.936013,1,0.177400,0
2010-01-12,sh.600036,10.6745744000,10.8579646000,10.4026510000,10.7947266000,10.7125172000,112189832,1879278148.0000,2,0.716461,1,0.767400,0
2010-01-13,sh.600036,10.4469176000,10.5607460000,10.0991086000,10.2129370000,10.7947266000,205223276,3344313047.0000,2,1.310586,1,-5.389600,0
2010-01-14,sh.600036,10.2445560000,10.3394130000,10.0864610000,10.3267654000,10.2129370000,124717572,2011436062.0000,2,0.796465,1,1.114600,0
2010-01-15,sh.600036,10.2888226000,10.4089748000,10.1370514000,10.3141178000,10.3267654000,87302199,1417365938.0000,2,0.557525,1,-0.122500,0
2010-01-18,sh.600036,10.1813180000,10.3014702000,10.1117562000,10.2319084000,10.3141178000,96022634,1546142296.0000,2,0.613215,1,-0.797100,0
2010-01-19,sh.600036,10.2572036000,10.3710320000,10.2192608000,10.2761750000,10.2319084000,98444269,1601316552.0000,2,0.628680,1,0.432600,0
2010-01-20,sh.600036,10.3014702000,10.3141178000,10.0042516000,10.0295468000,10.2761750000,107880628,1725434301.0000,2,0.688942,1,-2.400000,0
2010-01-21,sh.600036,10.0421944000,10.3077940000,9.9916040000,10.2129370000,10.0295468000,91285813,1469683734.0000,2,0.582965,1,1.828500,0
2010-01-22,sh.600036,10.1180800000,10.6556030000,10.0864610000,10.5417746000,10.2129370000,194447102,3191885833.0000,2,1.241768,1,3.219800,0
2010-01-25,sh.600036,10.3647082000,10.6176602000,10.2129370000,10.2635274000,10.5417746000,95604860,1565828495.0000,2,0.610547,1,-2.639500,0
2010-01-26,sh.600036,10.2635274000,10.3457368000,10.0548420000,10.1749942000,10.2635274000,97364890,1565571395.0000,2,0.621787,1,-0.862600,0
2010-01-27,sh.600036,10.1876418000,10.2255846000,9.7386520000,9.7639472000,10.1749942000,141106541,2206603674.0000,2,0.901127,1,-4.039800,0
2010-01-28,sh.600036,9.7576234000,9.7576234000,9.4730524000,9.5679094000,9.7639472000,111465663,1690862734.0000,2,0.711836,1,-2.007800,0
2010-01-29,sh.600036,9.4857000000,9.8018900000,9.4477572000,9.5932046000,9.5679094000,92338067,1411179098.0000,2,0.589685,1,0.264400,0
2010-02-01,sh.600036,9.6058522000,9.7512996000,9.3971668000,9.6690902000,9.5932046000,87195690,1313666473.0000,2,0.556845,1,0.791000,0
2010-02-02,sh.600036,9.7386520000,10.0421944000,9.6817378000,9.8840994000,9.6690902000,112323804,1758471919.0000,2,0.717317,1,2.223700,0
2010-02-03,sh.600036,9.9030708000,10.1749942000,9.7323282000,10.1117562000,9.8840994000,98754882,1563011931.0000,2,0.630663,1,2.303300,0
2010-02-04,sh.600036,9.9916040000,10.1496990000,9.9663088000,10.0232230000,10.1117562000,50717779,805695722.0000,2,0.323891,1,-0.875500,0
2010-02-05,sh.600036,9.8651280000,9.9536612000,9.6690902000,9.7892424000,10.0232230000,55600840,861379137.0000,2,0.355075,1,-2.334400,0
2010-02-08,sh.600036,9.7892424000,9.8651280000,9.5362904000,9.5679094000,9.7892424000,53513964,815924760.0000,2,0.341748,1,-2.261000,0
2010-02-09,sh.600036,9.5805570000,9.7323282000,9.5552618000,9.6817378000,9.5679094000,42953660,655032980.0000,2,0.274308,1,1.189700,0
2010-02-10,sh.600036,9.7512996000,9.8651280000,9.7070330000,9.8208614000,9.6817378000,42895905,664539417.0000,2,0.273940,1,1.437000,0
2010-02-11,sh.600036,9.8524804000,9.9346898000,9.7955662000,9.8398328000,9.8208614000,38843244,605445056.0000,2,0.248059,1,0.193200,0
2010-02-12,sh.600036,9.9030708000,9.9979278000,9.8714518000,9.9789564000,9.8398328000,39007663,614206831.0000,2,0.249109,1,1.413900,0
2010-02-22,sh.600036,9.9283660000,10.0864610000,9.8208614000,9.9473374000,9.9789564000,37512236,592096519.0000,2,0.239559,1,-0.316900,0
2010-02-23,sh.600036,9.9220422000,9.9220422000,9.6184998000,9.7765948000,9.9473374000,47983122,738670640.0000,2,0.306427,1,-1.716500,0
2010-02-24,sh.600036,9.6564426000,9.8398328000,9.6121760000,9.8335090000,9.7765948000,40697391,625196032.0000,2,0.259900,1,0.582100,0
2010-02-25,sh.600036,9.8335090000,10.1496990000,9.8208614000,10.0295468000,9.8335090000,70446388,1118873396.0000,2,0.449881,1,1.993600,0
2010-02-26,sh.600036,9.9916040000,10.1370514000,9.9346898000,10.0548420000,10.0295468000,49214521,783666867.0000,2,0.314291,1,0.252200,0
2010-03-01,sh.600036,10.0864610000,10.3394130000,10.0548420000,10.3077940000,10.0548420000,81300926,1318204853.0000,2,0.519200,1,2.515700,0
2010-03-02,sh.600036,10.3710320000,10.4658890000,10.3077940000,10.4089748000,10.3077940000,109780837,1805331400.0000,2,0.701077,1,0.981600,0
2010-03-03,sh.600036,10.4089748000,10.4342700000,10.2761750000,10.4279462000,10.4089748000,70933393,1161657569.0000,2,0.452991,1,0.182300,0
2010-03-04,sh.600036,10.4342700000,10.4722128000,10.1244038000,10.1939656000,10.4279462000,85453648,1390873694.0000,2,0.545720,1,-2.243800,0
2010-03-05,sh.600036,10.1939656000,10.1939656000,10.1939656000,10.1939656000,10.1939656000,0,0.0000,2,,0,0.000000,0
2010-03-08,sh.600036,10.1939656000,10.1939656000,10.1939656000,10.1939656000,10.1939656000,0,0.0000,2,,0,0.000000,0
2010-03-09,sh.600036,10.1939656000,10.1939656000,10.1939656000,10.1939656000,10.1939656000,0,0.0000,2,,0,0.000000,0
2010-03-10,sh.600036,10.1939656000,10.1939656000,10.1939656000,10.1939656000,10.1939656000,0,0.0000,2,,0,0.000000,0
2010-03-11,sh.600036,10.1939656000,10.1939656000,10.1939656000,10.1939656000,10.1939656000,0,0.0000,2,,0,0.000000,0
2010-03-12,sh.600036,10.1939656000,10.1939656000,10.1939656000,10.1939656000,10.1939656000,0,0.0000,2,,0,0.000000,0
2010-03-15,sh.600036,10.2139899500,10.2606901000,9.8737460000,9.9337890500,10.1939756000,65556181,985495936.0000,2,0.371084,1,-2.552400,0
2010-03-16,sh.600036,9.9337890500,10.2740330000,9.8737460000,10.2540186500,9.9337890500,65194813,986746175.0000,2,0.369038,1,3.223600,0
2010-03-17,sh.600036,10.2206614000,10.5008623000,10.1406040000,10.4408192500,10.2540186500,60533987,937367087.0000,2,0.342656,1,1.821700,0
2010-03-18,sh.600036,10.4408192500,10.5208766500,10.3207331500,10.3607618500,10.4408192500,54236414,847490025.0000,2,0.307008,1,-0.766800,0
2010-03-19,sh.600036,10.3340760500,10.4208049000,10.2473472000,10.3607618500,10.3607618500,47502336,736175201.0000,2,0.268889,1,0.000000,0
2010-03-22,sh.600036,10.3607618500,10.6543056500,10.3474189500,10.4541621500,10.3607618500,65221448,1027260456.0000,2,0.369189,1,0.901500,0
2010-03-23,sh.600036,10.4808479500,10.5809197000,10.3407475000,10.3874476500,10.4541621500,48147797,754545796.0000,2,0.272543,1,-0.638200,0
2010-03-24,sh.600036,10.4141334500,10.5475624500,10.3741047500,10.3874476500,10.3874476500,47651403,748012382.0000,2,0.269733,1,0.000000,0
2010-03-25,sh.600036,10.3607618500,10.3674333000,10.2006470500,10.2940473500,10.3874476500,38945883,598626532.0000,2,0.220455,1,-0.899200,0
2010-03-26,sh.600036,10.2606901000,10.6609771000,10.2340043000,10.5008623000,10.2940473500,79833017,1257764458.0000,2,0.451899,1,2.009100,0
2010-03-29,sh.600036,10.5875911500,10.9411780000,10.5742482500,10.8744635000,10.5008623000,157301343,2553505378.0000,2,0.890412,1,3.557800,0
2010-03-30,sh.600036,10.9078207500,11.0212354000,10.8077490000,10.9678638000,10.8744635000,89502236,1468470754.0000,2,0.506632,1,0.858900,0
2010-03-31,sh.600036,10.9611923500,11.0078925000,10.8144204500,10.8611206000,10.9678638000,55696882,907779854.0000,2,0.315275,1,-0.973200,0
2010-04-01,sh.600036,10.8744635000,10.9945496000,10.8277633500,10.9278351000,10.8611206000,63595885,1040503144.0000,2,0.359988,1,0.614300,0
2010-04-02,sh.600036,10.9745352500,11.0078925000,10.8210919000,10.8677920500,10.9278351000,60084945,979992014.0000,2,0.340114,1,-0.549500,0
2010-04-06,sh.600036,10.9478494500,11.1279786000,10.8677920500,10.9278351000,10.8677920500,77952073,1283652808.0000,2,0.441252,1,0.552500,0
2010-04-07,sh.600036,10.9144922000,10.9411780000,10.7410345000,10.8477777000,10.9278351000,63770204,1035449530.0000,2,0.360974,1,-0.732600,0
2010-04-08,sh.600036,10.8344348000,10.8344348000,10.5075337500,10.6209484000,10.8477777000,83147262,1327936394.0000,2,0.470659,1,-2.091000,0
2010-04-09,sh.600036,10.6076055000,10.7343630500,10.5942626000,10.7010058000,10.6209484000,55262932,884348347.0000,2,0.312819,1,0.753800,0
2010-04-12,sh.600036,10.7610488500,10.8210919000,10.4074620000,10.5942626000,10.7010058000,83130063,1318452657.0000,2,0.470562,1,-0.997500,0
2010-04-13,sh.600036,10.5875911500,10.8411062500,10.4808479500,10.7677203000,10.5942626000,109355837,1754697652.0000,2,0.619014,1,1.637300,0
2010-04-14,sh.600036,10.8010775500,10.8411062500,10.6943343500,10.7677203000,10.7677203000,66983044,1080422231.0000,2,0.379161,1,0.000000,0
2010-04-15,sh.600036,10.8144204500,10.8344348000,10.5942626000,10.7343630500,10.7677203000,79473914,1275626538.0000,2,0.449866,1,-0.309800,0
2010-04-16,sh.600036,10.7010058000,10.7143487000,10.4541621500,10.4675050500,10.7343630500,78519284,1238083790.0000,2,0.444462,1,-2.486000,0
2010-04-19,sh.600036,10.2606901000,10.2606901000,9.5268306000,9.8003600500,10.4675050500,221615181,3294024522.0000,2,1.254464,1,-6.373500,0
2010-04-20,sh.600036,9.7936886000,9.8870889000,9.5068162500,9.6602596000,9.8003600500,135767719,1961918803.0000,2,0.768520,1,-1.429500,0
2010-04-21,sh.600036,9.6869454000,9.7936886000,9.5068162500,9.7803457000,9.6602596000,123792937,1788933241.0000,2,0.700736,1,1.243100,0
2010-04-22,sh.600036,9.6736025000,9.6736025000,9.3467014500,9.4601161000,9.7803457000,170907398,2420550387.0000,2,0.967430,1,-3.274200,0
2010-04-23,sh.600036,9.4667875500,9.5935451000,9.3333585500,9.4534446500,9.4601161000,105750916,1494785831.0000,2,0.598608,1,-0.070500,0
2010-04-26,sh.600036,9.4801304500,9.5068162500,9.3467014500,9.3733872500,9.4534446500,63838710,902685760.0000,2,0.361362,1,-0.846900,0
2010-04-27,sh.600036,9.3467014500,9.3600443500,9.0598291000,9.2066010000,9.3733872500,93759160,1296433640.0000,2,0.530728,1,-1.779400,0
2010-04-28,sh.600036,9.1265436000,9.3000013000,9.0131289500,9.2199439000,9.2066010000,68268065,939065477.0000,2,0.386435,1,0.144900,0
2010-04-29,sh.600036,9.3200156500,9.5201591500,9.2866584000,9.3600443500,9.2199439000,89171473,1259234950.0000,2,0.504759,1,1.519500,0
2010-04-30,sh.600036,9.4401017500,9.5268306000,9.3066727500,9.5201591500,9.3600443500,80537849,1140398655.0000,2,0.455888,1,1.710600,0
2010-05-04,sh.600036,9.3200156500,9.4934733500,9.1665723000,9.2733155000,9.5201591500,79600122,1111677929.0000,2,0.450580,1,-2.592900,0
2010-05-05,sh.600036,9.1732437500,9.3400300000,8.9864431500,9.3066727500,9.2733155000,85118657,1166086132.0000,2,0.481818,1,0.359700,0
2010-05-06,sh.600036,9.2399582500,9.2533011500,8.8663570500,8.8796999500,9.3066727500,91012955,1227756955.0000,2,0.515183,1,-4.587800,0
2010-05-07,sh.600036,8.6995708000,9.0598291000,8.6128419500,8.9130572000,8.8796999500,100374488,1335649912.0000,2,0.568175,1,0.375700,0
2010-05-10,sh.600036,8.9264001000,9.1265436000,8.8930428500,9.0665005500,8.9130572000,63727075,861222521.0000,2,0.360730,1,1.721600,0
2010-05-11,sh.600036,9.2799869500,9.3266871000,8.7729567500,8.8930428500,9.0665005500,96994529,1317667140.0000,2,0.549042,1,-1.913200,0
2010-05-12,sh.600036,8.8530141500,9.1799152000,8.7395995000,9.1065292500,8.8930428500,89101564,1201910669.0000,2,0.504364,1,2.400600,0
2010-05-13,sh.600036,9.1065292500,9.4000730500,9.0731720000,9.3733872500,9.1065292500,128406534,1787683461.0000,2,0.726851,1,2.930400,0
2010-05-14,sh.600036,9.2933298500,9.3467014500,9.1665723000,9.2599726000,9.3733872500,60199512,835493704.0000,2,0.340762,1,-1.210000,0
2010-05-17,sh.600036,9.1398865000,9.1398865000,8.7729567500,8.8997143000,9.2599726000,76639435,1023923407.0000,2,0.433821,1,-3.890500,0
2010-05-18,sh.600036,8.9130572000,9.2199439000,8.8796999500,9.1865866500,8.8997143000,78612356,1066581343.0000,2,0.444989,1,3.223400,0
2010-05-19,sh.600036,9.1132007000,9.3266871000,8.9397430000,9.0998578000,9.1865866500,66338992,908592758.0000,2,0.375515,1,-0.944100,0
2010-05-20,sh.600036,9.0131289500,9.2132724500,8.9797717000,9.0398147500,9.0998578000,44921923,610337519.0000,2,0.254283,1,-0.659800,0
2010-05-21,sh.600036,8.7729567500,9.1665723000,8.7462709500,9.1198721500,9.0398147500,55981035,756056199.0000,2,0.316883,1,0.885600,0
2010-05-24,sh.600036,9.1599008500,9.4801304500,9.1599008500,9.3533729000,9.1198721500,116472108,1635243586.0000,2,0.659296,1,2.560400,0
2010-05-25,sh.600036,9.3333585500,9.3333585500,9.0731720000,9.1332150500,9.3533729000,69601783,959218140.0000,2,0.393984,1,-2.353800,0
2010-05-26,sh.600036,9.1599008500,9.2332868000,9.0398147500,9.0998578000,9.1332150500,49238527,673396090.0000,2,0.278717,1,-0.365200,0
2010-05-27,sh.600036,9.0998578000,9.2266153500,8.9130572000,9.1732437500,9.0998578000,66663632,908028445.0000,2,0.377353,1,0.806500,0
2010-05-28,sh.600036,9.2733155000,9.2933298500,9.0064575000,9.0865149000,9.1732437500,65286961,892922191.0000,2,0.369560,1,-0.945500,0
2010-05-31,sh.600036,8.9931146000,9.0798434500,8.8129854500,8.8263283500,9.0865149000,66974931,895684166.0000,2,0.379115,1,-2.863400,0
2010-06-01,sh.600036,8.8063140000,8.9264001000,8.7195851500,8.7596138500,8.8263283500,64383005,847555600.0000,2,0.364443,1,-0.755900,0
2010-06-02,sh.600036,8.7862996500,8.8196569000,8.6928993500,8.7662853000,8.7596138500,42962333,564098505.0000,2,0.243190,1,0.076200,0
2010-06-03,sh.600036,8.8329998000,8.9264001000,8.7596138500,8.7729567500,8.7662853000,58481436,774042110.0000,2,0.331037,1,0.076100,0
2010-06-04,sh.600036,8.7662853000,8.8129854500,8.7062422500,8.7929711000,8.7729567500,32270827,423753142.0000,2,0.182671,1,0.228100,0
2010-06-07,sh.600036,8.6728850000,8.7062422500,8.4727415000,8.5394560000,8.7929711000,73455103,945623276.0000,2,0.415796,1,-2.883200,0
2010-06-08,sh.600036,8.5327845500,8.5994990500,8.2592551000,8.3526554000,8.5394560000,70867131,893128704.0000,2,0.401147,1,-2.187500,0
2010-06-09,sh.600036,8.4060270000,8.7729567500,8.2125549500,8.6928993500,8.3526554000,136874764,1751165466.0000,2,0.774786,1,4.073476,0
2010-06-10,sh.600036,8.5261131000,8.5461274500,8.4060270000,8.4593986000,8.6928993500,64701697,822240892.0000,2,0.366247,1,-2.686100,0
2010-06-11,sh.600036,8.5261131000,8.6795564500,8.4593986000,8.4927558500,8.4593986000,61691187,792495703.0000,2,0.349206,1,0.394300,0
2010-06-17,sh.600036,8.6728850000,8.6862279000,8.4927558500,8.5661418000,8.4927558500,53263672,686034147.0000,2,0.301502,1,0.864100,0
2010-06-18,sh.600036,8.5661418000,8.7195851500,8.4994273000,8.5794847000,8.5661418000,61891741,800668829.0000,2,0.350341,1,0.155800,0
2010-06-21,sh.600036,8.6395277500,8.9597573500,8.5928276000,8.9130572000,8.5794847000,117355253,1552574397.0000,2,0.664295,1,3.888000,0
2010-06-22,sh.600036,8.9130572000,8.9597573500,8.8396712500,8.8863714000,8.9130572000,59317044,790164849.0000,2,0.335767,1,-0.299400,0
2010-06-23,sh.600036,8.8863714000,8.8863714000,8.8863714000,8.8863714000,8.8863714000,0,0.0000,2,,0,0.000000,0
2010-06-24,sh.600036,8.7796282000,9.0064575000,8.7195851500,8.8663570500,8.8863714000,52124716,691918171.0000,2,0.295055,1,-0.225200,0
2010-06-25,sh.600036,8.8063140000,9.0131289500,8.7862996500,8.9330715500,8.8663570500,58539746,783830388.0000,2,0.331367,1,0.752400,0
2010-06-28,sh.600036,8.9397430000,9.1865866500,8.9063857500,9.0198004000,8.9330715500,76194739,1034967178.0000,2,0.431304,1,0.970900,0
2010-06-29,sh.600036,9.0598291000,9.0931863500,8.6595421000,8.6928993500,9.0198004000,98820167,1313718722.0000,2,0.559376,1,-3.624300,0
2010-06-30,sh.600036,8.6662135500,8.7462709500,8.5394560000,8.6795564500,8.6928993500,54486790,707821779.0000,2,0.308425,1,-0.153500,0
2010-07-01,sh.600036,8.6931138000,8.8355127000,8.6388666000,8.6863329000,8.6795520000,48130608,619400703.0000,2,0.272446,1,0.078100,0
2010-07-02,sh.600036,8.6998947000,8.8219509000,8.5168104000,8.7541419000,8.6863329000,61083248,781190447.0000,2,0.345765,1,0.780600,0
2010-07-05,sh.600036,8.6795520000,8.8219509000,8.5846194000,8.6659902000,8.7541419000,51274646,656375291.0000,2,0.290243,1,-1.007000,0
2010-07-06,sh.600036,8.6659902000,8.9168835000,8.6659902000,8.9033217000,8.6659902000,64202277,831971406.0000,2,0.363420,1,2.738700,0
2010-07-07,sh.600036,8.8626363000,8.9507880000,8.8287318000,8.9168835000,8.9033217000,43182540,566175644.0000,2,0.244437,1,0.152300,0
2010-07-08,sh.600036,9.0389397000,9.1406532000,8.9168835000,8.9575689000,8.9168835000,56231427,748535060.0000,2,0.318301,1,0.456300,0
2010-07-09,sh.600036,9.0050352000,9.3915465000,8.8897599000,9.2423667000,8.9575689000,101463154,1379341612.0000,2,0.574337,1,3.179400,0
2010-07-12,sh.600036,9.2491476000,9.4932600000,9.1881195000,9.4322319000,9.2423667000,95617846,1327310468.0000,2,0.541250,1,2.054300,0
2010-07-13,sh.600036,9.2966139000,9.3915465000,9.1745577000,9.3169566000,9.4322319000,58847670,806065749.0000,2,0.333110,1,-1.222100,0
2010-07-14,sh.600036,9.3440802000,9.5475072000,9.2898330000,9.3847656000,9.3169566000,82216437,1144078845.0000,2,0.465390,1,0.727800,0
2010-07-15,sh.600036,9.3576420000,9.5203836000,9.1813386000,9.1949004000,9.3847656000,66364085,913372836.0000,2,0.375657,1,-2.023100,0
2010-07-16,sh.600036,9.1474341000,9.3101757000,9.0592824000,9.2559285000,9.1949004000,47994302,648072291.0000,2,0.271674,1,0.663711,0
2010-07-19,sh.600036,9.1813386000,9.5068218000,9.1406532000,9.5000409000,9.2559285000,86999134,1207052852.0000,2,0.492463,1,2.637400,0
2010-07-20,sh.600036,9.4932600000,9.6627825000,9.4322319000,9.4932600000,9.5000409000,101843807,1432244425.0000,2,0.576492,1,-0.071400,0
2010-07-21,sh.600036,9.5136027000,9.5407263000,9.4254510000,9.4661364000,9.4932600000,53729831,750942394.0000,2,0.304140,1,-0.285700,0
2010-07-22,sh.600036,9.4254510000,9.6288780000,9.4254510000,9.5881926000,9.4661364000,70079584,988205686.0000,2,0.396689,1,1.289400,0
2010-07-23,sh.600036,9.6288780000,9.8187432000,9.5881926000,9.6763443000,9.5881926000,109498855,1565726838.0000,2,0.619824,1,0.919400,0
2010-07-26,sh.600036,9.6966870000,9.7305915000,9.5475072000,9.6695634000,9.6763443000,43956491,624937923.0000,2,0.248818,1,-0.070100,0
2010-07-27,sh.600036,9.6356589000,9.6356589000,9.5068218000,9.5678499000,9.6695634000,44521386,628630560.0000,2,0.252015,1,-1.051900,0
2010-07-28,sh.600036,9.5949735000,9.8458668000,9.5136027000,9.8119623000,9.5678499000,94068557,1350679942.0000,2,0.532480,1,2.551400,0
2010-07-29,sh.600036,9.8119623000,9.9407994000,9.7644960000,9.8594286000,9.8119623000,84379352,1225448577.0000,2,0.477633,1,0.483800,0
2010-07-30,sh.600036,9.8051814000,9.9068949000,9.7170297000,9.8458668000,9.8594286000,48614635,703712439.0000,2,0.275186,1,-0.137600,0
2010-08-02,sh.600036,9.8187432000,10.0696365000,9.7780578000,10.0289511000,9.8458668000,69289136,1019991435.0000,2,0.392215,1,1.859500,0
2010-08-03,sh.600036,10.0696365000,10.0967601000,9.7373724000,9.7577151000,10.0289511000,58960422,863539560.0000,2,0.333748,1,-2.704500,0
2010-08-04,sh.600036,9.7373724000,9.8187432000,9.5407263000,9.7102488000,9.7577151000,79560772,1133420408.0000,2,0.450358,1,-0.486400,0
2010-08-05,sh.600036,9.7102488000,9.7373724000,9.4729173000,9.5136027000,9.7102488000,94247860,1326866483.0000,2,0.533495,1,-2.025100,0
2010-08-06,sh.600036,9.4932600000,9.6560016000,9.3915465000,9.6153162000,9.5136027000,68241877,960233061.0000,2,0.386286,1,1.069100,0
2010-08-09,sh.600036,9.5814117000,9.7509342000,9.5407263000,9.7034679000,9.6153162000,69823313,996109707.0000,2,0.395238,1,0.916800,0
2010-08-10,sh.600036,9.6966870000,9.8051814000,9.3915465000,9.3983274000,9.7034679000,75997833,1066876440.0000,2,0.430189,1,-3.144700,0
2010-08-11,sh.600036,9.3779847000,9.4729173000,9.3508611000,9.4118892000,9.3983274000,48789951,676781297.0000,2,0.276178,1,0.144300,0
2010-08-12,sh.600036,9.3508611000,9.4051083000,9.1677768000,9.2016813000,9.4118892000,65033785,887318795.0000,2,0.368127,1,-2.233400,0
2010-08-13,sh.600036,9.2152431000,9.3237375000,9.0389397000,9.3033948000,9.2016813000,79478217,1075675182.0000,2,0.449890,1,1.105400,0
2010-08-16,sh.600036,9.2220240000,9.5339454000,9.1881195000,9.4796982000,9.3033948000,69050047,955709253.0000,2,0.390861,1,1.895000,0
2010-08-17,sh.600036,9.4932600000,9.5271645000,9.3644229000,9.5000409000,9.4796982000,52080918,726753112.0000,2,0.294807,1,0.214600,0
2010-08-18,sh.600036,9.4932600000,9.6356589000,9.3779847000,9.4118892000,9.5000409000,67457637,944919094.0000,2,0.381847,1,-0.927900,0
2010-08-19,sh.600036,9.4864791000,9.7373724000,9.4457937000,9.6220971000,9.4118892000,111300146,1575117184.0000,2,0.630020,1,2.233400,0
2010-08-20,sh.600036,9.6085353000,9.7577151000,9.5203836000,9.5542881000,9.6220971000,94235059,1338395197.0000,2,0.533422,1,-0.704700,0
2010-08-23,sh.600036,9.5610690000,9.7984005000,9.5610690000,9.6288780000,9.5542881000,64347242,916453773.0000,2,0.364241,1,0.780700,0
2010-08-24,sh.600036,9.6153162000,9.6899061000,9.4390128000,9.5407263000,9.6288780000,57689580,813426051.0000,2,0.326555,1,-0.915500,0
2010-08-25,sh.600036,9.4864791000,9.5068218000,9.2220240000,9.2559285000,9.5407263000,74954161,1031973310.0000,2,0.424282,1,-2.985100,0
2010-08-26,sh.600036,9.2762712000,9.3169566000,9.1542150000,9.2084622000,9.2559285000,50384681,684959671.0000,2,0.285205,1,-0.512800,0
2010-08-27,sh.600036,9.2220240000,9.2898330000,9.1542150000,9.2152431000,9.2084622000,33987804,462249978.0000,2,0.192390,1,0.073600,0
2010-08-30,sh.600036,9.2559285000,9.4118892000,9.2220240000,9.3237375000,9.2152431000,68381566,939409011.0000,2,0.387077,1,1.177300,0
2010-08-31,sh.600036,9.2627094000,9.3169566000,9.1542150000,9.1813386000,9.3237375000,74256930,1007590728.0000,2,0.420335,1,-1.527300,0
2010-09-01,sh.600036,9.2152431000,9.3983274000,9.0999678000,9.2152431000,9.1813386000,101371980,1376732011.0000,2,0.573821,1,0.369300,0
2010-09-02,sh.600036,9.3508611000,9.3712038000,9.1881195000,9.2559285000,9.2152431000,80028686,1091209063.0000,2,0.453006,1,0.441500,0
2010-09-03,sh.600036,9.2694903000,9.3033948000,9.0999678000,9.2491476000,9.2559285000,73780045,997589431.0000,2,0.417636,1,-0.073300,0
2010-09-06,sh.600036,9.2762712000,9.4186701000,9.2220240000,9.4118892000,9.2491476000,95019236,1311176856.0000,2,0.537861,1,1.759500,0
2010-09-07,sh.600036,9.4186701000,9.5407263000,9.3237375000,9.3847656000,9.4118892000,65664396,913071093.0000,2,0.371697,1,-0.288200,0
2010-09-08,sh.600036,9.3372993000,9.3372993000,9.1609959000,9.1949004000,9.3847656000,90697533,1230017474.0000,2,0.513398,1,-2.023119,0
2010-09-09,sh.600036,9.2084622000,9.2084622000,8.9372262000,8.9711307000,9.1949004000,106961793,1425353480.0000,2,0.605462,1,-2.433600,0
2010-09-10,sh.600036,8.9846925000,9.0660633000,8.9101026000,9.0050352000,8.9711307000,71920520,952020143.0000,2,0.407110,1,0.377900,0
2010-09-13,sh.600036,8.9982543000,9.0728442000,8.8490745000,8.9914734000,9.0050352000,100727597,1328454647.0000,2,0.570174,1,-0.150600,0
2010-09-14,sh.600036,9.0389397000,9.1474341000,9.0118161000,9.0592824000,8.9914734000,97018364,1300524900.0000,2,0.549177,1,0.754100,0
2010-09-15,sh.600036,9.0525015000,9.0525015000,8.8151700000,8.8965408000,9.0592824000,77844655,1023944989.0000,2,0.440643,1,-1.796400,0
2010-09-16,sh.600036,8.8829790000,8.9101026000,8.5778385000,8.6795520000,8.8965408000,108495166,1396786423.0000,2,0.614142,1,-2.439000,0
2010-09-17,sh.600036,8.6998947000,8.7812655000,8.6117430000,8.7134565000,8.6795520000,53994946,692184522.0000,2,0.305641,1,0.390600,0
2010-09-20,sh.600036,8.7066756000,8.8355127000,8.6253048000,8.7405801000,8.7134565000,49316715,634513855.0000,2,0.279160,1,0.311300,0
2010-09-21,sh.600036,8.7609228000,8.7948273000,8.6931138000,8.7270183000,8.7405801000,34440066,443812285.0000,2,0.194950,1,-0.155200,0
2010-09-27,sh.600036,8.7473610000,8.7744846000,8.6727711000,8.7066756000,8.7270183000,46550877,597506074.0000,2,0.263504,1,-0.233100,0
2010-09-28,sh.600036,8.6998947000,8.7066756000,8.5032486000,8.5507149000,8.7066756000,73266388,926550632.0000,2,0.414728,1,-1.791300,0
2010-09-29,sh.600036,8.4829059000,8.6998947000,8.4829059000,8.5846194000,8.5507149000,53191603,675105052.0000,2,0.301094,1,0.396500,0
2010-09-30,sh.600036,8.4829059000,8.8219509000,8.4829059000,8.7812655000,8.5846194000,64163784,825341985.0000,2,0.363202,1,2.290700,0
2010-10-08,sh.600036,8.8829790000,9.1881195000,8.7677037000,9.1135296000,8.7812655000,111173082,1481540664.0000,2,0.629301,1,3.783800,0
2010-10-11,sh.600036,9.1542150000,9.5271645000,9.1338723000,9.4254510000,9.1135296000,180388127,2492974698.0000,2,1.021096,1,3.422600,0
2010-10-12,sh.600036,9.3576420000,9.4729173000,9.2898330000,9.3847656000,9.4254510000,105910427,1465333680.0000,2,0.599511,1,-0.431700,0
2010-10-13,sh.600036,9.4729173000,9.8662095000,9.4729173000,9.8255241000,9.3847656000,212063903,3034890393.0000,2,1.200398,1,4.696500,0
2010-10-14,sh.600036,9.9272376000,10.2052545000,9.8323050000,9.8526477000,9.8255241000,222343538,3300251733.0000,2,1.258586,1,0.276100,0
2010-10-15,sh.600036,9.8323050000,10.3883388000,9.7644960000,10.3273107000,9.8526477000,316139173,4741765242.0000,2,1.789521,1,4.817600,0
2010-10-18,sh.600036,10.5442995000,10.7951928000,10.3476534000,10.3612152000,10.3273107000,239567879,3728968986.0000,2,1.356086,1,0.328300,0
2010-10-19,sh.600036,10.3408725000,10.5103950000,10.1374455000,10.5036141000,10.3612152000,129469972,1974028898.0000,2,0.732871,1,1.374300,0
2010-10-20,sh.600036,10.5849849000,10.9036872000,10.4968332000,10.6663557000,10.5036141000,207302403,3273085151.0000,2,1.173445,1,1.549400,0
2010-10-21,sh.600036,10.6121085000,10.6392321000,10.1577882000,10.2662826000,10.6663557000,172398764,2628376011.0000,2,0.975872,1,-3.750800,0
2010-10-22,sh.600036,10.2662826000,10.2934062000,10.0086084000,10.1849118000,10.2662826000,114190832,1708324095.0000,2,0.646383,1,-0.792600,0
2010-10-25,sh.600036,10.1916927000,10.3679961000,9.9407994000,10.2866253000,10.1849118000,144407143,2164932417.0000,2,0.817424,1,0.998700,0
2010-10-26,sh.600036,10.3408725000,10.4086815000,10.0628556000,10.1442264000,10.2866253000,140274071,2117599240.0000,2,0.794028,1,-1.384300,0
2010-10-27,sh.600036,10.0899792000,10.3747770000,9.9068949000,10.0086084000,10.1442264000,116505745,1737296794.0000,2,0.659486,1,-1.336900,0
2010-10-28,sh.600036,10.0086084000,10.2188163000,9.9611421000,10.1238837000,10.0086084000,81284166,1209347758.0000,2,0.460113,1,1.151800,0
2010-10-29,sh.600036,10.1374455000,10.1374455000,9.7712769000,9.8797713000,10.1238837000,122692224,1790919509.0000,2,0.694505,1,-2.411300,0
2010-11-01,sh.600036,9.9068949000,10.1238837000,9.8662095000,10.0425129000,9.8797713000,132309945,1949010708.0000,2,0.748947,1,1.647200,0
2010-11-02,sh.600036,10.0560747000,10.1645691000,9.8865522000,10.0086084000,10.0425129000,114429765,1692509960.0000,2,0.647735,1,-0.337600,0
2010-11-03,sh.600036,10.0560747000,10.4697096000,9.9679230000,10.3476534000,10.0086084000,185961227,2826057448.0000,2,1.052643,1,3.387500,0
2010-11-04,sh.600036,10.3205298000,10.5714231000,10.2662826000,10.4154624000,10.3476534000,136809587,2100416672.0000,2,0.774417,1,0.655300,0
2010-11-05,sh.600036,10.5578613000,10.6799175000,10.3273107000,10.4697096000,10.4154624000,104974809,1620113040.0000,2,0.594215,1,0.520800,0
2010-11-08,sh.600036,10.5646422000,10.7477265000,10.4493669000,10.5510804000,10.4697096000,121828057,1902878441.0000,2,0.689614,1,0.777200,0
2010-11-09,sh.600036,10.5375186000,10.5375186000,10.2052545000,10.2866253000,10.5510804000,109853854,1673300864.0000,2,0.621833,1,-2.506400,0
2010-11-10,sh.600036,10.1374455000,10.1510073000,9.8594286000,9.9001140000,10.2866253000,171312842,2516790017.0000,2,0.969725,1,-3.757400,0
2010-11-11,sh.600036,9.9340185000,10.1374455000,9.8458668000,10.0086084000,9.9001140000,178215912,2618828831.0000,2,1.008800,1,1.095900,0
2010-11-12,sh.600036,9.9001140000,9.9611421000,9.4729173000,9.4864791000,10.0086084000,171752855,2456027400.0000,2,0.972215,1,-5.216800,0
2010-11-15,sh.600036,9.5678499000,9.6899061000,9.3847656000,9.6424398000,9.4864791000,102368894,1432968599.0000,2,0.579464,1,1.644000,0
2010-11-16,sh.600036,9.5610690000,9.5610690000,9.2084622000,9.2491476000,9.6424398000,112829779,1559381559.0000,2,0.638678,1,-4.078800,0
2010-11-17,sh.600036,9.1542150000,9.4186701000,9.1203105000,9.2423667000,9.2491476000,103611757,1412300035.0000,2,0.586499,1,-0.073300,0
2010-11-18,sh.600036,9.2898330000,9.3576420000,9.1270914000,9.2762712000,9.2423667000,70692691,964387428.0000,2,0.400159,1,0.366800,0
2010-11-19,sh.600036,9.3169566000,9.3237375000,8.8829790000,9.1949004000,9.2762712000,145135157,1941697377.0000,2,0.821545,1,-0.877200,0
2010-11-22,sh.600036,9.0660633000,9.1949004000,8.9372262000,8.9846925000,9.1949004000,102893266,1371599299.0000,2,0.582432,1,-2.286100,0
2010-11-23,sh.600036,8.9575689000,9.0050352000,8.7948273000,8.8897599000,8.9846925000,96831177,1265792742.0000,2,0.548118,1,-1.056600,0
2010-11-24,sh.600036,8.8965408000,9.1474341000,8.8965408000,8.9982543000,8.8897599000,88079391,1170023519.0000,2,0.498578,1,1.220400,0
2010-11-25,sh.600036,9.0864060000,9.1677768000,8.9101026000,9.1406532000,8.9982543000,94380369,1261055486.0000,2,0.534245,1,1.582500,0
2010-11-26,sh.600036,9.1067487000,9.1203105000,8.9507880000,8.9914734000,9.1406532000,61801438,823861434.0000,2,0.349830,1,-1.632000,0
2010-11-29,sh.600036,8.9711307000,9.0864060000,8.9643498000,9.0050352000,8.9914734000,53598188,712049339.0000,2,0.303395,1,0.150800,0
2010-11-30,sh.600036,9.0050352000,9.0660633000,8.7541419000,8.8490745000,9.0050352000,83096687,1087226787.0000,2,0.470373,1,-1.731900,0
2010-12-01,sh.600036,8.8490745000,8.9440071000,8.8219509000,8.9033217000,8.8490745000,42470770,556394048.0000,2,0.240408,1,0.613000,0
2010-12-02,sh.600036,9.0660633000,9.1067487000,8.9304453000,8.9575689000,8.9033217000,59250714,788287603.0000,2,0.335392,1,0.609300,0
2010-12-03,sh.600036,8.9779116000,9.0796251000,8.9168835000,8.9507880000,8.9575689000,59957302,794595447.0000,2,0.339391,1,-0.075700,0
2010-12-06,sh.600036,8.9914734000,9.2627094000,8.9372262000,9.0999678000,8.9507880000,110310804,1483600449.0000,2,0.624420,1,1.666700,0
2010-12-07,sh.600036,9.0864060000,9.1677768000,8.9711307000,9.1203105000,9.0999678000,61826010,824896516.0000,2,0.349969,1,0.223500,0
2010-12-08,sh.600036,9.1203105000,9.1542150000,8.9507880000,8.9779116000,9.1203105000,53173420,708736254.0000,2,0.300991,1,-1.561300,0
2010-12-09,sh.600036,8.9440071000,8.9507880000,8.7812655000,8.8151700000,8.9779116000,90786152,1184751223.0000,2,0.513899,1,-1.812700,0
2010-12-10,sh.600036,8.8151700000,8.9779116000,8.8016082000,8.9168835000,8.8151700000,50840008,665536799.0000,2,0.287782,1,1.153800,0
2010-12-13,sh.600036,8.9304453000,9.0660633000,8.8694172000,9.0592824000,8.9168835000,80536122,1064964867.0000,2,0.455879,1,1.597000,0
2010-12-14,sh.600036,9.0864060000,9.1270914000,8.9711307000,9.0050352000,9.0592824000,80919708,1078067273.0000,2,0.458050,1,-0.598800,0
2010-12-15,sh.600036,9.0185970000,9.0999678000,8.9846925000,8.9914734000,9.0050352000,69062554,919900465.0000,2,0.390932,1,-0.150600,0
2010-12-16,sh.600036,8.9914734000,8.9982543000,8.8897599000,8.9236644000,8.9914734000,45821312,604194386.0000,2,0.259374,1,-0.754100,0
2010-12-17,sh.600036,8.9304453000,8.9372262000,8.8490745000,8.9033217000,8.9236644000,39108674,512271408.0000,2,0.221377,1,-0.228000,0
2010-12-20,sh.600036,8.9236644000,8.9711307000,8.6659902000,8.7948273000,8.9033217000,71587024,928832917.0000,2,0.405222,1,-1.218600,0
2010-12-21,sh.600036,8.7948273000,9.0525015000,8.7270183000,9.0185970000,8.7948273000,92475572,1216351273.0000,2,0.523463,1,2.544300,0
2010-12-22,sh.600036,9.0253779000,9.0592824000,8.8219509000,8.8626363000,9.0185970000,58829510,776712271.0000,2,0.333007,1,-1.729300,0
2010-12-23,sh.600036,8.8626363000,9.0931869000,8.8083891000,8.9372262000,8.8626363000,70770235,933782289.0000,2,0.400598,1,0.841600,0
2010-12-24,sh.600036,8.8558554000,9.0525015000,8.8219509000,8.9711307000,8.9372262000,69324671,914915628.0000,2,0.392416,1,0.379400,0
2010-12-27,sh.600036,9.0728442000,9.1338723000,8.8083891000,8.8151700000,8.9711307000,88593435,1170719213.0000,2,0.501487,1,-1.738500,0
2010-12-28,sh.600036,8.8287318000,8.9168835000,8.6659902000,8.6998947000,8.8151700000,105895069,1372360490.0000,2,0.599424,1,-1.307700,0
2010-12-29,sh.600036,8.7134565000,8.7270183000,8.6117430000,8.6592093000,8.6998947000,74240251,947620925.0000,2,0.420241,1,-0.467700,0
2010-12-30,sh.600036,8.6659902000,8.6727711000,8.4761250000,8.5981812000,8.6592093000,87823579,1110812543.0000,2,0.497130,1,-0.704800,0
2010-12-31,sh.600036,8.6456475000,8.7744846000,8.5507149000,8.6863329000,8.5981812000,69375662,885216765.0000,2,0.392704,1,1.025200,0
2011-01-04,sh.600036,8.7541419000,8.8761981000,8.6659902000,8.8287318000,8.6863329000,98498451,1276763364.0000,2,0.557555,1,1.639300,0
2011-01-05,sh.600036,8.8083891000,8.8897599000,8.7609228000,8.7948273000,8.8287318000,72626095,944910512.0000,2,0.411104,1,-0.384000,0
2011-01-06,sh.600036,8.8016082000,8.8897599000,8.6931138000,8.7473610000,8.7948273000,63620993,823324507.0000,2,0.360130,1,-0.539700,0
2011-01-07,sh.600036,8.7473610000,9.1881195000,8.6931138000,8.9846925000,8.7473610000,184177849,2440982564.0000,2,1.042548,1,2.713200,0
2011-01-10,sh.600036,8.9779116000,9.0660633000,8.8151700000,8.8287318000,8.9846925000,89439102,1177813020.0000,2,0.506274,1,-1.735800,0
2011-01-11,sh.600036,8.7880464000,8.9982543000,8.7812655000,8.9440071000,8.8287318000,80178643,1050831147.0000,2,0.453855,1,1.305700,0
2011-01-12,sh.600036,8.9304453000,9.0253779000,8.8626363000,8.9982543000,8.9440071000,71991084,950345184.0000,2,0.407509,1,0.606500,0
2011-01-13,sh.600036,9.0050352000,9.0389397000,8.8965408000,8.9507880000,8.9982543000,59516449,786701585.0000,2,0.336896,1,-0.527500,0
2011-01-14,sh.600036,8.9236644000,8.9779116000,8.8422936000,8.8490745000,8.9507880000,50536491,662003482.0000,2,0.286064,1,-1.136400,0
2011-01-17,sh.600036,8.8083891000,8.8626363000,8.5574958000,8.6185239000,8.8490745000,77156600,991616450.0000,2,0.436749,1,-2.605400,0
2011-01-18,sh.600036,8.6320857000,8.6592093000,8.5507149000,8.5914003000,8.6185239000,53990207,684464697.0000,2,0.305614,1,-0.314700,0
2011-01-19,sh.600036,8.6117430000,8.6795520000,8.5439340000,8.6592093000,8.5914003000,47144159,598577845.0000,2,0.266862,1,0.789300,0
2011-01-20,sh.600036,8.6524284000,8.6524284000,8.4761250000,8.4896868000,8.6592093000,56788717,714769681.0000,2,0.321455,1,-1.957700,0
2011-01-21,sh.600036,8.4964677000,8.8083891000,8.4829059000,8.6185239000,8.4896868000,62191245,793177476.0000,2,0.352037,1,1.517600,0
2011-01-24,sh.600036,8.6117430000,8.6592093000,8.5168104000,8.5303722000,8.6185239000,49438223,624077121.0000,2,0.279847,1,-1.022800,0
2011-01-25,sh.600036,8.5642767000,8.6456475000,8.5100295000,8.5642767000,8.5303722000,52215793,660597680.0000,2,0.295570,1,0.397500,0
2011-01-26,sh.600036,8.5914003000,8.6456475000,8.5778385000,8.6185239000,8.5642767000,23768929,301774550.0000,2,0.134545,1,0.633400,0
2011-01-27,sh.600036,8.5439340000,8.6320857000,8.4693441000,8.6185239000,8.6185239000,70707557,891864175.0000,2,0.400244,1,0.000000,0
2011-01-28,sh.600036,8.5778385000,8.6185239000,8.4896868000,8.5371531000,8.6185239000,66406477,835307124.0000,2,0.375897,1,-0.944100,0
2011-01-31,sh.600036,8.5371531000,8.5981812000,8.5303722000,8.5642767000,8.5371531000,48455683,611798445.0000,2,0.274286,1,0.317700,0
2011-02-01,sh.600036,8.5778385000,8.6388666000,8.5507149000,8.6117430000,8.5642767000,40211020,509422748.0000,2,0.227616,1,0.554200,0
2011-02-09,sh.600036,8.5914003000,8.6592093000,8.5235913000,8.5439340000,8.6117430000,58829216,745910348.0000,2,0.333006,1,-0.787400,0
2011-02-10,sh.600036,8.5439340000,8.6388666000,8.4896868000,8.6185239000,8.5439340000,46488671,588451369.0000,2,0.263151,1,0.873000,0
2011-02-11,sh.600036,8.6117430000,8.6727711000,8.5507149000,8.6185239000,8.6185239000,61000766,773509587.0000,2,0.345298,1,0.000000,0
2011-02-14,sh.600036,8.6253048000,9.0118161000,8.6253048000,8.9914734000,8.6185239000,146385352,1910514159.0000,2,0.828621,1,4.327300,0
2011-02-15,sh.600036,8.9846925000,9.0592824000,8.9168835000,8.9440071000,8.9914734000,108538766,1438854668.0000,2,0.614389,1,-0.527900,0
2011-02-16,sh.600036,8.9168835000,8.9507880000,8.8016082000,8.8965408000,8.9440071000,79042331,1031728586.0000,2,0.447423,1,-0.530700,0
2011-02-17,sh.600036,8.8965408000,9.0525015000,8.8355127000,8.8965408000,8.8965408000,70754381,932086607.0000,2,0.400509,1,0.000000,0
2011-02-18,sh.600036,8.9033217000,8.9372262000,8.8151700000,8.8897599000,8.8965408000,55894225,732500521.0000,2,0.316392,1,-0.076200,0
2011-02-21,sh.600036,8.8151700000,8.8829790000,8.7473610000,8.8694172000,8.8897599000,59996420,779859965.0000,2,0.339613,1,-0.228800,0
2011-02-22,sh.600036,8.8829790000,8.8829790000,8.5846194000,8.6253048000,8.8694172000,121525657,1556214132.0000,2,0.687902,1,-2.752300,0
2011-02-23,sh.600036,8.6253048000,8.6592093000,8.5574958000,8.5981812000,8.6253048000,54397598,689930998.0000,2,0.307920,1,-0.314500,0
2011-02-24,sh.600036,8.5846194000,8.6592093000,8.5507149000,8.5981812000,8.5981812000,52932082,670747773.0000,2,0.299625,1,0.000000,0
2011-02-25,sh.600036,8.6185239000,8.7270183000,8.5846194000,8.6456475000,8.5981812000,49085789,626193457.0000,2,0.277853,1,0.552100,0
2011-02-28,sh.600036,8.6727711000,8.7744846000,8.5914003000,8.7270183000,8.6456475000,69582753,892379258.0000,2,0.393877,1,0.941200,0
2011-03-01,sh.600036,8.7541419000,9.0457206000,8.7270183000,8.8829790000,8.7270183000,124778375,1633085388.0000,2,0.706314,1,1.787106,0
2011-03-02,sh.600036,8.8151700000,9.2423667000,8.8016082000,9.1338723000,8.8829790000,226096550,3029627382.0000,2,1.279831,1,2.824400,0
2011-03-03,sh.600036,9.2016813000,9.7577151000,9.1609959000,9.5136027000,9.1338723000,399308564,5586884166.0000,2,2.260306,1,4.157400,0
2011-03-04,sh.600036,9.6153162000,9.7238106000,9.4322319000,9.6424398000,9.5136027000,197261003,2789248375.0000,2,1.116606,1,1.354200,0
2011-03-07,sh.600036,9.7102488000,9.8865522000,9.5610690000,9.6492207000,9.6424398000,177077408,2536416911.0000,2,1.002355,1,0.070300,0
2011-03-08,sh.600036,9.6288780000,9.8594286000,9.5746308000,9.6966870000,9.6492207000,112446484,1611304489.0000,2,0.636509,1,0.491900,0
2011-03-09,sh.600036,9.7441533000,9.8865522000,9.7170297000,9.7509342000,9.6966870000,109743292,1588328817.0000,2,0.621207,1,0.559400,0
2011-03-10,sh.600036,9.7102488000,9.7305915000,9.4390128000,9.4864791000,9.7509342000,124087891,1750290871.0000,2,0.702406,1,-2.712100,0
2011-03-11,sh.600036,9.4390128000,9.4864791000,9.2084622000,9.2627094000,9.4864791000,109841296,1512829301.0000,2,0.621762,1,-2.358800,0
2011-03-14,sh.600036,9.2220240000,9.3440802000,9.1949004000,9.2966139000,9.2627094000,65739143,897940761.0000,2,0.372120,1,0.366000,0
2011-03-15,sh.600036,9.2220240000,9.2762712000,9.0321588000,9.1474341000,9.2966139000,107876563,1454391999.0000,2,0.610641,1,-1.604700,0
2011-03-16,sh.600036,9.1813386000,9.3915465000,9.1135296000,9.2966139000,9.1474341000,75560107,1029474178.0000,2,0.427712,1,1.630800,0
2011-03-17,sh.600036,9.2016813000,9.2220240000,9.0864060000,9.1609959000,9.2966139000,60420558,815232321.0000,2,0.342014,1,-1.458800,0
2011-03-18,sh.600036,9.2355858000,9.2762712000,9.0525015000,9.0931869000,9.1609959000,69249398,936462246.0000,2,0.391990,1,-0.740200,0
2011-03-21,sh.600036,9.1406532000,9.2559285000,9.1135296000,9.1881195000,9.0931869000,55499355,752686257.0000,2,0.314157,1,1.044000,0
2011-03-22,sh.600036,9.2220240000,9.4051083000,9.0999678000,9.3915465000,9.1881195000,85747910,1176642575.0000,2,0.485380,1,2.214000,0
2011-03-23,sh.600036,9.3644229000,9.5610690000,9.3169566000,9.5271645000,9.3915465000,93674744,1310343356.0000,2,0.530250,1,1.444000,0
2011-03-24,sh.600036,9.5339454000,9.5475072000,9.4322319000,9.4932600000,9.5271645000,56794094,793623576.0000,2,0.321486,1,-0.355900,0
2011-03-25,sh.600036,9.5136027000,9.7644960000,9.4932600000,9.6966870000,9.4932600000,120271098,1719538845.0000,2,0.680800,1,2.142900,0
2011-03-28,sh.600036,9.7305915000,9.9136758000,9.6153162000,9.6492207000,9.6966870000,100437625,1447242206.0000,2,0.568532,1,-0.489500,0
2011-03-29,sh.600036,9.6288780000,9.9001140000,9.5610690000,9.7034679000,9.6492207000,134519290,1934315908.0000,2,0.761453,1,0.562200,0
2011-03-30,sh.600036,9.6831252000,9.8526477000,9.6356589000,9.6831252000,9.7034679000,85822363,1232672427.0000,2,0.485802,1,-0.209600,0
2011-03-31,sh.600036,9.6899061000,9.7034679000,9.5271645000,9.5542881000,9.6831252000,71417885,1011476950.0000,2,0.404264,1,-1.330500,0
2011-04-01,sh.600036,9.4796982000,9.7984005000,9.4390128000,9.7170297000,9.5542881000,98685204,1407150715.0000,2,0.558612,1,1.703300,0
2011-04-06,sh.600036,9.7644960000,10.0899792000,9.7644960000,10.0425129000,9.7170297000,171762544,2530008678.0000,2,0.972270,1,3.349600,0
2011-04-07,sh.600036,10.0357320000,10.1171028000,9.9679230000,10.0357320000,10.0425129000,102646536,1521323469.0000,2,0.581036,1,-0.067500,0
2011-04-08,sh.600036,10.0221702000,10.1374455000,9.9747039000,10.1171028000,10.0357320000,67797483,1007369138.0000,2,0.383771,1,0.810800,0
2011-04-11,sh.600036,10.1035410000,10.3747770000,10.1035410000,10.1577882000,10.1171028000,138954905,2099312100.0000,2,0.786561,1,0.402100,0
2011-04-12,sh.600036,10.1238837000,10.2459399000,9.9882657000,10.0425129000,10.1577882000,70720022,1051558709.0000,2,0.400314,1,-1.134800,0
2011-04-13,sh.600036,9.9679230000,10.4019006000,9.9679230000,10.3883388000,10.0425129000,111569263,1676616860.0000,2,0.631543,1,3.443600,0
2011-04-14,sh.600036,10.4154624000,10.5307377000,10.3408725000,10.3815579000,10.3883388000,123436353,1902494388.0000,2,0.698718,1,-0.065300,0
2011-04-15,sh.600036,10.3001871000,10.4697096000,10.2052545000,10.2934062000,10.3815579000,70726484,1076534796.0000,2,0.400351,1,-0.849100,0
2011-04-18,sh.600036,10.2120354000,10.3408725000,10.1713500000,10.2527208000,10.2934062000,62573078,944076053.0000,2,0.354198,1,-0.395300,0
2011-04-19,sh.600036,10.1781309000,10.2323781000,10.0357320000,10.0560747000,10.2527208000,62974060,939570353.0000,2,0.356468,1,-1.918000,0
2011-04-20,sh.600036,10.0831983000,10.1442264000,9.8390859000,9.9407994000,10.0560747000,77533288,1138480608.0000,2,0.438881,1,-1.146300,0
2011-04-21,sh.600036,9.9814848000,10.0560747000,9.8865522000,9.9340185000,9.9407994000,66416892,974818178.0000,2,0.375956,1,-0.068200,0
2011-04-22,sh.600036,9.9272376000,10.0153893000,9.8458668000,9.9340185000,9.9340185000,35329791,517354335.0000,2,0.199986,1,0.000000,0
2011-04-25,sh.600036,9.8933331000,10.0967601000,9.8390859000,9.9272376000,9.9340185000,72494091,1063584476.0000,2,0.410356,1,-0.068300,0
2011-04-26,sh.600036,9.9611421000,10.0357320000,9.9001140000,9.9747039000,9.9272376000,74674894,1098458522.0000,2,0.422701,1,0.478100,0
2011-04-27,sh.600036,10.0086084000,10.1374455000,9.7984005000,9.8662095000,9.9747039000,76664686,1129952514.0000,2,0.433964,1,-1.087700,0
2011-04-28,sh.600036,9.9204567000,10.1713500000,9.9001140000,9.9543612000,9.8662095000,81865272,1211753376.0000,2,0.463402,1,0.893500,0
2011-04-29,sh.600036,10.0018275000,10.0289511000,9.5610690000,9.8051814000,9.9543612000,85810795,1238689420.0000,2,0.485736,1,-1.498600,0
2011-05-03,sh.600036,9.8255241000,9.8662095000,9.7034679000,9.7780578000,9.8051814000,31127794,449474310.0000,2,0.176200,1,-0.276600,0
2011-05-04,sh.600036,9.7373724000,9.8323050000,9.4932600000,9.5271645000,9.7780578000,69988429,992114005.0000,2,0.396173,1,-2.565900,0
2011-05-05,sh.600036,9.5068218000,9.6424398000,9.4457937000,9.5610690000,9.5271645000,52612078,739726859.0000,2,0.297813,1,0.355900,0
2011-05-06,sh.600036,9.4932600000,9.6356589000,9.3915465000,9.5203836000,9.5610690000,53093178,746452761.0000,2,0.300537,1,-0.425500,0
2011-05-09,sh.600036,9.5475072000,9.5881926000,9.4593555000,9.4932600000,9.5203836000,27751487,389755951.0000,2,0.157089,1,-0.284900,0
2011-05-10,sh.600036,9.5271645000,9.6695634000,9.4525746000,9.6017544000,9.4932600000,29700356,419991542.0000,2,0.168120,1,1.142900,0
2011-05-11,sh.600036,9.6153162000,9.6288780000,9.4932600000,9.5136027000,9.6017544000,24115193,339926611.0000,2,0.136505,1,-0.918100,0
2011-05-12,sh.600036,9.4796982000,9.5339454000,9.4254510000,9.4457937000,9.5136027000,27520333,384622461.0000,2,0.155780,1,-0.712800,0
2011-05-13,sh.600036,9.4322319000,9.5542881000,9.3644229000,9.5339454000,9.4457937000,39527551,550546465.0000,2,0.223748,1,0.933200,0
2011-05-16,sh.600036,9.4796982000,9.6288780000,9.3915465000,9.4118892000,9.5339454000,39913981,560148269.0000,2,0.225935,1,-1.280200,0
2011-05-17,sh.600036,9.4118892000,9.5949735000,9.3305184000,9.5339454000,9.4118892000,38671729,541013968.0000,2,0.218903,1,1.296800,0
2011-05-18,sh.600036,9.5000409000,9.7577151000,9.4932600000,9.6966870000,9.5339454000,45618885,651189333.0000,2,0.258228,1,1.707000,0
2011-05-19,sh.600036,9.7170297000,9.7441533000,9.6492207000,9.6492207000,9.6966870000,29830448,426866572.0000,2,0.168857,1,-0.489500,0
2011-05-20,sh.600036,9.6220971000,9.7848387000,9.5949735000,9.6763443000,9.6492207000,44220595,633299261.0000,2,0.250313,1,0.281100,0
2011-05-23,sh.600036,9.6288780000,9.6492207000,9.3508611000,9.4322319000,9.6763443000,43292355,605028229.0000,2,0.245058,1,-2.522800,0
2011-05-24,sh.600036,9.4051083000,9.4593555000,9.3644229000,9.3779847000,9.4322319000,32163362,446632783.0000,2,0.182062,1,-0.575100,0
2011-05-25,sh.600036,9.3644229000,9.4186701000,9.1949004000,9.2152431000,9.3779847000,32806921,450232875.0000,2,0.185705,1,-1.735400,0
2011-05-26,sh.600036,9.2966139000,9.3169566000,9.2084622000,9.2152431000,9.2152431000,26485989,361555061.0000,2,0.149925,1,0.000000,0
2011-05-27,sh.600036,9.2491476000,9.4457937000,9.2152431000,9.3508611000,9.2152431000,56367325,774696008.0000,2,0.319070,1,1.471700,0
2011-05-30,sh.600036,9.3508611000,9.3508611000,9.3508611000,9.3508611000,9.3508611000,0,0.0000,2,,0,0.000000,0
2011-05-31,sh.600036,9.3644229000,9.4457937000,9.2762712000,9.4322319000,9.3508611000,55729774,768496357.0000,2,0.315461,1,0.870200,0
2011-06-01,sh.600036,9.3915465000,9.4457937000,9.3372993000,9.3576420000,9.4322319000,38973263,539979450.0000,2,0.220610,1,-0.790800,0
2011-06-02,sh.600036,9.2830521000,9.2830521000,8.9168835000,8.9982543000,9.3576420000,122061736,1624942181.0000,2,0.690936,1,-3.840600,0
2011-06-03,sh.600036,9.0050352000,9.0931869000,8.9372262000,9.0728442000,8.9982543000,31611268,420003087.0000,2,0.178937,1,0.828900,0
2011-06-07,sh.600036,9.0321588000,9.1270914000,9.0050352000,9.0999678000,9.0728442000,22311387,298550842.0000,2,0.126295,1,0.299000,0
2011-06-08,sh.600036,9.1067487000,9.1067487000,8.8151700000,8.9711307000,9.0999678000,67581788,886466831.0000,2,0.382550,1,-1.415800,0
2011-06-09,sh.600036,8.9372262000,8.9507880000,8.7812655000,8.7880464000,8.9711307000,42846693,559478791.0000,2,0.242536,1,-2.040800,0
2011-06-10,sh.600036,8.8643485800,8.8782208000,8.7603069300,8.8643485800,8.7880513700,38630287,491407552.0000,2,0.218669,1,0.868200,0
2011-06-13,sh.600036,8.8227319200,8.9822624500,8.7394986000,8.8990291300,8.8643485800,25278135,323139877.0000,2,0.143088,1,0.391200,0
2011-06-14,sh.600036,8.9129013500,9.0724318800,8.8990291300,8.9475819000,8.8990291300,42184394,546605055.0000,2,0.238787,1,0.545600,0
2011-06-15,sh.600036,8.9475819000,9.0169430000,8.8782208000,8.9059652400,8.9475819000,23284410,299419257.0000,2,0.131803,1,-0.465100,0
2011-06-16,sh.600036,8.8851569100,8.8920930200,8.7949874800,8.8296680300,8.9059652400,23380462,298141660.0000,2,0.132346,1,-0.856700,0
2011-06-17,sh.600036,8.8366041400,8.9406457900,8.8088597000,8.8296680300,8.8296680300,27880334,356450191.0000,2,0.157818,1,0.000000,0
2011-06-20,sh.600036,8.8643485800,8.9406457900,8.8088597000,8.8782208000,8.8296680300,26222004,335005374.0000,2,0.148431,1,0.549900,0
2011-06-21,sh.600036,8.9129013500,9.0238791100,8.8435402500,8.9683902300,8.8782208000,35087910,453801023.0000,2,0.198617,1,1.015600,0
2011-06-22,sh.600036,9.0030707800,9.0654957700,8.9545180100,8.9891985600,8.9683902300,27237836,353638988.0000,2,0.154181,1,0.232000,0
2011-06-23,sh.600036,8.9822624500,9.1556652000,8.9059652400,9.1071124300,8.9891985600,35041467,454936893.0000,2,0.198354,1,1.311700,0
2011-06-24,sh.600036,9.0654957700,9.3290679500,9.0446874400,9.2735790700,9.1071124300,86811462,1156433133.0000,2,0.491401,1,1.827900,0
2011-06-27,sh.600036,9.3290679500,9.3290679500,9.1626013100,9.2042179700,9.2735790700,46197664,614574624.0000,2,0.261504,1,-0.747900,0
2011-06-28,sh.600036,9.2319624100,9.2458346300,9.0169430000,9.1279207600,9.2042179700,53220606,696880338.0000,2,0.301258,1,-0.828900,0
2011-06-29,sh.600036,9.1279207600,9.1348568700,8.8782208000,8.9614541200,9.1279207600,79739903,1032977097.0000,2,0.451372,1,-1.823700,0
2011-06-30,sh.600036,8.9891985600,9.1209846500,8.9337096800,9.0308152200,8.9614541200,74071774,965357054.0000,2,0.419287,1,0.774000,0
2011-07-01,sh.600036,9.0585596600,9.0654957700,8.8851569100,8.9614541200,9.0308152200,87298477,1127688463.0000,2,0.494157,1,-0.768000,0
2011-07-04,sh.600036,9.0100068900,9.2943874000,8.9891985600,9.2874512900,8.9614541200,96456029,1273450061.0000,2,0.545994,1,3.637800,0
2011-07-05,sh.600036,9.2874512900,9.3498762800,9.1695374200,9.2111540800,9.2874512900,56876051,758447132.0000,2,0.321950,1,-0.821500,0
2011-07-06,sh.600036,9.2111540800,9.2111540800,9.0377513300,9.1348568700,9.2111540800,52994901,695769032.0000,2,0.299980,1,-0.828300,0
2011-07-07,sh.600036,9.2666429600,9.3776207200,9.1279207600,9.1764735300,9.1348568700,114718104,1530107290.0000,2,0.649367,1,0.455600,0
2011-07-08,sh.600036,9.2180901900,9.3637485000,9.1764735300,9.3013235100,9.1764735300,59139178,790712407.0000,2,0.334760,1,1.360547,0
2011-07-11,sh.600036,9.2527707400,9.2527707400,9.1209846500,9.1695374200,9.3013235100,57881889,765076662.0000,2,0.327643,1,-1.416900,0
2011-07-12,sh.600036,9.0932402100,9.0932402100,8.9337096800,8.9891985600,9.1695374200,68064651,882644535.0000,2,0.385283,1,-1.966700,0
2011-07-13,sh.600036,9.0169430000,9.1140485400,8.9614541200,9.0724318800,8.9891985600,53137836,692721387.0000,2,0.300789,1,0.925900,0
2011-07-14,sh.600036,9.0724318800,9.1001763200,8.9406457900,9.0169430000,9.0724318800,71912105,933187330.0000,2,0.407062,1,-0.611600,0
2011-07-15,sh.600036,8.9614541200,9.0724318800,8.9475819000,9.0238791100,9.0169430000,41104105,534507791.0000,2,0.232672,1,0.076900,0
2011-07-18,sh.600036,9.0238791100,9.0793679900,8.9891985600,9.0030707800,9.0238791100,49088207,638579400.0000,2,0.277866,1,-0.230600,0
2011-07-19,sh.600036,8.9406457900,8.9545180100,8.8574124700,8.8782208000,9.0030707800,77469227,993779418.0000,2,0.438518,1,-1.386700,0
2011-07-20,sh.600036,8.9406457900,8.9475819000,8.8227319200,8.8366041400,8.8782208000,64859679,828288800.0000,2,0.367141,1,-0.468800,0
2011-07-21,sh.600036,8.8504763600,8.8782208000,8.7394986000,8.7603069300,8.8366041400,81932426,1036559246.0000,2,0.463783,1,-0.863400,0
2011-07-22,sh.600036,8.7811152600,8.7949874800,8.6770736100,8.7672430400,8.7603069300,57635787,726367603.0000,2,0.326250,1,0.079200,0
2011-07-25,sh.600036,8.7048180500,8.7256263800,8.5383514100,8.5522236300,8.7672430400,86236499,1071213058.0000,2,0.488146,1,-2.452500,0
2011-07-26,sh.600036,8.5660958500,8.6493291700,8.5106069700,8.5660958500,8.5522236300,50657725,626321665.0000,2,0.286751,1,0.162200,0
2011-07-27,sh.600036,8.5383514100,8.5591597400,8.4689903100,8.5036708600,8.5660958500,72612427,889699840.0000,2,0.411026,1,-0.728700,0
2011-07-28,sh.600036,8.4620542000,8.4620542000,8.3372042200,8.3580125500,8.5036708600,75489139,912401748.0000,2,0.427310,1,-1.712900,0
2011-07-29,sh.600036,8.3788208800,8.6632013900,8.3372042200,8.5660958500,8.3580125500,86750926,1063529528.0000,2,0.491058,1,2.489600,0
2011-08-01,sh.600036,8.5244791900,8.6007764000,8.4620542000,8.4897986400,8.5660958500,40604910,498769399.0000,2,0.229846,1,-0.890700,0
2011-08-02,sh.600036,8.4273736500,8.4759264200,8.3580125500,8.4551180900,8.4897986400,32337060,391831793.0000,2,0.183046,1,-0.408500,0
2011-08-03,sh.600036,8.4065653200,8.5522236300,8.3788208800,8.4412458700,8.4551180900,32229006,393209598.0000,2,0.182434,1,-0.164100,0
2011-08-04,sh.600036,8.4967347500,8.5730319600,8.3926931000,8.4135014300,8.4412458700,48333222,589377520.0000,2,0.273593,1,-0.328700,0
2011-08-05,sh.600036,8.2747792300,8.2747792300,8.1429931400,8.1638014700,8.4135014300,99245368,1174633433.0000,2,0.561783,1,-2.967800,0
2011-08-08,sh.600036,8.1083125900,8.1568653600,7.7961876400,7.9279737300,8.1638014700,94267059,1084623236.0000,2,0.533603,1,-2.888700,0
2011-08-09,sh.600036,7.7684432000,8.0112070500,7.6366571100,7.9834626100,7.9279737300,101535651,1149224884.0000,2,0.574748,1,0.699900,0
2011-08-10,sh.600036,8.1360570300,8.1429931400,7.9695903900,7.9903987200,7.9834626100,63088835,734433350.0000,2,0.357117,1,0.086900,0
2011-08-11,sh.600036,7.8724848500,8.1429931400,7.8378043000,8.0944403700,7.9903987200,60741780,704693543.0000,2,0.343832,1,1.302100,0
2011-08-12,sh.600036,8.1568653600,8.1568653600,8.0181431600,8.0597598200,8.0944403700,54753148,638384020.0000,2,0.309933,1,-0.428400,0
2011-08-15,sh.600036,8.0875042600,8.3649486600,8.0181431600,8.3163958900,8.0597598200,94709016,1119030670.0000,2,0.536105,1,3.184200,0
2011-08-16,sh.600036,8.3094597800,8.4481819800,8.2400986800,8.2886514500,8.3163958900,68912448,829459598.0000,2,0.390082,1,-0.333600,0
2011-08-17,sh.600036,8.3163958900,8.3441403300,8.2331625700,8.2678431200,8.2886514500,36353050,434332839.0000,2,0.205778,1,-0.251000,0
2011-08-18,sh.600036,8.2678431200,8.3094597800,8.0458876000,8.0666959300,8.2678431200,32681206,385913747.0000,2,0.184994,1,-2.432900,0
2011-08-19,sh.600036,7.9626542800,8.0389514900,7.9418459500,7.9765265000,8.0666959300,36594769,421094239.0000,2,0.207146,1,-1.117800,0
2011-08-22,sh.600036,7.9695903900,8.1568653600,7.9487820600,8.0181431600,7.9765265000,36486105,421945758.0000,2,0.206531,1,0.521700,0
2011-08-23,sh.600036,8.0389514900,8.1707375800,8.0042709400,8.1638014700,8.0181431600,34187388,399552754.0000,2,0.193519,1,1.816600,0
2011-08-24,sh.600036,8.2054181300,8.2747792300,8.0666959300,8.0736320400,8.1638014700,32098712,378951979.0000,2,0.181696,1,-1.104500,0
2011-08-25,sh.600036,8.1291209200,8.4967347500,8.1221848100,8.4412458700,8.0736320400,127237561,1533060422.0000,2,0.720234,1,4.553300,0
2011-08-26,sh.600036,8.3718847700,8.4412458700,8.3302681100,8.4065653200,8.4412458700,40715866,492170073.0000,2,0.230474,1,-0.410848,0
2011-08-29,sh.600036,8.2955875600,8.2955875600,8.1013764800,8.1638014700,8.4065653200,72255195,850133401.0000,2,0.409004,1,-2.887800,0
2011-08-30,sh.600036,8.1915459100,8.3649486600,8.1568653600,8.1776736900,8.1638014700,58796976,699691494.0000,2,0.332823,1,0.169900,0
2011-08-31,sh.600036,8.1984820200,8.3094597800,8.1499292500,8.2192903500,8.1776736900,36813860,436809527.0000,2,0.208387,1,0.508900,0
2011-09-01,sh.600036,8.2262264600,8.3926931000,8.2262264600,8.3372042200,8.2192903500,51720969,620439687.0000,2,0.292769,1,1.434600,0
2011-09-02,sh.600036,8.3163958900,8.3441403300,8.1776736900,8.2609070100,8.3372042200,31700081,377145835.0000,2,0.179440,1,-0.915100,0
2011-09-05,sh.600036,8.1846098000,8.2262264600,8.0736320400,8.1152487000,8.2609070100,36752729,431142237.0000,2,0.208041,1,-1.763200,0
2011-09-06,sh.600036,8.0250792700,8.1568653600,7.9695903900,8.0458876000,8.1152487000,41800911,484724372.0000,2,0.236616,1,-0.854700,0
2011-09-07,sh.600036,8.0805681500,8.2470347900,8.0666959300,8.2054181300,8.0458876000,39818759,469015201.0000,2,0.225396,1,1.982800,0
2011-09-08,sh.600036,8.2539709000,8.2747792300,8.1776736900,8.1915459100,8.2054181300,28011338,332240906.0000,2,0.158560,1,-0.169057,0
2011-09-09,sh.600036,8.1915459100,8.1915459100,8.1915459100,8.1915459100,8.1915459100,0,0.0000,2,,0,0.000000,0
2011-09-13,sh.600036,8.1013764800,8.1360570300,8.0320153800,8.0805681500,8.1915459100,32540834,379196428.0000,2,0.184199,1,-1.354800,0
2011-09-14,sh.600036,8.1152487000,8.1429931400,7.9557181700,8.0528237100,8.0805681500,33319946,386832040.0000,2,0.188609,1,-0.343300,0
2011-09-15,sh.600036,8.0805681500,8.1568653600,8.0320153800,8.0389514900,8.0528237100,26375197,307732293.0000,2,0.149298,1,-0.172300,0
2011-09-16,sh.600036,8.1152487000,8.1499292500,8.0181431600,8.0875042600,8.0389514900,35428141,413632562.0000,2,0.200543,1,0.604000,0
2011-09-19,sh.600036,8.0250792700,8.0458876000,7.9071654000,7.9279737300,8.0875042600,30138762,345454268.0000,2,0.170602,1,-1.972600,0
2011-09-20,sh.600036,7.9695903900,8.0112070500,7.8724848500,7.9349098400,7.9279737300,20500925,234604583.0000,2,0.116046,1,0.087500,0
2011-09-21,sh.600036,7.9418459500,8.1638014700,7.8863570700,8.1083125900,7.9349098400,47294267,550827539.0000,2,0.267712,1,2.185300,0
2011-09-22,sh.600036,8.0458876000,8.0736320400,7.8378043000,7.8586126300,8.1083125900,54084038,619022127.0000,2,0.306145,1,-3.079600,0
2011-09-23,sh.600036,7.7753793100,7.9002292900,7.6644015500,7.7753793100,7.8586126300,56306096,629316318.0000,2,0.318723,1,-1.059100,0
2011-09-26,sh.600036,7.7268265400,7.8378043000,7.5256793500,7.5603599000,7.7753793100,54069873,596926403.0000,2,0.306065,1,-2.765400,0
2011-09-27,sh.600036,7.6227848900,7.7337626500,7.5534237900,7.6644015500,7.5603599000,42284831,465927386.0000,2,0.239355,1,1.376100,0
2011-09-28,sh.600036,7.6990821000,7.7615070900,7.5881043400,7.6089126700,7.6644015500,24922199,275447804.0000,2,0.141073,1,-0.724000,0
2011-09-29,sh.600036,7.5603599000,7.6990821000,7.5118071300,7.6574654400,7.6089126700,43731502,480333234.0000,2,0.247544,1,0.638100,0
2011-09-30,sh.600036,7.6574654400,7.8100598600,7.6435932200,7.6713376600,7.6574654400,51005396,568221987.0000,2,0.288719,1,0.181200,0
2011-10-10,sh.600036,7.6713376600,7.7268265400,7.5672960100,7.6227848900,7.6713376600,26532950,292021371.0000,2,0.150191,1,-0.632900,0
2011-10-11,sh.600036,7.8863570700,7.9418459500,7.6574654400,7.7615070900,7.6227848900,72460591,818837126.0000,2,0.410167,1,1.819800,0
2011-10-12,sh.600036,7.7060182100,8.1013764800,7.6921459900,8.0250792700,7.7615070900,82798745,952485525.0000,2,0.468686,1,3.395900,0
2011-10-13,sh.600036,8.0181431600,8.0805681500,7.9210376200,8.0597598200,8.0250792700,53681928,621393830.0000,2,0.303869,1,0.432200,0
2011-10-14,sh.600036,8.0320153800,8.1499292500,7.9349098400,8.1013764800,8.0597598200,47011524,545351886.0000,2,0.266111,1,0.516400,0
2011-10-17,sh.600036,8.1083125900,8.3094597800,8.0944403700,8.2400986800,8.1013764800,63249728,750162930.0000,2,0.358028,1,1.712300,0
2011-10-18,sh.600036,8.1638014700,8.2192903500,7.9834626100,8.0250792700,8.2400986800,40850481,476284157.0000,2,0.231236,1,-2.609400,0
2011-10-19,sh.600036,8.0528237100,8.1429931400,8.0181431600,8.0736320400,8.0250792700,27212250,316792188.0000,2,0.154036,1,0.605000,0
2011-10-20,sh.600036,8.0112070500,8.0875042600,7.9141015100,7.9834626100,8.0736320400,43347713,499537954.0000,2,0.245372,1,-1.116800,0
2011-10-21,sh.600036,8.0112070500,8.1499292500,7.9418459500,8.0805681500,7.9834626100,42296760,492703992.0000,2,0.239423,1,1.216300,0
2011-10-24,sh.600036,8.1221848100,8.3580125500,8.0736320400,8.3580125500,8.0805681500,80177363,955623033.0000,2,0.453848,1,3.433500,0
2011-10-25,sh.600036,8.3441403300,8.4620542000,8.2331625700,8.4135014300,8.3580125500,86241769,1038634740.0000,2,0.488176,1,0.663900,0
2011-10-26,sh.600036,8.3788208800,8.4481819800,8.3163958900,8.3441403300,8.4135014300,74119112,896344575.0000,2,0.419555,1,-0.824400,0
2011-10-27,sh.600036,8.3996292100,8.4897986400,8.3163958900,8.4204375400,8.3441403300,44089854,535015385.0000,2,0.249573,1,0.914400,0
2011-10-28,sh.600036,8.5314153000,8.7048180500,8.4967347500,8.5591597400,8.4204375400,91980726,1140038015.0000,2,0.520661,1,1.647400,0
2011-10-31,sh.600036,8.5383514100,8.5660958500,8.3580125500,8.3926931000,8.5591597400,50913577,618593510.0000,2,0.288199,1,-1.944900,0
2011-11-01,sh.600036,8.3441403300,8.6146486200,8.3302681100,8.4273736500,8.3926931000,53255989,651811615.0000,2,0.301458,1,0.413200,0
2011-11-02,sh.600036,8.3233320000,8.5938402900,8.2955875600,8.5869041800,8.4273736500,47261457,576343263.0000,2,0.267526,1,1.893000,0
2011-11-03,sh.600036,8.6354569500,8.6354569500,8.4481819800,8.4551180900,8.5869041800,59635946,731536444.0000,2,0.337572,1,-1.534700,0
2011-11-04,sh.600036,8.5660958500,8.5938402900,8.4412458700,8.5036708600,8.4551180900,37279003,457164456.0000,2,0.211020,1,0.574200,0
2011-11-07,sh.600036,8.4967347500,8.4967347500,8.3510764400,8.3788208800,8.5036708600,26839159,325681251.0000,2,0.151924,1,-1.468200,0
2011-11-08,sh.600036,8.3580125500,8.4481819800,8.3302681100,8.3996292100,8.3788208800,30281583,366721321.0000,2,0.171410,1,0.248300,0
2011-11-09,sh.600036,8.4273736500,8.4967347500,8.3441403300,8.4620542000,8.3996292100,27911337,338819595.0000,2,0.157993,1,0.743200,0
2011-11-10,sh.600036,8.3788208800,8.4343097600,8.2747792300,8.2955875600,8.4620542000,40678420,488989720.0000,2,0.230262,1,-1.967200,0
2011-11-11,sh.600036,8.2886514500,8.3580125500,8.1846098000,8.2400986800,8.2955875600,30271359,360964855.0000,2,0.171353,1,-0.668900,0
2011-11-14,sh.600036,8.3094597800,8.4273736500,8.2747792300,8.3649486600,8.2400986800,31694809,381405957.0000,2,0.179410,1,1.515200,0
2011-11-15,sh.600036,8.3580125500,8.3580125500,8.2678431200,8.2955875600,8.3649486600,23329648,279112574.0000,2,0.132059,1,-0.829200,0
2011-11-16,sh.600036,8.2747792300,8.2886514500,8.0112070500,8.0736320400,8.2955875600,56229305,659454196.0000,2,0.318289,1,-2.675600,0
2011-11-17,sh.600036,8.0736320400,8.0944403700,8.0042709400,8.0181431600,8.0736320400,33839571,392361680.0000,2,0.191551,1,-0.687300,0
2011-11-18,sh.600036,7.9834626100,8.0736320400,7.8794209600,7.9279737300,8.0181431600,35568970,408315723.0000,2,0.201340,1,-1.124600,0
2011-11-21,sh.600036,7.9349098400,7.9626542800,7.8378043000,7.9210376200,7.9279737300,20878720,237493157.0000,2,0.118185,1,-0.087500,0
2011-11-22,sh.600036,7.8932931800,8.0250792700,7.8794209600,8.0112070500,7.9210376200,28585633,328534176.0000,2,0.161810,1,1.138400,0
2011-11-23,sh.600036,8.0250792700,8.0389514900,7.8794209600,7.9695903900,8.0112070500,27610351,316909599.0000,2,0.156290,1,-0.519500,0
2011-11-24,sh.600036,7.9071654000,8.0736320400,7.9071654000,8.0320153800,7.9695903900,32639601,377008696.0000,2,0.184758,1,0.783300,0
2011-11-25,sh.600036,8.0458876000,8.0458876000,7.9349098400,7.9626542800,8.0320153800,20753822,238738591.0000,2,0.117478,1,-0.863600,0
2011-11-28,sh.600036,7.9903987200,8.0458876000,7.9141015100,7.9487820600,7.9626542800,25095237,288372198.0000,2,0.142053,1,-0.174200,0
2011-11-29,sh.600036,7.9973348300,8.0389514900,7.9418459500,8.0181431600,7.9487820600,25737215,296483398.0000,2,0.145687,1,0.872600,0
2011-11-30,sh.600036,7.9765265000,8.0112070500,7.7545709800,7.7753793100,8.0181431600,36208630,410497595.0000,2,0.204961,1,-3.027700,0
2011-12-01,sh.600036,8.0458876000,8.2747792300,8.0112070500,8.0805681500,7.7753793100,99629479,1166590331.0000,2,0.563958,1,3.925100,0
2011-12-02,sh.600036,8.0320153800,8.1776736900,8.0042709400,8.1429931400,8.0805681500,38206199,446493084.0000,2,0.216268,1,0.772500,0
2011-12-05,sh.600036,8.1568653600,8.2886514500,8.0597598200,8.2331625700,8.1429931400,51948409,615599561.0000,2,0.294057,1,1.107300,0
2011-12-06,sh.600036,8.2192903500,8.2886514500,8.1499292500,8.1568653600,8.2331625700,34166000,404861202.0000,2,0.193398,1,-0.926700,0
2011-12-07,sh.600036,8.1707375800,8.3094597800,8.1499292500,8.2470347900,8.1568653600,44383860,527973519.0000,2,0.251237,1,1.105400,0
2011-12-08,sh.600036,8.2678431200,8.3302681100,8.2054181300,8.2539709000,8.2470347900,40248343,480143967.0000,2,0.227828,1,0.084100,0
2011-12-09,sh.600036,8.1846098000,8.3094597800,8.1846098000,8.2539709000,8.2539709000,35782723,426101035.0000,2,0.202550,1,0.000000,0
2011-12-12,sh.600036,8.2539709000,8.3372042200,8.1984820200,8.3094597800,8.2539709000,32076098,383094904.0000,2,0.181568,1,0.672300,0
2011-12-13,sh.600036,8.2955875600,8.3233320000,8.0458876000,8.0875042600,8.3094597800,51058775,602149216.0000,2,0.289021,1,-2.671100,0
2011-12-14,sh.600036,8.0805681500,8.2054181300,8.0112070500,8.1013764800,8.0875042600,30408111,356305057.0000,2,0.172127,1,0.171500,0
2011-12-15,sh.600036,8.0805681500,8.1568653600,7.9071654000,7.9141015100,8.1013764800,43356655,502325991.0000,2,0.245422,1,-2.311600,0
2011-12-16,sh.600036,7.9071654000,8.1083125900,7.8724848500,8.0597598200,7.9141015100,45706808,525062414.0000,2,0.258726,1,1.840500,0
2011-12-19,sh.600036,7.9626542800,8.1083125900,7.8169959700,8.0805681500,8.0597598200,38458276,440755770.0000,2,0.217695,1,0.258200,0
2011-12-20,sh.600036,8.0597598200,8.2470347900,8.0389514900,8.0666959300,8.0805681500,41819193,491358962.0000,2,0.236720,1,-0.171700,0
2011-12-21,sh.600036,8.1499292500,8.2955875600,8.0250792700,8.0389514900,8.0666959300,39698385,468446039.0000,2,0.224715,1,-0.343900,0
2011-12-22,sh.600036,8.0458876000,8.1499292500,7.9418459500,8.1152487000,8.0389514900,41291440,479151496.0000,2,0.233732,1,0.949100,0
2011-12-23,sh.600036,8.1013764800,8.2262264600,8.0389514900,8.1083125900,8.1152487000,35267900,413821885.0000,2,0.199636,1,-0.085500,0
2011-12-26,sh.600036,8.0458876000,8.1846098000,8.0112070500,8.0944403700,8.1083125900,26645492,311157318.0000,2,0.150828,1,-0.171100,0
2011-12-27,sh.600036,8.0944403700,8.1568653600,8.0597598200,8.1083125900,8.0944403700,32255697,377531963.0000,2,0.182585,1,0.171400,0
2011-12-28,sh.600036,8.0944403700,8.1568653600,7.9279737300,8.0112070500,8.1083125900,47014189,544702222.0000,2,0.266126,1,-1.197600,0
2011-12-29,sh.600036,7.9973348300,8.1083125900,7.9557181700,8.0875042600,8.0112070500,31900991,369450306.0000,2,0.180577,1,0.952400,0
2011-12-30,sh.600036,8.1221848100,8.2955875600,8.1221848100,8.2331625700,8.0875042600,42877370,509489814.0000,2,0.242709,1,1.801000,0
2012-01-04,sh.600036,8.2886514500,8.3926931000,8.0666959300,8.0944403700,8.2331625700,52260617,620703189.0000,2,0.295824,1,-1.684900,0
2012-01-05,sh.600036,8.1152487000,8.3857569900,8.0944403700,8.2609070100,8.0944403700,84084702,1006814678.0000,2,0.475966,1,2.056600,0
2012-01-06,sh.600036,8.2747792300,8.3857569900,8.2192903500,8.3163958900,8.2609070100,54038134,646295130.0000,2,0.305886,1,0.671700,0
2012-01-09,sh.600036,8.3094597800,8.6701375000,8.2539709000,8.5869041800,8.3163958900,96002009,1181631414.0000,2,0.543424,1,3.252700,0
2012-01-10,sh.600036,8.5869041800,8.7464347100,8.4828625300,8.7117541600,8.5869041800,89204562,1114071706.0000,2,0.504947,1,1.454000,0
2012-01-11,sh.600036,8.7117541600,8.7741791500,8.6077125100,8.6632013900,8.7117541600,38787032,484750529.0000,2,0.219556,1,-0.557300,0
2012-01-12,sh.600036,8.6493291700,8.8435402500,8.6146486200,8.7533708200,8.6632013900,41419321,522004928.0000,2,0.234456,1,1.040800,0
2012-01-13,sh.600036,8.7325624900,8.8157958100,8.5660958500,8.6632013900,8.7533708200,48155120,603520214.0000,2,0.272584,1,-1.030100,0
2012-01-16,sh.600036,8.6493291700,8.7256263800,8.5799680700,8.5938402900,8.6632013900,33593205,418936947.0000,2,0.190156,1,-0.800600,0
2012-01-17,sh.600036,8.6354569500,8.8782208000,8.4273736500,8.8643485800,8.5938402900,80951394,1012433208.0000,2,0.458229,1,3.147700,0
2012-01-18,sh.600036,8.8088597000,8.8574124700,8.6215847300,8.6840097200,8.8643485800,61443583,772296685.0000,2,0.347804,1,-2.034400,0
2012-01-19,sh.600036,8.6840097200,8.8990291300,8.6701375000,8.8088597000,8.6840097200,65060332,826982921.0000,2,0.368277,1,1.437700,0
2012-01-20,sh.600036,8.8712846900,9.0169430000,8.8157958100,9.0169430000,8.8088597000,74054727,954640989.0000,2,0.419190,1,2.362200,0
2012-01-30,sh.600036,9.0100068900,9.0169430000,8.8019235900,8.8088597000,9.0169430000,52378368,671158256.0000,2,0.296490,1,-2.307700,0
2012-01-31,sh.600036,8.8088597000,8.8712846900,8.6978819400,8.7741791500,8.8088597000,30535747,386591229.0000,2,0.172849,1,-0.393700,0
2012-02-01,sh.600036,8.7672430400,8.8019235900,8.6215847300,8.6493291700,8.7741791500,40128600,502870456.0000,2,0.227150,1,-1.422900,0
2012-02-02,sh.600036,8.6770736100,8.9337096800,8.6285208400,8.9267735700,8.6493291700,58651509,744135901.0000,2,0.332000,1,3.207700,0
2012-02-03,sh.600036,8.8990291300,9.0863041000,8.8504763600,9.0030707800,8.9267735700,65138894,845123303.0000,2,0.368722,1,0.854700,0
2012-02-06,sh.600036,9.0100068900,9.0585596600,8.8296680300,8.9198374600,9.0030707800,56054581,721459232.0000,2,0.317300,1,-0.924500,0
2012-02-07,sh.600036,8.8574124700,8.9129013500,8.7672430400,8.8296680300,8.9198374600,33547056,427096303.0000,2,0.189895,1,-1.010900,0
2012-02-08,sh.600036,8.8088597000,9.0516235500,8.7949874800,9.0100068900,8.8296680300,43796313,565073307.0000,2,0.247911,1,2.042400,0
2012-02-09,sh.600036,9.0030707800,9.0585596600,8.9129013500,9.0100068900,9.0100068900,43379991,562029588.0000,2,0.245555,1,0.000000,0
2012-02-10,sh.600036,8.9614541200,9.0308152200,8.8782208000,8.9406457900,9.0100068900,50538733,652053650.0000,2,0.286077,1,-0.769800,0
2012-02-13,sh.600036,8.8088597000,8.9337096800,8.7117541600,8.8019235900,8.9406457900,57035047,726978981.0000,2,0.322850,1,-1.551600,0
2012-02-14,sh.600036,8.7949874800,8.8019235900,8.7186902700,8.7811152600,8.8019235900,44728209,564126713.0000,2,0.253186,1,-0.236400,0
2012-02-15,sh.600036,8.7464347100,8.8782208000,8.7117541600,8.7949874800,8.7811152600,48476492,615152835.0000,2,0.274404,1,0.158000,0
2012-02-16,sh.600036,8.8088597000,8.8782208000,8.7394986000,8.7672430400,8.7949874800,48574036,615538999.0000,2,0.274956,1,-0.315500,0
2012-02-17,sh.600036,8.8574124700,8.8643485800,8.7811152600,8.8157958100,8.7672430400,27399853,348684564.0000,2,0.155098,1,0.553800,0
2012-02-20,sh.600036,8.9753263400,8.9822624500,8.7949874800,8.8019235900,8.8157958100,49654691,635441465.0000,2,0.281073,1,-0.157400,0
2012-02-21,sh.600036,8.8157958100,8.8990291300,8.7672430400,8.8435402500,8.8019235900,38936418,496018030.0000,2,0.220402,1,0.472800,0
2012-02-22,sh.600036,8.8782208000,8.8782208000,8.7533708200,8.8643485800,8.8435402500,65585852,833270386.0000,2,0.371252,1,0.235300,0
2012-02-23,sh.600036,8.8643485800,8.8643485800,8.7880513700,8.8157958100,8.8643485800,65599268,833923558.0000,2,0.371328,1,-0.547700,0
2012-02-24,sh.600036,8.8157958100,8.9406457900,8.7741791500,8.9337096800,8.8157958100,89662443,1143936194.0000,2,0.507539,1,1.337500,0
2012-02-27,sh.600036,8.9475819000,9.0308152200,8.8782208000,8.8920930200,8.9337096800,88034299,1135169277.0000,2,0.498322,1,-0.465800,0
2012-02-28,sh.600036,8.9129013500,9.0308152200,8.9059652400,8.9753263400,8.8920930200,93061009,1203983392.0000,2,0.526776,1,0.936000,0
2012-02-29,sh.600036,8.9683902300,9.0030707800,8.8990291300,8.9267735700,8.9753263400,52017314,671363059.0000,2,0.294447,1,-0.541000,0
2012-03-01,sh.600036,8.9129013500,8.9891985600,8.9129013500,8.9545180100,8.9267735700,28275484,365423558.0000,2,0.160055,1,0.310800,0
2012-03-02,sh.600036,8.9545180100,9.0585596600,8.9267735700,9.0446874400,8.9545180100,60713474,788822636.0000,2,0.343672,1,1.007000,0
2012-03-05,sh.600036,9.0308152200,9.0654957700,8.9059652400,8.9267735700,9.0446874400,71204163,922752715.0000,2,0.403055,1,-1.303700,0
2012-03-06,sh.600036,8.9129013500,8.9129013500,8.7048180500,8.7256263800,8.9267735700,77847493,985947629.0000,2,0.440660,1,-2.253300,0
2012-03-07,sh.600036,8.6770736100,8.7325624900,8.6007764000,8.6077125100,8.7256263800,54436608,680404646.0000,2,0.308141,1,-1.351400,0
2012-03-08,sh.600036,8.6423930600,8.7186902700,8.6007764000,8.6423930600,8.6077125100,51348546,640558269.0000,2,0.290661,1,0.402900,0
2012-03-09,sh.600036,8.6770736100,8.7117541600,8.6077125100,8.6770736100,8.6423930600,50386244,629237238.0000,2,0.285214,1,0.401300,0
2012-03-12,sh.600036,8.6562652800,8.6770736100,8.5106069700,8.5660958500,8.6770736100,70869695,875848139.0000,2,0.401161,1,-1.279000,0
2012-03-13,sh.600036,8.5660958500,8.6770736100,8.5522236300,8.6493291700,8.5660958500,46724501,581687630.0000,2,0.264486,1,0.971700,0
2012-03-14,sh.600036,8.7117541600,8.7741791500,8.4897986400,8.5383514100,8.6493291700,95593639,1191708566.0000,2,0.541112,1,-1.283100,0
2012-03-15,sh.600036,8.5452875200,8.6354569500,8.4551180900,8.4759264200,8.5383514100,57476750,709688413.0000,2,0.325350,1,-0.731100,0
2012-03-16,sh.600036,8.4967347500,8.5452875200,8.3857569900,8.4759264200,8.4759264200,54969381,669730880.0000,2,0.311157,1,0.000000,0
2012-03-19,sh.600036,8.4759264200,8.4759264200,8.3510764400,8.4135014300,8.4759264200,54367340,659192747.0000,2,0.307749,1,-0.736500,0
2012-03-20,sh.600036,8.3926931000,8.4412458700,8.3025236700,8.3372042200,8.4135014300,54458748,655607045.0000,2,0.308266,1,-0.906800,0
2012-03-21,sh.600036,8.3857569900,8.3926931000,8.2747792300,8.3233320000,8.3372042200,44544964,534595722.0000,2,0.252149,1,-0.166400,0
2012-03-22,sh.600036,8.3233320000,8.4620542000,8.2817153400,8.3580125500,8.3233320000,36292537,437511567.0000,2,0.205436,1,0.416700,0
2012-03-23,sh.600036,8.3302681100,8.3788208800,8.2955875600,8.3580125500,8.3580125500,31958564,384506323.0000,2,0.180903,1,0.000000,0
2012-03-26,sh.600036,8.3718847700,8.4343097600,8.3302681100,8.3857569900,8.3580125500,41347179,500165874.0000,2,0.234048,1,0.332000,0
2012-03-27,sh.600036,8.4065653200,8.4343097600,8.3302681100,8.3441403300,8.3857569900,28724476,346579569.0000,2,0.162596,1,-0.496300,0
2012-03-28,sh.600036,8.3510764400,8.3788208800,8.1707375800,8.1846098000,8.3441403300,42069693,501731389.0000,2,0.238138,1,-1.911900,0
2012-03-29,sh.600036,8.1915459100,8.2886514500,8.1707375800,8.1984820200,8.1846098000,51308345,608219818.0000,2,0.290433,1,0.169500,0
2012-03-30,sh.600036,8.1984820200,8.2747792300,8.1707375800,8.2539709000,8.1984820200,39187875,465360707.0000,2,0.221825,1,0.676800,0
2012-04-05,sh.600036,8.2192903500,8.2886514500,8.0181431600,8.2123542400,8.2539709000,57405900,676640990.0000,2,0.324949,1,-0.504200,0
2012-04-06,sh.600036,8.2054181300,8.2331625700,8.1152487000,8.1915459100,8.2123542400,46468361,546423998.0000,2,0.263036,1,-0.253400,0
2012-04-09,sh.600036,8.1429931400,8.1707375800,8.0528237100,8.1013764800,8.1915459100,25074587,293312109.0000,2,0.141936,1,-1.100800,0
2012-04-10,sh.600036,8.1152487000,8.2262264600,8.0875042600,8.2054181300,8.1013764800,29250721,343351779.0000,2,0.165575,1,1.284200,0
2012-04-11,sh.600036,8.1499292500,8.2470347900,8.1152487000,8.1638014700,8.2054181300,41559167,489513051.0000,2,0.235248,1,-0.507200,0
2012-04-12,sh.600036,8.1707375800,8.3372042200,8.0944403700,8.3302681100,8.1638014700,64752612,768293175.0000,2,0.366535,1,2.039100,0
2012-04-13,sh.600036,8.3302681100,8.4065653200,8.2747792300,8.3233320000,8.3302681100,45910102,551302551.0000,2,0.259876,1,-0.083300,0
2012-04-16,sh.600036,8.2955875600,8.3372042200,8.2400986800,8.2678431200,8.3233320000,25471380,304097730.0000,2,0.144182,1,-0.666700,0
2012-04-17,sh.600036,8.2539709000,8.2886514500,8.1984820200,8.2192903500,8.2678431200,22383407,265972778.0000,2,0.126702,1,-0.587200,0
2012-04-18,sh.600036,8.2470347900,8.3372042200,8.1915459100,8.3302681100,8.2192903500,45899846,549010529.0000,2,0.259818,1,1.350200,0
2012-04-19,sh.600036,8.3233320000,8.3233320000,8.2609070100,8.2955875600,8.3302681100,45691192,546431735.0000,2,0.258637,1,-0.416300,0
2012-04-20,sh.600036,8.2747792300,8.4897986400,8.2678431200,8.4551180900,8.2955875600,92190483,1117374132.0000,2,0.521849,1,1.923100,0
2012-04-23,sh.600036,8.4551180900,8.4897986400,8.3649486600,8.3926931000,8.4551180900,38660794,469866487.0000,2,0.218841,1,-0.738300,0
2012-04-24,sh.600036,8.3926931000,8.7048180500,8.3788208800,8.5314153000,8.3926931000,95110505,1172356286.0000,2,0.538378,1,1.652900,0
2012-04-25,sh.600036,8.5106069700,8.6007764000,8.4759264200,8.5106069700,8.5314153000,51512921,633930858.0000,2,0.291591,1,-0.243900,0
2012-04-26,sh.600036,8.5383514100,8.5730319600,8.4065653200,8.4759264200,8.5106069700,36400008,445601888.0000,2,0.206044,1,-0.407500,0
2012-04-27,sh.600036,8.5244791900,8.5799680700,8.4135014300,8.4620542000,8.4759264200,35413878,432485756.0000,2,0.200462,1,-0.163700,0
2012-05-02,sh.600036,8.5660958500,8.6562652800,8.5314153000,8.6007764000,8.4620542000,71651380,887759044.0000,2,0.405586,1,1.639300,0
2012-05-03,sh.600036,8.6077125100,8.6285208400,8.5175430800,8.5660958500,8.6007764000,45998853,567916036.0000,2,0.260379,1,-0.403200,0
2012-05-04,sh.600036,8.5660958500,8.6493291700,8.4759264200,8.6077125100,8.5660958500,62054762,766768142.0000,2,0.351264,1,0.485800,0
2012-05-07,sh.600036,8.5383514100,8.6354569500,8.5314153000,8.6146486200,8.6077125100,64377121,795713525.0000,2,0.364410,1,0.080600,0
2012-05-08,sh.600036,8.6007764000,8.6354569500,8.5175430800,8.5799680700,8.6146486200,62407886,772462422.0000,2,0.353263,1,-0.402600,0
2012-05-09,sh.600036,8.5244791900,8.5244791900,8.3718847700,8.4065653200,8.5799680700,76685775,933525547.0000,2,0.434084,1,-2.021000,0
2012-05-10,sh.600036,8.4551180900,8.4551180900,8.3302681100,8.3996292100,8.4065653200,51752022,625641705.0000,2,0.292945,1,-0.082500,0
2012-05-11,sh.600036,8.3718847700,8.4343097600,8.3302681100,8.3372042200,8.3996292100,35395383,427334209.0000,2,0.200357,1,-0.743200,0
2012-05-14,sh.600036,8.4135014300,8.4343097600,8.2123542400,8.2470347900,8.3372042200,67202716,804800566.0000,2,0.380404,1,-1.081500,0
2012-05-15,sh.600036,8.2192903500,8.2470347900,8.1638014700,8.2123542400,8.2470347900,55255360,653203850.0000,2,0.312776,1,-0.420500,0
2012-05-16,sh.600036,8.1984820200,8.2123542400,8.0805681500,8.0944403700,8.2123542400,64746524,758737341.0000,2,0.366501,1,-1.435800,0
2012-05-17,sh.600036,8.1152487000,8.2054181300,8.0875042600,8.1776736900,8.0944403700,42466887,498658799.0000,2,0.240386,1,1.028300,0
2012-05-18,sh.600036,8.1291209200,8.1291209200,7.9973348300,8.0181431600,8.1776736900,68483829,794050301.0000,2,0.387656,1,-1.950800,0
2012-05-21,sh.600036,8.0320153800,8.0944403700,7.9973348300,8.0736320400,8.0181431600,46862803,544058576.0000,2,0.265269,1,0.692000,0
2012-05-22,sh.600036,8.1013764800,8.2054181300,8.0805681500,8.1915459100,8.0736320400,41172979,484634928.0000,2,0.233062,1,1.460500,0
2012-05-23,sh.600036,8.1776736900,8.1984820200,8.1152487000,8.1429931400,8.1915459100,38223073,449537352.0000,2,0.216364,1,-0.592700,0
2012-05-24,sh.600036,8.1360570300,8.1915459100,8.0528237100,8.0666959300,8.1429931400,46652779,547128969.0000,2,0.264080,1,-0.937000,0
2012-05-25,sh.600036,8.0805681500,8.1013764800,8.0320153800,8.0528237100,8.0666959300,30231103,350720897.0000,2,0.171125,1,-0.172000,0
2012-05-28,sh.600036,8.0597598200,8.1013764800,8.0042709400,8.0944403700,8.0528237100,59127181,686073338.0000,2,0.334692,1,0.516800,0
2012-05-29,sh.600036,8.0875042600,8.1915459100,8.0389514900,8.1707375800,8.0944403700,61386996,718537025.0000,2,0.347484,1,0.942600,0
2012-05-30,sh.600036,8.1707375800,8.1707375800,8.1707375800,8.1707375800,8.1707375800,0,0.0000,2,,0,0.000000,0
2012-05-31,sh.600036,8.0112070500,8.1013764800,8.0112070500,8.0875042600,8.1707375800,74554351,865981374.0000,2,0.422019,1,-1.018700,0
2012-06-01,sh.600036,8.1152487000,8.1360570300,8.0528237100,8.0944403700,8.0875042600,59686818,696135362.0000,2,0.337860,1,0.085800,0
2012-06-04,sh.600036,8.0250792700,8.0250792700,7.8863570700,7.9071654000,8.0944403700,77398721,887681099.0000,2,0.438119,1,-2.313600,0
2012-06-05,sh.600036,7.9279737300,8.0528237100,7.8932931800,8.0042709400,7.9071654000,62811449,722339047.0000,2,0.355547,1,1.228100,0
2012-06-06,sh.600036,8.0112070500,8.1221848100,8.0112070500,8.1013764800,8.0042709400,68970155,803030022.0000,2,0.390409,1,1.213200,0
2012-06-07,sh.600036,8.2164844400,8.2164844400,8.0869776800,8.0941725000,8.1013673200,48697205,550110889.0000,2,0.275653,1,-0.088800,0
2012-06-08,sh.600036,8.0438087600,8.0438087600,7.8135745200,7.8567434400,8.0941725000,106658264,1167267859.0000,2,0.603744,1,-2.933300,0
2012-06-11,sh.600036,7.8639382600,7.9071071800,7.8063797000,7.8783279000,7.8567434400,34551784,377823767.0000,2,0.195582,1,0.274700,0
2012-06-12,sh.600036,7.8567434400,7.8567434400,7.7056522200,7.7776004200,7.8783279000,47223603,510228270.0000,2,0.267312,1,-1.278500,0
2012-06-13,sh.600036,7.8063797000,7.8783279000,7.7632107800,7.8351589800,7.7776004200,38013211,413336534.0000,2,0.215176,1,0.740100,0
2012-06-14,sh.600036,7.8063797000,7.8495486200,7.7488211400,7.8135745200,7.8351589800,43619884,472733953.0000,2,0.246912,1,-0.275500,0
2012-06-15,sh.600036,7.8207693400,8.0366139400,7.8135745200,7.9502761000,7.8135745200,50297608,554896394.0000,2,0.284712,1,1.749500,0
2012-06-18,sh.600036,8.0222243000,8.0222243000,7.9286916400,7.9502761000,7.9502761000,26305041,291047336.0000,2,0.148901,1,0.000000,0
2012-06-19,sh.600036,7.9430812800,8.0006398400,7.8783279000,7.9071071800,7.9502761000,33400224,368734244.0000,2,0.189064,1,-0.543000,0
2012-06-20,sh.600036,7.9430812800,8.0006398400,7.8927175400,7.9358864600,7.9071071800,27268925,301067917.0000,2,0.154357,1,0.364000,0
2012-06-21,sh.600036,7.9358864600,7.9358864600,7.8135745200,7.8423538000,7.9358864600,23749957,259603768.0000,2,0.134438,1,-1.178600,0
2012-06-25,sh.600036,7.8351589800,7.9502761000,7.8207693400,7.9071071800,7.8423538000,54425437,598573025.0000,2,0.308078,1,0.825700,0
2012-06-26,sh.600036,7.8927175400,7.9574709200,7.8783279000,7.9071071800,7.9071071800,44724939,491873011.0000,2,0.253168,1,0.000000,0
2012-06-27,sh.600036,7.8855227200,7.9143020000,7.8207693400,7.8351589800,7.9071071800,29439687,321260686.0000,2,0.166645,1,-0.909900,0
2012-06-28,sh.600036,7.8495486200,7.8783279000,7.7776004200,7.7847952400,7.8351589800,33836490,368182347.0000,2,0.191533,1,-0.642800,0
2012-06-29,sh.600036,7.7919900600,7.9143020000,7.7560159600,7.8567434400,7.7847952400,38125964,414959831.0000,2,0.215814,1,0.924200,0
2012-07-02,sh.600036,7.8855227200,7.8855227200,7.7632107800,7.8063797000,7.8567434400,35434997,384038160.0000,2,0.200582,1,-0.641000,0
2012-07-03,sh.600036,7.8063797000,7.9071071800,7.7776004200,7.8351589800,7.8063797000,31607869,344822244.0000,2,0.178918,1,0.368700,0
2012-07-04,sh.600036,7.8639382600,7.9143020000,7.8279641600,7.8639382600,7.8351589800,25727176,281476904.0000,2,0.145630,1,0.367300,0
2012-07-05,sh.600036,7.8495486200,7.8783279000,7.7704056000,7.8063797000,7.8639382600,29503142,320276245.0000,2,0.167004,1,-0.731900,0
2012-07-06,sh.600036,7.6337040200,7.6552884800,7.5257817200,7.6049247400,7.8063797000,121860231,1284039859.0000,2,0.689796,1,-2.580600,0
2012-07-09,sh.600036,7.5689506400,7.5689506400,7.2092096400,7.3027423000,7.6049247400,134789522,1380906463.0000,2,0.762983,1,-3.973500,0
2012-07-10,sh.600036,7.2955474800,7.3387164000,7.2451837400,7.3099371200,7.3027423000,47869636,485118762.0000,2,0.270968,1,0.098500,0
2012-07-11,sh.600036,7.3027423000,7.3099371200,7.1804303600,7.2379889200,7.3099371200,50451462,507063597.0000,2,0.285583,1,-0.984300,0
2012-07-12,sh.600036,7.2379889200,7.2883526600,7.1156769800,7.2595733800,7.2379889200,81043606,809607588.0000,2,0.458751,1,0.298200,0
2012-07-13,sh.600036,7.2451837400,7.3603008600,7.1948200000,7.3171319400,7.2595733800,46206288,468712542.0000,2,0.261553,1,0.792900,0
2012-07-16,sh.600036,7.3315215800,7.3890801400,7.2379889200,7.2523785600,7.3171319400,45861210,465617630.0000,2,0.259600,1,-0.885000,0
2012-07-17,sh.600036,7.2523785600,7.3243267600,7.2451837400,7.3171319400,7.2523785600,29134030,295683245.0000,2,0.164915,1,0.892900,0
2012-07-18,sh.600036,7.3243267600,7.3243267600,7.2020148200,7.2739630200,7.3171319400,34429185,346515677.0000,2,0.194888,1,-0.590000,0
2012-07-19,sh.600036,7.2739630200,7.3027423000,7.2235992800,7.2667682000,7.2739630200,44505822,449753597.0000,2,0.251927,1,-0.098900,0
2012-07-20,sh.600036,7.2595733800,7.2667682000,7.1660407200,7.1876251800,7.2667682000,48634283,486155924.0000,2,0.275297,1,-1.089100,0
2012-07-23,sh.600036,7.1516510800,7.1516510800,6.8998323800,6.9717805800,7.1876251800,78708705,763923571.0000,2,0.445534,1,-3.003000,0
2012-07-24,sh.600036,6.9358064800,6.9861702200,6.8638582800,6.8998323800,6.9717805800,59762139,574182443.0000,2,0.338287,1,-1.032000,0
2012-07-25,sh.600036,6.8854427400,6.9430013000,6.8638582800,6.8926375600,6.8998323800,29141798,279943231.0000,2,0.164959,1,-0.104300,0
2012-07-26,sh.600036,6.8998323800,6.9573909400,6.8854427400,6.8998323800,6.8926375600,29695836,285606220.0000,2,0.168095,1,0.104400,0
2012-07-27,sh.600036,6.9214168400,7.0940925200,6.9214168400,7.0149495000,6.8998323800,53176024,518372376.0000,2,0.301005,1,1.668400,0
2012-07-30,sh.600036,7.0509236000,7.1372614400,7.0149495000,7.0581184200,7.0149495000,41689292,409827972.0000,2,0.235984,1,0.615400,0
2012-07-31,sh.600036,7.0868977000,7.1732355400,7.0797028800,7.1372614400,7.0581184200,41597059,412950989.0000,2,0.235462,1,1.121300,0
2012-08-01,sh.600036,7.1372614400,7.1948200000,7.0940925200,7.1732355400,7.1372614400,47866222,475037527.0000,2,0.270949,1,0.504000,0
2012-08-02,sh.600036,7.1660407200,7.2451837400,7.1444562600,7.2020148200,7.1732355400,41041273,410615261.0000,2,0.232316,1,0.401200,0
2012-08-03,sh.600036,7.2092096400,7.2379889200,7.1732355400,7.1948200000,7.2020148200,25274255,252693207.0000,2,0.143066,1,-0.099900,0
2012-08-06,sh.600036,7.1948200000,7.2451837400,7.1804303600,7.2020148200,7.1948200000,30987052,310238159.0000,2,0.175404,1,0.100000,0
2012-08-07,sh.600036,7.2020148200,7.2307941000,7.1804303600,7.1948200000,7.2020148200,24008549,240145157.0000,2,0.135902,1,-0.099900,0
2012-08-08,sh.600036,7.2020148200,7.2595733800,7.2020148200,7.2451837400,7.1948200000,28736017,289243530.0000,2,0.162662,1,0.700000,0
2012-08-09,sh.600036,7.2667682000,7.2667682000,7.1948200000,7.2523785600,7.2451837400,19473829,195833145.0000,2,0.110233,1,0.099300,0
2012-08-10,sh.600036,7.2667682000,7.3387164000,7.2595733800,7.3171319400,7.2523785600,27065385,275363371.0000,2,0.153205,1,0.892900,0
2012-08-13,sh.600036,7.2955474800,7.3387164000,7.2739630200,7.3027423000,7.3171319400,38715291,393494003.0000,2,0.219150,1,-0.196700,0
2012-08-14,sh.600036,7.3171319400,7.3674956800,7.2883526600,7.3171319400,7.3027423000,31553215,321051657.0000,2,0.178609,1,0.197000,0
2012-08-15,sh.600036,7.3171319400,7.3315215800,7.1444562600,7.1516510800,7.3171319400,39470371,394577962.0000,2,0.223424,1,-2.261600,0
2012-08-16,sh.600036,7.1156769800,7.1732355400,7.0868977000,7.1372614400,7.1516510800,19271916,190896620.0000,2,0.109090,1,-0.201200,0
2012-08-17,sh.600036,7.1372614400,7.2307941000,7.1300666200,7.2092096400,7.1372614400,22324063,223357073.0000,2,0.126366,1,1.008100,0
2012-08-20,sh.600036,7.1444562600,7.2092096400,7.0653132400,7.1084821600,7.2092096400,25097469,247692968.0000,2,0.142065,1,-1.397200,0
2012-08-21,sh.600036,7.1156769800,7.1516510800,7.0365339600,7.0581184200,7.1084821600,36439230,358531814.0000,2,0.206266,1,-0.708500,0
2012-08-22,sh.600036,7.0725080600,7.1228718000,7.0581184200,7.1156769800,7.0581184200,33324351,328191886.0000,2,0.188634,1,0.815500,0
2012-08-23,sh.600036,7.1228718000,7.1732355400,7.0868977000,7.1516510800,7.1156769800,36770363,365020417.0000,2,0.208140,1,0.505600,0
2012-08-24,sh.600036,7.1084821600,7.1876251800,7.1012873400,7.1372614400,7.1516510800,32882966,327024436.0000,2,0.186136,1,-0.201200,0
2012-08-27,sh.600036,7.1300666200,7.1516510800,7.0437287800,7.0940925200,7.1372614400,29524573,291275731.0000,2,0.167125,1,-0.604800,0
2012-08-28,sh.600036,7.0797028800,7.2451837400,7.0581184200,7.2020148200,7.0940925200,33101509,329951805.0000,2,0.187373,1,1.521300,0
2012-08-29,sh.600036,7.1948200000,7.2307941000,7.1804303600,7.2092096400,7.2020148200,25836174,258866506.0000,2,0.146247,1,0.099900,0
2012-08-30,sh.600036,7.1228718000,7.3027423000,7.1228718000,7.2883526600,7.2092096400,40629378,410070197.0000,2,0.229985,1,1.097801,0
2012-08-31,sh.600036,7.2883526600,7.3315215800,7.2451837400,7.2523785600,7.2883526600,29287124,297407357.0000,2,0.165781,1,-0.493600,0
2012-09-03,sh.600036,7.2379889200,7.2811578400,7.1948200000,7.2020148200,7.2523785600,37329440,374981802.0000,2,0.211305,1,-0.694400,0
2012-09-04,sh.600036,7.2020148200,7.2092096400,7.0509236000,7.0797028800,7.2020148200,43905130,434354544.0000,2,0.248527,1,-1.698300,0
2012-09-05,sh.600036,7.0797028800,7.0797028800,6.8854427400,6.9861702200,7.0797028800,62754362,606649296.0000,2,0.355224,1,-1.321100,0
2012-09-06,sh.600036,6.9573909400,7.0077546800,6.9286116600,7.0005598600,6.9861702200,39391305,381180126.0000,2,0.222976,1,0.206000,0
2012-09-07,sh.600036,7.0221443200,7.3243267600,7.0221443200,7.3099371200,7.0005598600,94580852,948096863.0000,2,0.535380,1,4.419300,0
2012-09-10,sh.600036,7.2883526600,7.3315215800,7.2092096400,7.2667682000,7.3099371200,53268227,537083135.0000,2,0.301527,1,-0.590600,0
2012-09-11,sh.600036,7.2523785600,7.2811578400,7.1948200000,7.2811578400,7.2667682000,34448599,346408412.0000,2,0.194998,1,0.198000,0
2012-09-12,sh.600036,7.3027423000,7.3531060400,7.2164044600,7.2811578400,7.2811578400,33366528,338007629.0000,2,0.188873,1,0.000000,0
2012-09-13,sh.600036,7.2739630200,7.3387164000,7.2020148200,7.2811578400,7.2811578400,42635812,431742856.0000,2,0.241342,1,0.000000,0
2012-09-14,sh.600036,7.3027423000,7.4322490600,7.2955474800,7.3746905000,7.2811578400,57192156,585483247.0000,2,0.323739,1,1.284600,0
2012-09-17,sh.600036,7.3746905000,7.3818853200,7.2739630200,7.2883526600,7.3746905000,47185018,480998604.0000,2,0.267093,1,-1.170700,0
2012-09-18,sh.600036,7.2667682000,7.2667682000,7.1660407200,7.1876251800,7.2883526600,30412407,305847748.0000,2,0.172151,1,-1.382000,0
2012-09-19,sh.600036,7.1804303600,7.1876251800,7.0725080600,7.1012873400,7.1876251800,36585950,362159953.0000,2,0.207097,1,-1.201200,0
2012-09-20,sh.600036,7.1012873400,7.1228718000,6.9933650400,7.0077546800,7.1012873400,31522857,309091409.0000,2,0.178437,1,-1.317100,0
2012-09-21,sh.600036,7.0077546800,7.1012873400,6.9645857600,7.0581184200,7.0077546800,33379500,327072231.0000,2,0.188946,1,0.718700,0
2012-09-24,sh.600036,7.0149495000,7.1300666200,6.9789754000,7.0940925200,7.0581184200,33853748,331137645.0000,2,0.191631,1,0.509700,0
2012-09-25,sh.600036,7.0940925200,7.1156769800,7.0509236000,7.1012873400,7.0940925200,18479084,181896719.0000,2,0.104602,1,0.101400,0
2012-09-26,sh.600036,7.0940925200,7.1300666200,7.0149495000,7.0149495000,7.1012873400,32514269,319732145.0000,2,0.184049,1,-1.215800,0
2012-09-27,sh.600036,7.0509236000,7.3243267600,7.0221443200,7.2523785600,7.0149495000,50505901,505686100.0000,2,0.285891,1,3.384600,0
2012-09-28,sh.600036,7.2020148200,7.3243267600,7.1300666200,7.3099371200,7.2523785600,38923065,392264624.0000,2,0.220326,1,0.793700,0
2012-10-08,sh.600036,7.3027423000,7.4466387000,7.2739630200,7.3171319400,7.3099371200,33008415,337697960.0000,2,0.186846,1,0.098400,0
2012-10-09,sh.600036,7.3962749600,7.4610283400,7.3387164000,7.4034697800,7.3171319400,43262374,446295752.0000,2,0.244889,1,1.179900,0
2012-10-10,sh.600036,7.4034697800,7.4034697800,7.3243267600,7.3459112200,7.4034697800,23361347,238821187.0000,2,0.132238,1,-0.777500,0
2012-10-11,sh.600036,7.3315215800,7.3674956800,7.2667682000,7.3387164000,7.3459112200,24139415,245864855.0000,2,0.136642,1,-0.097900,0
2012-10-12,sh.600036,7.3746905000,7.4754179800,7.3603008600,7.4538335200,7.3387164000,40072715,414289777.0000,2,0.226834,1,1.568600,0
2012-10-15,sh.600036,7.4610283400,7.4682231600,7.3603008600,7.4178594200,7.4538335200,16006440,164776435.0000,2,0.090605,1,-0.482600,0
2012-10-16,sh.600036,7.4034697800,7.4682231600,7.3459112200,7.4178594200,7.4178594200,22984285,236742799.0000,2,0.130104,1,0.000000,0
2012-10-17,sh.600036,7.4250542400,7.4826128000,7.3818853200,7.4538335200,7.4178594200,29565374,305863198.0000,2,0.167356,1,0.485000,0
2012-10-18,sh.600036,7.5041972600,7.5833402800,7.4538335200,7.5473661800,7.4538335200,37542685,393179674.0000,2,0.212512,1,1.254800,0
2012-10-19,sh.600036,7.5545610000,7.5545610000,7.4826128000,7.5113920800,7.5473661800,23865011,249625613.0000,2,0.135089,1,-0.476646,0
2012-10-22,sh.600036,7.4610283400,7.5905351000,7.4538335200,7.5617558200,7.5113920800,28758213,301265381.0000,2,0.162787,1,0.670500,0
2012-10-23,sh.600036,7.5617558200,7.6265092000,7.5041972600,7.5185869000,7.5617558200,26894888,283013779.0000,2,0.152240,1,-0.570900,0
2012-10-24,sh.600036,7.4826128000,7.5473661800,7.4826128000,7.5257817200,7.5185869000,21624867,226046400.0000,2,0.122409,1,0.095700,0
2012-10-25,sh.600036,7.5041972600,7.5473661800,7.4466387000,7.4610283400,7.5257817200,19555765,203931727.0000,2,0.110696,1,-0.860400,0
2012-10-26,sh.600036,7.4610283400,7.5041972600,7.3315215800,7.3962749600,7.4610283400,24669423,253283832.0000,2,0.139642,1,-0.867900,0
2012-10-29,sh.600036,7.3746905000,7.3890801400,7.2235992800,7.2811578400,7.3962749600,22386478,227127315.0000,2,0.126720,1,-1.556400,0
2012-10-30,sh.600036,7.2883526600,7.3674956800,7.1948200000,7.2451837400,7.2811578400,30836095,310546559.0000,2,0.174549,1,-0.494100,0
2012-10-31,sh.600036,7.2307941000,7.2739630200,7.2235992800,7.2523785600,7.2451837400,20997491,211535310.0000,2,0.118857,1,0.099300,0
2012-11-01,sh.600036,7.2523785600,7.4826128000,7.2523785600,7.4106646000,7.2523785600,42058917,432036399.0000,2,0.238077,1,2.182500,0
2012-11-02,sh.600036,7.3962749600,7.4754179800,7.3746905000,7.4610283400,7.4106646000,28451332,293882466.0000,2,0.161050,1,0.679600,0
2012-11-05,sh.600036,7.4610283400,7.5473661800,7.4250542400,7.4970024400,7.4610283400,26262182,273345099.0000,2,0.148658,1,0.482200,0
2012-11-06,sh.600036,7.5041972600,7.5329765400,7.3531060400,7.4682231600,7.4970024400,25616913,264401793.0000,2,0.145006,1,-0.383900,0
2012-11-07,sh.600036,7.4682231600,7.4682231600,7.3818853200,7.4394438800,7.4682231600,16517277,170413964.0000,2,0.093497,1,-0.385400,0
2012-11-08,sh.600036,7.3962749600,7.4250542400,7.3243267600,7.3243267600,7.4394438800,18380785,188188300.0000,2,0.104045,1,-1.547400,0
2012-11-09,sh.600036,7.3171319400,7.3746905000,7.3099371200,7.3459112200,7.3243267600,21043505,214755731.0000,2,0.119118,1,0.294700,0
2012-11-12,sh.600036,7.3746905000,7.4034697800,7.3387164000,7.3818853200,7.3459112200,25317439,259350027.0000,2,0.143311,1,0.489700,0
2012-11-13,sh.600036,7.3818853200,7.3890801400,7.2235992800,7.2379889200,7.3818853200,19644727,198705309.0000,2,0.111200,1,-1.949300,0
2012-11-14,sh.600036,7.2379889200,7.2739630200,7.2235992800,7.2523785600,7.2379889200,15939907,160559555.0000,2,0.090229,1,0.198800,0
2012-11-15,sh.600036,7.2307941000,7.2595733800,7.2020148200,7.2092096400,7.2523785600,15095665,151500493.0000,2,0.085450,1,-0.595200,0
2012-11-16,sh.600036,7.1948200000,7.2451837400,7.1228718000,7.1660407200,7.2092096400,21561266,214485151.0000,2,0.122049,1,-0.598800,0
2012-11-19,sh.600036,7.1660407200,7.1804303600,7.1156769800,7.1372614400,7.1660407200,17315197,171846492.0000,2,0.098014,1,-0.401600,0
2012-11-20,sh.600036,7.1588459000,7.2092096400,7.0437287800,7.0725080600,7.1372614400,21542000,212747659.0000,2,0.121940,1,-0.907300,0
2012-11-21,sh.600036,7.0725080600,7.1516510800,7.0581184200,7.1444562600,7.0725080600,22234439,219330197.0000,2,0.125859,1,1.017300,0
2012-11-22,sh.600036,7.1228718000,7.1444562600,7.0940925200,7.1228718000,7.1444562600,15471082,153066794.0000,2,0.087575,1,-0.302100,0
2012-11-23,sh.600036,7.1516510800,7.2307941000,7.1156769800,7.2164044600,7.1228718000,28382847,283347348.0000,2,0.160662,1,1.313100,0
2012-11-26,sh.600036,7.1804303600,7.2092096400,7.1516510800,7.1876251800,7.2164044600,18615218,185783024.0000,2,0.105372,1,-0.398800,0
2012-11-27,sh.600036,7.1732355400,7.2307941000,7.1660407200,7.1732355400,7.1876251800,31331198,313271104.0000,2,0.177352,1,-0.200200,0
2012-11-28,sh.600036,7.1732355400,7.2092096400,7.1588459000,7.1732355400,7.1732355400,28175960,281582422.0000,2,0.159491,1,0.000000,0
2012-11-29,sh.600036,7.1876251800,7.2235992800,7.1732355400,7.1804303600,7.1732355400,18213096,182095458.0000,2,0.103096,1,0.100300,0
2012-11-30,sh.600036,7.1804303600,7.2307941000,7.1228718000,7.2092096400,7.1804303600,31279090,312092108.0000,2,0.177057,1,0.400800,0
2012-12-03,sh.600036,7.2020148200,7.2092096400,7.0725080600,7.1300666200,7.2092096400,35031520,347109875.0000,2,0.198298,1,-1.097800,0
2012-12-04,sh.600036,7.1300666200,7.2020148200,7.1228718000,7.1804303600,7.1300666200,23933387,238259790.0000,2,0.135476,1,0.706400,0
2012-12-05,sh.600036,7.1948200000,7.5185869000,7.1732355400,7.4898076200,7.1804303600,108218768,1117951131.0000,2,0.612578,1,4.308600,0
2012-12-06,sh.600036,7.4826128000,7.5977299200,7.4682231600,7.5185869000,7.4898076200,65843849,689223046.0000,2,0.372712,1,0.384200,0
2012-12-07,sh.600036,7.5257817200,7.7919900600,7.5113920800,7.7704056000,7.5185869000,111933473,1198461158.0000,2,0.633605,1,3.349300,0
2012-12-10,sh.600036,7.8063797000,7.9718605600,7.7344315000,7.8927175400,7.7704056000,119013339,1301157141.0000,2,0.673681,1,1.574100,0
2012-12-11,sh.600036,7.8927175400,7.9574709200,7.8351589800,7.9071071800,7.8927175400,70145022,770027826.0000,2,0.397059,1,0.182300,0
2012-12-12,sh.600036,7.9071071800,8.0653932200,7.8855227200,7.9502761000,7.9071071800,67726906,751240813.0000,2,0.383371,1,0.546000,0
2012-12-13,sh.600036,7.9358864600,7.9574709200,7.8063797000,7.8207693400,7.9502761000,55584051,609383937.0000,2,0.314636,1,-1.629000,0
2012-12-14,sh.600036,7.8639382600,8.4539135000,7.8567434400,8.4179394000,7.8207693400,165003971,1884483350.0000,2,0.934013,1,7.635700,0
2012-12-17,sh.600036,8.4539135000,8.5906150800,8.3675756600,8.4251342200,8.4179394000,114367595,1345018068.0000,2,0.647383,1,0.085500,0
2012-12-18,sh.600036,8.4035497600,8.6913425600,8.3675756600,8.5258617000,8.4251342200,123379959,1469876906.0000,2,0.698398,1,1.195600,0
2012-12-19,sh.600036,8.5258617000,8.6697581000,8.4898876000,8.5474461600,8.5258617000,95351145,1140126076.0000,2,0.539740,1,0.253200,0
2012-12-20,sh.600036,8.4898876000,8.6913425600,8.4898876000,8.6337840000,8.5474461600,82884413,988481626.0000,2,0.469171,1,1.010100,0
2012-12-21,sh.600036,8.6481736400,8.6769529200,8.5402513400,8.5618358000,8.6337840000,76221363,913082895.0000,2,0.431455,1,-0.833300,0
2012-12-24,sh.600036,8.5978099000,8.9287716200,8.5762254400,8.8208493200,8.5618358000,109565552,1345537385.0000,2,0.620201,1,3.025200,0
2012-12-25,sh.600036,8.7920700400,9.3172919000,8.7920700400,9.1877851400,8.8208493200,132992447,1679327688.0000,2,0.752810,1,4.159900,0
2012-12-26,sh.600036,9.1805903200,9.3100970800,9.1302265800,9.2021747800,9.1877851400,87817696,1127460770.0000,2,0.497096,1,0.156600,0
2012-12-27,sh.600036,9.2453437000,9.3676556400,9.0582783800,9.0726680200,9.2021747800,86279794,1106929198.0000,2,0.488391,1,-1.407300,0
2012-12-28,sh.600036,9.0870576600,9.3388763600,9.0798628400,9.3244867200,9.0726680200,84917360,1091049715.0000,2,0.480679,1,2.775600,0
2012-12-31,sh.600036,9.3244867200,9.9288516000,9.3244867200,9.8928775000,9.3244867200,153712026,2060790726.0000,2,0.870094,1,6.095700,0
2013-01-04,sh.600036,9.9432412400,10.0511635400,9.6050847000,9.7345914600,9.8928775000,150033642,2039552876.0000,2,0.849273,1,-1.600000,0
2013-01-07,sh.600036,9.7130070000,9.9504360600,9.5691106000,9.7849552000,9.7345914600,99469543,1349911750.0000,2,0.563052,1,0.517400,0
2013-01-08,sh.600036,9.8209293000,9.9504360600,9.5906950600,9.7777603800,9.7849552000,103335613,1404489415.0000,2,0.584936,1,-0.073500,0
2013-01-09,sh.600036,9.6842277200,9.7993448400,9.5763054200,9.7130070000,9.7777603800,96559071,1302109207.0000,2,0.546577,1,-0.662300,0
2013-01-10,sh.600036,9.7130070000,9.8569034000,9.6194743400,9.7417862800,9.7130070000,89269431,1212029376.0000,2,0.505314,1,0.296300,0
2013-01-11,sh.600036,9.7345914600,9.8137344800,9.4683831200,9.5547209600,9.7417862800,92040123,1237367216.0000,2,0.520998,1,-1.920200,0
2013-01-14,sh.600036,9.4755779400,10.0511635400,9.4755779400,9.9576308800,9.5547209600,157865880,2160111264.0000,2,0.893608,1,4.216900,0
2013-01-15,sh.600036,9.9288516000,9.9864101600,9.7993448400,9.9216567800,9.9576308800,106719958,1469440881.0000,2,0.604094,1,-0.361300,0
2013-01-16,sh.600036,9.8928775000,9.9432412400,9.5978898800,9.7273966400,9.9216567800,90299892,1231280278.0000,2,0.511147,1,-1.957900,0
2013-01-17,sh.600036,9.7345914600,9.7417862800,9.4899675800,9.5115520400,9.7273966400,117049830,1558604727.0000,2,0.662566,1,-2.218900,0
2013-01-18,sh.600036,9.6122795200,9.7130070000,9.5043572200,9.6194743400,9.5115520400,110808831,1480397212.0000,2,0.627239,1,1.134600,0
2013-01-21,sh.600036,9.6554484400,9.8569034000,9.5763054200,9.7633707400,9.6194743400,114885955,1552341580.0000,2,0.650318,1,1.495900,0
2013-01-22,sh.600036,9.7633707400,10.1375013800,9.6338639800,10.0727480000,9.7633707400,175753485,2425268563.0000,2,0.994861,1,3.168800,0
2013-01-23,sh.600036,10.0007998000,10.1518910200,9.8928775000,10.0727480000,10.0727480000,89490096,1246132644.0000,2,0.506563,1,0.000000,0
2013-01-24,sh.600036,10.0727480000,10.4324890000,9.7489811000,9.8353189400,10.0727480000,196485221,2756417941.0000,2,1.112214,1,-2.357100,0
2013-01-25,sh.600036,9.8856826800,9.9504360600,9.6554484400,9.6914225400,9.8353189400,90587116,1229494809.0000,2,0.512773,1,-1.463100,0
2013-01-28,sh.600036,9.7130070000,10.3173718800,9.7130070000,10.2022547600,9.6914225400,151705864,2131062253.0000,2,0.858738,1,5.271000,0
2013-01-29,sh.600036,10.2094495800,10.6483336000,10.1015272800,10.5044372000,10.2022547600,190625562,2746660145.0000,2,1.079045,1,2.961900,0
2013-01-30,sh.600036,10.5116320200,10.5332164800,10.2166444000,10.3461511600,10.5044372000,127814353,1836901396.0000,2,0.723499,1,-1.506800,0
2013-01-31,sh.600036,10.3821252600,10.4252941800,10.0943324600,10.2885926000,10.3461511600,116264671,1653013127.0000,2,0.658122,1,-0.556300,0
2013-02-01,sh.600036,10.2166444000,10.6771128800,10.1806703000,10.6339439600,10.2885926000,168931689,2451809625.0000,2,0.956246,1,3.356600,0
2013-02-04,sh.600036,10.6267491400,10.7994248200,10.4037097200,10.4828527400,10.6339439600,165969012,2448320866.0000,2,0.939476,1,-1.420800,0
2013-02-05,sh.600036,10.3605408000,10.4612682800,10.2238392200,10.3605408000,10.4828527400,121449786,1743222914.0000,2,0.687472,1,-1.166800,0
2013-02-06,sh.600036,10.3605408000,10.4468786400,10.1662806600,10.3389563400,10.3605408000,93528960,1337984884.0000,2,0.529425,1,-0.208300,0
2013-02-07,sh.600036,10.3389563400,10.3389563400,9.8640982200,10.1734754800,10.3389563400,162817793,2287383272.0000,2,0.921638,1,-1.600600,0
2013-02-08,sh.600036,10.1303065600,10.2022547600,9.9720205200,10.1015272800,10.1734754800,93929728,1319909435.0000,2,0.531694,1,-0.707200,0
2013-02-18,sh.600036,10.1662806600,10.2670081400,9.9792153400,10.0367739000,10.1015272800,86439411,1215568530.0000,2,0.489295,1,-0.641000,0
2013-02-19,sh.600036,10.0151894400,10.1159169200,9.8712930400,9.9504360600,10.0367739000,80257524,1115544740.0000,2,0.454302,1,-0.860200,0
2013-02-20,sh.600036,9.9720205200,10.0079946200,9.6626432600,9.9576308800,9.9504360600,110823616,1509286637.0000,2,0.627323,1,0.072300,0
2013-02-21,sh.600036,9.8281241200,9.8425137600,9.3172919000,9.6266691600,9.9576308800,130621607,1735828988.0000,2,0.739390,1,-3.323700,0
2013-02-22,sh.600036,9.6050847000,9.6266691600,9.3532660000,9.4036297400,9.6266691600,81360028,1071160054.0000,2,0.460542,1,-2.316900,0
2013-02-25,sh.600036,9.4611883000,9.5403313200,9.3460711800,9.3820452800,9.4036297400,70980507,929263409.0000,2,0.401789,1,-0.229500,0
2013-02-26,sh.600036,9.2741229800,9.5547209600,9.1014473000,9.1446162200,9.3820452800,225425396,2929255224.0000,2,1.276032,1,-2.530700,0
2013-02-27,sh.600036,9.1805903200,9.3532660000,9.0510835600,9.2381488800,9.1446162200,144114992,1843217552.0000,2,0.815770,1,1.022800,0
2013-02-28,sh.600036,9.2813178000,9.5835002400,9.1949799600,9.5691106000,9.2381488800,169686196,2213328399.0000,2,0.960517,1,3.582600,0
2013-03-01,sh.600036,9.5691106000,9.6194743400,9.2165644200,9.4036297400,9.5691106000,127952678,1676102123.0000,2,0.724282,1,-1.729300,0
2013-03-04,sh.600036,9.2453437000,9.3532660000,8.7560959400,8.8280441400,9.4036297400,174787313,2202216042.0000,2,0.989392,1,-6.120900,0
2013-03-05,sh.600036,8.8712130600,9.6914225400,8.8712130600,9.6122795200,8.8280441400,217489127,2799557374.0000,2,1.231108,1,8.883500,0
2013-03-06,sh.600036,9.6194743400,9.7849552000,9.4539934800,9.6770329000,9.6122795200,152953415,2050199178.0000,2,0.865800,1,0.673700,0
2013-03-07,sh.600036,9.6194743400,9.6194743400,9.3460711800,9.4324090200,9.6770329000,88818956,1171202325.0000,2,0.502764,1,-2.527900,0
2013-03-08,sh.600036,9.4611883000,9.6986173600,9.3029022600,9.5906950600,9.4324090200,92994368,1230262753.0000,2,0.526399,1,1.678100,0
2013-03-11,sh.600036,9.5043572200,9.5187468600,9.3244867200,9.4396038400,9.5906950600,48343688,634664600.0000,2,0.273652,1,-1.575400,0
2013-03-12,sh.600036,9.4396038400,9.5691106000,9.1733955000,9.2813178000,9.4396038400,69609902,906390226.0000,2,0.394030,1,-1.676800,0
2013-03-13,sh.600036,9.2813178000,9.3748504600,9.0654732000,9.1158369400,9.2813178000,65982796,843335588.0000,2,0.373499,1,-1.782900,0
2013-03-14,sh.600036,9.0942524800,9.2669281600,9.0294991000,9.1158369400,9.1158369400,47569824,603557988.0000,2,0.269271,1,0.000000,0
2013-03-15,sh.600036,9.1230317600,9.4899675800,8.9503560800,9.0438887400,9.1158369400,136157293,1735409883.0000,2,0.770725,1,-0.789300,0
2013-03-18,sh.600036,8.9791353600,9.1374214000,8.9215768000,8.9791353600,9.0438887400,65953714,827700032.0000,2,0.373334,1,-0.716000,0
2013-03-19,sh.600036,8.9575509000,9.1158369400,8.9575509000,9.0654732000,8.9791353600,54739579,686425600.0000,2,0.309856,1,0.961500,0
2013-03-20,sh.600036,9.0870576600,9.4755779400,9.0726680200,9.4539934800,9.0654732000,134323321,1745000320.0000,2,0.760344,1,4.285700,0
2013-03-21,sh.600036,9.4539934800,9.5115520400,9.3964349200,9.4467986600,9.4539934800,64556357,848701312.0000,2,0.365424,1,-0.076100,0
2013-03-22,sh.600036,9.4899675800,9.5331365000,9.3892401000,9.4467986600,9.4467986600,44108735,579895296.0000,2,0.249680,1,0.000000,0
2013-03-25,sh.600036,9.4971624000,9.5547209600,9.3100970800,9.3388763600,9.4467986600,55900140,730187072.0000,2,0.316425,1,-1.142400,0
2013-03-26,sh.600036,9.2813178000,9.3172919000,9.0510835600,9.1302265800,9.3388763600,61902647,786734080.0000,2,0.350403,1,-2.234200,0
2013-03-27,sh.600036,9.1086421200,9.2957074400,9.1086421200,9.1877851400,9.1302265800,45729310,584254912.0000,2,0.258853,1,0.630400,0
2013-03-28,sh.600036,8.9215768000,8.9215768000,8.4179394000,8.7273166600,9.1877851400,126617155,1535552256.0000,2,0.716723,1,-5.011700,0
2013-03-29,sh.600036,8.7704855800,9.1662006800,8.7201218400,9.0870576600,8.7273166600,102332903,1272875648.0000,2,0.579260,1,4.122000,0
2013-04-01,sh.600036,8.9863301800,9.0726680200,8.8784078800,8.9215768000,9.0870576600,41277653,513973440.0000,2,0.233654,1,-1.821100,0
2013-04-02,sh.600036,8.9791353600,9.1733955000,8.8999923400,9.0366939200,8.9215768000,55765379,700652096.0000,2,0.315663,1,1.290300,0
2013-04-03,sh.600036,9.0654732000,9.3388763600,9.0510835600,9.2021747800,9.0366939200,63290889,808928704.0000,2,0.358261,1,1.831200,0
2013-04-08,sh.600036,8.9503560800,9.1302265800,8.9215768000,9.0726680200,9.2021747800,51753967,650242816.0000,2,0.292956,1,-1.407400,0
2013-04-09,sh.600036,9.1302265800,9.1949799600,9.0007198200,9.0582783800,9.0726680200,48341348,611102720.0000,2,0.273639,1,-0.158600,0
2013-04-10,sh.600036,9.0510835600,9.1014473000,8.9071871600,8.9503560800,9.0582783800,30295476,377830464.0000,2,0.171489,1,-1.191400,0
2013-04-11,sh.600036,9.0366939200,9.0942524800,8.8927975200,8.9143819800,8.9503560800,33431483,416800064.0000,2,0.189241,1,-0.401900,0
2013-04-12,sh.600036,8.9143819800,8.9647457200,8.8208493200,8.8352389600,8.9143819800,28710372,354460000.0000,2,0.162516,1,-0.887818,0
2013-04-15,sh.600036,8.8496286000,8.9215768000,8.7704855800,8.8136545000,8.8352389600,33325316,408924608.0000,2,0.188640,1,-0.244300,0
2013-04-16,sh.600036,8.7776804000,8.9215768000,8.7345114800,8.8856027000,8.8136545000,55597507,681018176.0000,2,0.314712,1,0.816330,0
2013-04-17,sh.600036,8.8712130600,8.8856027000,8.7057322000,8.7489011200,8.8856027000,43182874,525913408.0000,2,0.244439,1,-1.538500,0
2013-04-18,sh.600036,8.6697581000,8.8496286000,8.6409788200,8.7489011200,8.7489011200,57567757,697392896.0000,2,0.325865,1,0.000000,0
2013-04-19,sh.600036,8.7848752200,9.2381488800,8.7417063000,9.0798628400,8.7489011200,159685249,1988992512.0000,2,0.903906,1,3.782895,0
2013-04-22,sh.600036,9.0151094600,9.0942524800,9.0079146400,9.0582783800,9.0798628400,59032937,742446976.0000,2,0.334159,1,-0.237700,0
2013-04-23,sh.600036,9.1014473000,9.1014473000,8.6697581000,8.7345114800,9.0582783800,85782677,1047585600.0000,2,0.485577,1,-3.574300,0
2013-04-24,sh.600036,8.7417063000,8.9575509000,8.6913425600,8.8496286000,8.7345114800,50028546,612410048.0000,2,0.283189,1,1.318000,0
2013-04-25,sh.600036,8.8064596800,8.8856027000,8.6913425600,8.7920700400,8.8496286000,49654384,605731456.0000,2,0.281071,1,-0.650400,0
2013-04-26,sh.600036,8.8352389600,8.8784078800,8.7129270200,8.7417063000,8.7920700400,33018250,403023232.0000,2,0.186901,1,-0.572837,0
2013-05-02,sh.600036,8.7057322000,8.7201218400,8.5978099000,8.7057322000,8.7417063000,46973420,565173888.0000,2,0.265895,1,-0.411500,0
2013-05-03,sh.600036,8.7489011200,9.0294991000,8.7201218400,8.8856027000,8.7057322000,68956539,855915328.0000,2,0.390332,1,2.066116,0
2013-05-06,sh.600036,8.9215768000,9.1014473000,8.9071871600,9.0151094600,8.8856027000,50270560,630075264.0000,2,0.284559,1,1.457500,0
2013-05-07,sh.600036,8.9719405400,9.0151094600,8.9071871600,8.9863301800,9.0151094600,36789009,458536448.0000,2,0.208246,1,-0.319200,0
2013-05-08,sh.600036,8.9791353600,9.1014473000,8.9503560800,8.9935250000,8.9863301800,54553571,683945984.0000,2,0.308803,1,0.080100,0
2013-05-09,sh.600036,9.0223042800,9.0510835600,8.8064596800,8.8712130600,8.9935250000,44652235,553251648.0000,2,0.252756,1,-1.360000,0
2013-05-10,sh.600036,8.9215768000,9.1949799600,8.8999923400,9.1733955000,8.8712130600,97604084,1232382720.0000,2,0.552493,1,3.406300,0
2013-05-13,sh.600036,9.1662006800,9.5043572200,9.0582783800,9.4899675800,9.1733955000,174515142,2271013376.0000,2,0.987852,1,3.451000,0
2013-05-14,sh.600036,9.4827727600,9.6122795200,9.4252142000,9.5906950600,9.4899675800,152786050,2025053952.0000,2,0.864853,1,1.061400,0
2013-05-15,sh.600036,9.5835002400,9.8209293000,9.5331365000,9.7777603800,9.5906950600,109663142,1476330880.0000,2,0.620754,1,1.950500,0
2013-05-16,sh.600036,9.7489811000,10.0295790800,9.6482536200,9.9792153400,9.7777603800,151766853,2083974656.0000,2,0.859084,1,2.060300,0
2013-05-17,sh.600036,9.9792153400,10.0223842600,9.7993448400,9.9720205200,9.9792153400,101619270,1401815040.0000,2,0.575221,1,-0.072100,0
2013-05-20,sh.600036,9.9720205200,10.1446962000,9.8137344800,9.9720205200,9.9720205200,124578797,1728294016.0000,2,0.705184,1,0.000000,0
2013-05-21,sh.600036,9.9288516000,9.9360464200,9.6842277200,9.7633707400,9.9720205200,106905782,1454002688.0000,2,0.605145,1,-2.092352,0
2013-05-22,sh.600036,9.7705655600,10.0727480000,9.7705655600,10.0655531800,9.7633707400,140450104,1939563904.0000,2,0.795025,1,3.095100,0
2013-05-23,sh.600036,10.0007998000,10.0367739000,9.7202018200,9.7273966400,10.0655531800,104392717,1430513408.0000,2,0.590920,1,-3.359500,0
2013-05-24,sh.600036,9.7633707400,9.8712930400,9.6554484400,9.7202018200,9.7273966400,55498940,752285760.0000,2,0.314154,1,-0.074000,0
2013-05-27,sh.600036,9.6986173600,9.7633707400,9.5835002400,9.6338639800,9.7202018200,49964608,671859968.0000,2,0.282827,1,-0.888200,0
2013-05-28,sh.600036,9.6050847000,9.9288516000,9.5835002400,9.9000723200,9.6338639800,85149220,1153115648.0000,2,0.481991,1,2.763300,0
2013-05-29,sh.600036,9.9216567800,9.9936049800,9.7705655600,9.7921500200,9.9000723200,59622733,819883072.0000,2,0.337497,1,-1.090100,0
2013-05-30,sh.600036,9.7705655600,9.8497085800,9.6770329000,9.7705655600,9.7921500200,46826224,635522368.0000,2,0.265062,1,-0.220400,0
2013-05-31,sh.600036,9.7777603800,9.9432412400,9.7345914600,9.7705655600,9.7705655600,45658535,624284288.0000,2,0.258452,1,0.000000,0
2013-06-03,sh.600036,9.7705655600,9.9936049800,9.7633707400,9.9072671400,9.7705655600,70140471,965797120.0000,2,0.397034,1,1.399100,0
2013-06-04,sh.600036,9.8856826800,9.9936049800,9.7849552000,9.8928775000,9.9072671400,78089914,1073577728.0000,2,0.442032,1,-0.145200,0
2013-06-05,sh.600036,9.8928775000,9.9000723200,9.4899675800,9.6122795200,9.8928775000,61817060,832117504.0000,2,0.349918,1,-2.836400,0
2013-06-06,sh.600036,9.5978898800,9.6338639800,9.3604608200,9.4827727600,9.6122795200,67156041,881621888.0000,2,0.380140,1,-1.347300,0
2013-06-07,sh.600036,9.4827727600,9.5978898800,9.4252142000,9.4755779400,9.4827727600,68048619,898343488.0000,2,0.385193,1,-0.075900,0
2013-06-13,sh.600036,9.3697996000,9.3697996000,8.9315347800,9.3093492800,9.4755876600,81035312,978996608.0000,2,0.458704,1,-1.754400,0
2013-06-14,sh.600036,9.2564552500,9.2942367000,9.1582234800,9.2262300900,9.3093492800,58036665,708580352.0000,2,0.328519,1,-0.892900,0
2013-06-17,sh.600036,9.2413426700,9.3093492800,9.1355546100,9.1431109000,9.2262300900,31388706,382560896.0000,2,0.177677,1,-0.900900,0
2013-06-18,sh.600036,9.1733360600,9.3017929900,9.1657797700,9.2186738000,9.1431109000,34491029,422338624.0000,2,0.195238,1,0.826400,0
2013-06-19,sh.600036,9.2186738000,9.2186738000,8.9919851000,9.0524354200,9.2186738000,39840016,478168064.0000,2,0.225516,1,-1.803300,0
2013-06-20,sh.600036,9.0373228400,9.0373228400,8.6141706000,8.6670646300,9.0524354200,63295614,736010496.0000,2,0.358288,1,-4.257100,0
2013-06-21,sh.600036,8.5386077000,8.8937533300,8.4479322200,8.8484155900,8.6670646300,70320815,813131648.0000,2,0.398054,1,2.092400,0
2013-06-24,sh.600036,8.7879652700,8.7879652700,8.1305680400,8.2590249700,8.8484155900,118147118,1301685376.0000,2,0.668778,1,-6.661000,0
2013-06-25,sh.600036,8.1607932000,8.3345878700,7.5562900000,8.2514686800,8.2590249700,128040668,1368236800.0000,2,0.724780,1,-0.091500,0
2013-06-26,sh.600036,8.3345878700,8.3421441600,7.9567733700,8.0550051400,8.2514686800,93892918,1006917504.0000,2,0.531485,1,-2.381000,0
2013-06-27,sh.600036,8.1154554600,8.2968064200,8.0776740100,8.2514686800,8.0550051400,72290048,783616960.0000,2,0.409201,1,2.439000,0
2013-06-28,sh.600036,8.2514686800,8.7955215600,8.1985746500,8.7652964000,8.2514686800,116872092,1327338624.0000,2,0.661560,1,6.227100,0
2013-07-01,sh.600036,8.6897335000,8.7728526900,8.4630448000,8.5990580200,8.7652964000,48482145,551215424.0000,2,0.274436,1,-1.896600,0
2013-07-02,sh.600036,8.5990580200,8.6595083400,8.3270315800,8.4706010900,8.5990580200,63906564,714282176.0000,2,0.361746,1,-1.493800,0
2013-07-03,sh.600036,8.4479322200,8.6519520500,8.2892501300,8.5763891500,8.4706010900,60519634,675330176.0000,2,0.342574,1,1.248900,0
2013-07-04,sh.600036,8.5083825400,8.6821772100,8.3874819000,8.4932699600,8.5763891500,53058539,599276032.0000,2,0.300340,1,-0.969200,0
2013-07-05,sh.600036,8.5008262500,8.5763891500,8.4101507700,8.5159388300,8.4932699600,37591500,423780608.0000,2,0.212789,1,0.266900,0
2013-07-08,sh.600036,8.4252633500,8.4781573800,8.2968064200,8.3345878700,8.5159388300,46495080,514504512.0000,2,0.263188,1,-2.129500,0
2013-07-09,sh.600036,8.3270315800,8.5008262500,8.2968064200,8.4328196400,8.3345878700,49418897,548827328.0000,2,0.279738,1,1.178600,0
2013-07-10,sh.600036,8.4630448000,8.5763891500,8.3572567400,8.5537202800,8.4328196400,41429765,463874304.0000,2,0.234515,1,1.433700,0
2013-07-11,sh.600036,8.5763891500,9.3924684700,8.5763891500,9.1808923500,8.5537202800,160521711,1916691200.0000,2,0.908641,1,7.332200,0
2013-07-12,sh.600036,9.0675480000,9.1506671900,8.6897335000,8.7804089800,9.1808923500,90111931,1063540480.0000,2,0.510083,1,-4.362100,0
2013-07-15,sh.600036,8.8710844600,8.9995413900,8.7275149500,8.8030778500,8.7804089800,67469648,789286784.0000,2,0.381915,1,0.258200,0
2013-07-16,sh.600036,8.7955215600,8.7955215600,8.6217268900,8.7879652700,8.8030778500,61861194,712310016.0000,2,0.350168,1,-0.171700,0
2013-07-17,sh.600036,8.7652964000,8.8030778500,8.5990580200,8.6141706000,8.7879652700,52624793,605064960.0000,2,0.297885,1,-1.977600,0
2013-07-18,sh.600036,8.5839454400,8.6897335000,8.3950381900,8.4479322200,8.6141706000,53560319,599859968.0000,2,0.303181,1,-1.929800,0
2013-07-19,sh.600036,8.4630448000,8.5234951200,8.2212435200,8.2514686800,8.4479322200,55832848,617765440.0000,2,0.316045,1,-2.325600,0
2013-07-22,sh.600036,8.0852303000,8.2287998100,7.9869985300,8.1985746500,8.2514686800,56804354,610322304.0000,2,0.321544,1,-0.641000,0
2013-07-23,sh.600036,8.2514686800,8.5310514100,8.1683494900,8.3572567400,8.1985746500,55201375,613854016.0000,2,0.312470,1,1.935500,0
2013-07-24,sh.600036,8.1985746500,8.3421441600,8.0701177200,8.2363561000,8.3572567400,64957735,703058432.0000,2,0.367696,1,-1.446700,0
2013-07-25,sh.600036,8.2665812600,8.3572567400,8.1230117500,8.1834620700,8.2363561000,41472019,450454016.0000,2,0.234754,1,-0.642200,0
2013-07-26,sh.600036,8.1607932000,8.1607932000,8.0474488500,8.1154554600,8.1834620700,30576489,328006272.0000,2,0.173080,1,-0.831000,0
2013-07-29,sh.600036,8.0096674000,8.0172236900,7.8585416000,7.9265482100,8.1154554600,46625262,488458880.0000,2,0.263925,1,-2.327700,0
2013-07-30,sh.600036,7.9945548200,8.1532369100,7.9492170800,8.0701177200,7.9265482100,49021261,521396800.0000,2,0.277487,1,1.811200,0
2013-07-31,sh.600036,8.1607932000,8.2741375500,7.9869985300,8.0096674000,8.0701177200,33973038,363813568.0000,2,0.192306,1,-0.749100,0
2013-08-01,sh.600036,8.0776740100,8.2363561000,8.0323362700,8.2136872300,8.0096674000,47089860,508365120.0000,2,0.266554,1,2.547200,0
2013-08-02,sh.600036,8.2590249700,8.3572567400,8.1381243300,8.1683494900,8.2136872300,36088537,394147520.0000,2,0.204281,1,-0.552000,0
2013-08-05,sh.600036,8.1759057800,8.2363561000,8.1003428800,8.1985746500,8.1683494900,29081460,313861696.0000,2,0.164617,1,0.370000,0
2013-08-06,sh.600036,8.1456806200,8.2212435200,8.0701177200,8.1305680400,8.1985746500,40097631,431419264.0000,2,0.226975,1,-0.829500,0
2013-08-07,sh.600036,8.1305680400,8.2439123900,8.0852303000,8.1003428800,8.1305680400,38069382,411065856.0000,2,0.215494,1,-0.371700,0
2013-08-08,sh.600036,8.0852303000,8.2590249700,8.0776740100,8.1230117500,8.1003428800,42651729,460570976.0000,2,0.241432,1,0.279900,0
2013-08-09,sh.600036,8.1910183600,8.2363561000,7.9718859500,8.0776740100,8.1230117500,42253602,452598144.0000,2,0.239179,1,-0.558100,0
2013-08-12,sh.600036,8.1607932000,8.3572567400,8.0776740100,8.3497004500,8.0776740100,81975023,896354816.0000,2,0.464024,1,3.367600,0
2013-08-13,sh.600036,8.3497004500,8.4706010900,8.3270315800,8.4252633500,8.3497004500,65007181,723604800.0000,2,0.367976,1,0.905000,0
2013-08-14,sh.600036,8.4479322200,8.5688328600,8.3950381900,8.4252633500,8.4252633500,54414111,610890304.0000,2,0.308014,1,0.000000,0
2013-08-15,sh.600036,8.4252633500,8.4932699600,8.3345878700,8.3421441600,8.4252633500,39585571,442036416.0000,2,0.224076,1,-0.986500,0
2013-08-16,sh.600036,8.3194752900,9.1733360600,8.1305680400,8.3043627100,8.3421441600,151349940,1708117888.0000,2,0.856724,1,-0.452900,0
2013-08-19,sh.600036,8.2061309400,8.5008262500,8.1532369100,8.4025944800,8.3043627100,68019220,749488384.0000,2,0.385026,1,1.182900,0
2013-08-20,sh.600036,8.3799256100,8.5839454400,8.2892501300,8.3345878700,8.4025944800,81543907,910438144.0000,2,0.461583,1,-0.809400,0
2013-08-21,sh.600036,8.3950381900,8.4101507700,8.2136872300,8.2590249700,8.3345878700,39480926,432670080.0000,2,0.223484,1,-0.906600,0
2013-08-22,sh.600036,8.2363561000,8.4252633500,8.2212435200,8.2439123900,8.2590249700,46575028,512270688.0000,2,0.263640,1,-0.183000,0
2013-08-23,sh.600036,8.2363561000,8.3043627100,7.8207601500,7.9794422400,8.2439123900,118158969,1255450624.0000,2,0.668845,1,-3.208100,0
2013-08-26,sh.600036,7.9416607900,8.0927865900,7.8358727300,8.0852303000,7.9794422400,132250073,1391616256.0000,2,0.748608,1,1.325800,0
2013-08-27,sh.600036,8.0096674000,8.0852303000,7.9492170800,8.0550051400,8.0852303000,103525523,1096806144.0000,2,0.586011,1,-0.373800,0
2013-08-28,sh.600036,8.0550051400,8.0550051400,8.0550051400,8.0550051400,8.0550051400,0,0.0000,2,,0,0.000000,0
2013-08-29,sh.600036,8.0550051400,8.0550051400,8.0550051400,8.0550051400,8.0550051400,0,0.0000,2,,0,0.000000,0
2013-08-30,sh.600036,8.0550051400,8.0550051400,8.0550051400,8.0550051400,8.0550051400,0,0.0000,2,,0,0.000000,0
2013-09-02,sh.600036,8.0550051400,8.0550051400,8.0550051400,8.0550051400,8.0550051400,0,0.0000,2,,0,0.000000,0
2013-09-03,sh.600036,8.0550051400,8.0550051400,8.0550051400,8.0550051400,8.0550051400,0,0.0000,2,,0,0.000000,0
2013-09-04,sh.600036,8.0550051400,8.0550051400,8.0550051400,8.0550051400,8.0550051400,0,0.0000,2,,0,0.000000,0
2013-09-05,sh.600036,8.2398239000,8.2783277500,8.1705169700,8.2090208200,8.0550054200,117901460,1260903552.0000,2,0.571534,1,1.912000,0
2013-09-06,sh.600036,8.1859185100,8.4400439200,8.1705169700,8.3861385300,8.2090208200,81162153,872375296.0000,2,0.393438,1,2.157600,0
2013-09-09,sh.600036,8.5093508500,8.9944993600,8.4785477700,8.9174916600,8.3861385300,226690991,2589324288.0000,2,1.098898,1,6.336100,0
2013-09-10,sh.600036,8.9174916600,9.0561055200,8.8096808800,8.9559955100,8.9174916600,138818280,1611118464.0000,2,0.672930,1,0.431800,0
2013-09-11,sh.600036,8.9405939700,9.1177116800,8.8789878100,8.9482947400,8.9559955100,136234354,1589758704.0000,2,0.660404,1,-0.086000,0
2013-09-12,sh.600036,8.9405939700,9.3872386300,8.8404839600,9.1716170700,8.9482947400,192631522,2285151056.0000,2,0.933792,1,2.495700,0
2013-09-13,sh.600036,9.1331132200,9.2640263100,9.0176016700,9.1023101400,9.1716170700,114843023,1360865440.0000,2,0.556708,1,-0.755700,0
2013-09-16,sh.600036,9.2255224600,9.2409240000,8.8558855000,8.9713970500,9.1023101400,105856388,1237443680.0000,2,0.513145,1,-1.438200,0
2013-09-17,sh.600036,9.0484047500,9.0484047500,8.6094608600,8.6171616300,8.9713970500,110665606,1258523712.0000,2,0.536458,1,-3.948500,0
2013-09-18,sh.600036,8.6633662500,8.7172716400,8.5324531600,8.5863585500,8.6171616300,67293585,757308656.0000,2,0.326210,1,-0.357500,0
2013-09-23,sh.600036,8.6325631700,8.7326731800,8.5324531600,8.6171616300,8.5863585500,79801735,893657024.0000,2,0.386844,1,0.358700,0
2013-09-24,sh.600036,8.6248624000,8.6248624000,8.3322331400,8.3784377600,8.6171616300,82797426,905216784.0000,2,0.401365,1,-2.770300,0
2013-09-25,sh.600036,8.3784377600,8.5170516200,8.3245323700,8.3476346800,8.3784377600,65975845,719786128.0000,2,0.319822,1,-0.367600,0
2013-09-26,sh.600036,8.3322331400,8.3399339100,8.1705169700,8.2860285200,8.3476346800,60827755,650682192.0000,2,0.294866,1,-0.738000,0
2013-09-27,sh.600036,8.2629262100,8.3245323700,8.2398239000,8.3168316000,8.2860285200,34902841,375127104.0000,2,0.169194,1,0.371700,0
2013-09-30,sh.600036,8.3784377600,8.4477446900,8.3476346800,8.4092408400,8.3168316000,42535131,464022336.0000,2,0.206192,1,1.111100,0
2013-10-08,sh.600036,8.4169416100,8.4400439200,8.2475246700,8.4015400700,8.4092408400,49739786,540080432.0000,2,0.241116,1,-0.091600,0
2013-10-09,sh.600036,8.3938393000,8.5478547000,8.3322331400,8.4400439200,8.4015400700,49703417,544836800.0000,2,0.240940,1,0.458300,0
2013-10-10,sh.600036,8.4400439200,8.4477446900,8.2552254400,8.3014300600,8.4400439200,50014868,541470736.0000,2,0.242450,1,-1.642300,0
2013-10-11,sh.600036,8.3861385300,8.4862485400,8.3245323700,8.4246423800,8.3014300600,74539537,814697872.0000,2,0.361335,1,1.484200,0
2013-10-14,sh.600036,8.4323431500,8.4554454600,8.2860285200,8.3168316000,8.4246423800,62165189,674276672.0000,2,0.301349,1,-1.279700,0
2013-10-15,sh.600036,8.3399339100,8.3553354500,8.2398239000,8.2629262100,8.3168316000,57593115,619820032.0000,2,0.279186,1,-0.648100,0
2013-10-16,sh.600036,8.2629262100,8.3322331400,8.2244223600,8.2629262100,8.2629262100,51254152,550416976.0000,2,0.248457,1,0.000000,0
2013-10-17,sh.600036,8.3014300600,8.3168316000,8.1551154300,8.1628162000,8.2629262100,45498178,486115184.0000,2,0.220555,1,-1.211600,0
2013-10-18,sh.600036,8.1859185100,8.2552254400,8.1628162000,8.1859185100,8.1628162000,32417605,345615776.0000,2,0.157146,1,0.283000,0
2013-10-21,sh.600036,8.1859185100,8.3168316000,8.1243123500,8.2860285200,8.1859185100,48094672,513801824.0000,2,0.233142,1,1.223000,0
2013-10-22,sh.600036,8.2706269800,8.2860285200,8.1628162000,8.1859185100,8.2860285200,41517120,442237056.0000,2,0.201257,1,-1.208200,0
2013-10-23,sh.600036,8.2244223600,8.3938393000,8.1859185100,8.2244223600,8.1859185100,64499410,693735312.0000,2,0.312665,1,0.470400,0
2013-10-24,sh.600036,8.2244223600,8.2783277500,8.1628162000,8.1859185100,8.2244223600,52902784,563986320.0000,2,0.256449,1,-0.468200,0
2013-10-25,sh.600036,8.1628162000,8.3014300600,8.1243123500,8.1705169700,8.1859185100,64707867,690208816.0000,2,0.313675,1,-0.188100,0
2013-10-28,sh.600036,8.1782177400,8.1936192800,8.1243123500,8.1782177400,8.1705169700,29512278,312652832.0000,2,0.143062,1,0.094300,0
2013-10-29,sh.600036,8.1936192800,8.5170516200,8.1936192800,8.3553354500,8.1782177400,138530887,1502964672.0000,2,0.671536,1,2.165700,0
2013-10-30,sh.600036,8.3938393000,8.4092408400,8.2783277500,8.4015400700,8.3553354500,78734196,855045328.0000,2,0.381669,1,0.553000,0
2013-10-31,sh.600036,8.4015400700,8.4092408400,8.2629262100,8.2706269800,8.4015400700,69779221,754370320.0000,2,0.338259,1,-1.558200,0
2013-11-01,sh.600036,8.3707369900,8.4323431500,8.3091308300,8.4015400700,8.2706269800,68540522,746239952.0000,2,0.332254,1,1.582900,0
2013-11-04,sh.600036,8.4631462300,8.4785477700,8.3091308300,8.3168316000,8.4015400700,40641767,442218800.0000,2,0.197013,1,-1.008200,0
2013-11-05,sh.600036,8.3091308300,8.3091308300,8.1474146600,8.2783277500,8.3168316000,64112426,685035392.0000,2,0.310789,1,-0.463000,0
2013-11-06,sh.600036,8.2167215900,8.2552254400,8.1705169700,8.1782177400,8.2783277500,49210076,524440976.0000,2,0.238549,1,-1.209300,0
2013-11-07,sh.600036,8.1782177400,8.2475246700,8.1705169700,8.2398239000,8.1782177400,38116328,406577744.0000,2,0.184771,1,0.753300,0
2013-11-08,sh.600036,8.2244223600,8.2629262100,8.1320131200,8.1474146600,8.2398239000,43305319,461067440.0000,2,0.209925,1,-1.121500,0
2013-11-11,sh.600036,8.1628162000,8.2013200500,8.0935092700,8.1089108100,8.1474146600,42903448,453035056.0000,2,0.207977,1,-0.472600,0
2013-11-12,sh.600036,8.1474146600,8.2321231300,8.1089108100,8.2244223600,8.1089108100,58961249,625010624.0000,2,0.285818,1,1.424500,0
2013-11-13,sh.600036,8.1551154300,8.1782177400,7.9471946400,7.9548954100,8.2244223600,85772647,892881152.0000,2,0.415788,1,-3.277200,0
2013-11-14,sh.600036,8.0088008000,8.0088008000,7.8855884800,7.9009900200,7.9548954100,49775908,512375168.0000,2,0.241292,1,-0.677600,0
2013-11-15,sh.600036,7.9394938700,8.1089108100,7.9240923300,7.9702969500,7.9009900200,77615898,808827136.0000,2,0.376248,1,0.877200,0
2013-11-18,sh.600036,8.0396038800,8.7711770300,8.0165015700,8.7326731800,7.9702969500,273536096,2978026016.0000,2,1.325982,1,9.565200,0
2013-11-19,sh.600036,8.7018701000,8.7326731800,8.4169416100,8.4862485400,8.7326731800,140792727,1563731728.0000,2,0.682501,1,-2.821900,0
2013-11-20,sh.600036,8.5555554700,8.6017600900,8.3707369900,8.4323431500,8.4862485400,91608000,1006411296.0000,2,0.444075,1,-0.635200,0
2013-11-21,sh.600036,8.3938393000,8.4554454600,8.2706269800,8.4477446900,8.4323431500,101948917,1107262496.0000,2,0.494203,1,0.182600,0
2013-11-22,sh.600036,8.4554454600,8.5093508500,8.3784377600,8.4554454600,8.4477446900,99751019,1093041280.0000,2,0.483549,1,0.091200,0
2013-11-25,sh.600036,8.4323431500,8.5093508500,8.3245323700,8.3322331400,8.4554454600,55419953,606068144.0000,2,0.268651,1,-1.457200,0
2013-11-26,sh.600036,8.3476346800,8.4015400700,8.3168316000,8.3399339100,8.3322331400,45184778,489637488.0000,2,0.219036,1,0.092400,0
2013-11-27,sh.600036,8.3476346800,8.4708470000,8.2860285200,8.3630362200,8.3399339100,72902148,793518320.0000,2,0.353397,1,0.277000,0
2013-11-28,sh.600036,8.3861385300,8.5247523900,8.3476346800,8.4169416100,8.3630362200,71508499,784421792.0000,2,0.346642,1,0.644600,0
2013-11-29,sh.600036,8.4631462300,8.4862485400,8.3784377600,8.4015400700,8.4169416100,48143873,526013152.0000,2,0.233380,1,-0.183000,0
2013-12-02,sh.600036,8.3938393000,8.6633662500,8.3784377600,8.5786577800,8.4015400700,130731773,1448882896.0000,2,0.633730,1,2.108200,0
2013-12-03,sh.600036,8.5478547000,8.5863585500,8.4785477700,8.5478547000,8.5786577800,58863295,652339424.0000,2,0.285343,1,-0.359100,0
2013-12-04,sh.600036,8.5247523900,8.6633662500,8.4939493100,8.5709570100,8.5478547000,83213232,928299360.0000,2,0.403381,1,0.270300,0
2013-12-05,sh.600036,8.5709570100,8.5863585500,8.4631462300,8.5016500800,8.5709570100,62644771,691618304.0000,2,0.303674,1,-0.808600,0
2013-12-06,sh.600036,8.4708470000,8.4785477700,8.3707369900,8.4554454600,8.5016500800,61369549,670861168.0000,2,0.297492,1,-0.543500,0
2013-12-09,sh.600036,8.4554454600,8.4785477700,8.3784377600,8.3938393000,8.4554454600,50928252,556052384.0000,2,0.246878,1,-0.728600,0
2013-12-10,sh.600036,8.5478547000,8.6094608600,8.4631462300,8.5401539300,8.3938393000,101602574,1124642448.0000,2,0.492524,1,1.743100,0
2013-12-11,sh.600036,8.5555554700,8.6094608600,8.4708470000,8.4862485400,8.5401539300,110548783,1225071504.0000,2,0.535892,1,-0.631200,0
2013-12-12,sh.600036,8.4708470000,8.5940593200,8.4092408400,8.4092408400,8.4862485400,79924552,883957360.0000,2,0.387439,1,-0.907400,0
2013-12-13,sh.600036,8.2860285200,8.3476346800,8.2013200500,8.2398239000,8.4092408400,97408282,1045591552.0000,2,0.472192,1,-2.014700,0
2013-12-16,sh.600036,8.2475246700,8.3322331400,8.1705169700,8.1782177400,8.2398239000,87015742,932522224.0000,2,0.421814,1,-0.747700,0
2013-12-17,sh.600036,8.2013200500,8.2706269800,8.1705169700,8.1859185100,8.1782177400,57884914,617628976.0000,2,0.280600,1,0.094200,0
2013-12-18,sh.600036,8.1859185100,8.3630362200,8.1782177400,8.3091308300,8.1859185100,74702559,803345568.0000,2,0.362125,1,1.505200,0
2013-12-19,sh.600036,8.3476346800,8.3784377600,8.2244223600,8.2398239000,8.3091308300,65703814,707572720.0000,2,0.318503,1,-0.834100,0
2013-12-20,sh.600036,8.2629262100,8.2783277500,7.9317931000,7.9548954100,8.2398239000,103316528,1084806736.0000,2,0.500833,1,-3.457900,0
2013-12-23,sh.600036,8.0165015700,8.0473046500,7.8932892500,7.9086907900,7.9548954100,78142541,808123248.0000,2,0.378800,1,-0.580800,0
2013-12-24,sh.600036,7.9702969500,7.9779977200,7.7777777000,7.8316830900,7.9086907900,91931959,942523744.0000,2,0.445645,1,-0.973700,0
2013-12-25,sh.600036,7.8624861700,7.9394938700,7.7700769300,7.9394938700,7.8316830900,94276714,958772192.0000,2,0.457012,1,1.376600,0
2013-12-26,sh.600036,7.9240923300,7.9317931000,7.8162815500,7.8162815500,7.9394938700,51417497,524651648.0000,2,0.249249,1,-1.551900,0
2013-12-27,sh.600036,7.8624861700,8.0165015700,7.8239823200,7.9394938700,7.8162815500,70565493,727168144.0000,2,0.342070,1,1.576400,0
2013-12-30,sh.600036,7.9856984900,8.1936192800,7.9240923300,8.1628162000,7.9394938700,104179954,1085120192.0000,2,0.505018,1,2.812800,0
2013-12-31,sh.600036,8.0627061900,8.5632562400,8.0550054200,8.3861385300,8.1628162000,296546960,3237763040.0000,2,1.437529,1,2.735800,0
2014-01-02,sh.600036,8.3476346800,8.3630362200,8.2167215900,8.2629262100,8.3861385300,53256490,571763440.0000,2,0.258164,1,-1.469200,0
2014-01-03,sh.600036,8.2013200500,8.2244223600,8.0088008000,8.0935092700,8.2629262100,58529809,615117104.0000,2,0.283727,1,-2.050300,0
2014-01-06,sh.600036,8.0858085000,8.1012100400,7.9471946400,8.0550054200,8.0935092700,65397030,680128048.0000,2,0.317016,1,-0.475700,0
2014-01-07,sh.600036,7.9548954100,8.1166115800,7.9163915600,8.1012100400,8.0550054200,54256386,566113072.0000,2,0.263011,1,0.573600,0
2014-01-08,sh.600036,8.1012100400,8.2321231300,8.0550054200,8.1859185100,8.1012100400,49293748,522881088.0000,2,0.238954,1,1.045600,0
2014-01-09,sh.600036,8.1705169700,8.2860285200,8.1705169700,8.2398239000,8.1859185100,48223379,515210320.0000,2,0.233766,1,0.658500,0
2014-01-10,sh.600036,8.2321231300,8.3322331400,8.1705169700,8.3168316000,8.2398239000,62914098,676364240.0000,2,0.304980,1,0.934600,0
2014-01-13,sh.600036,8.3322331400,8.4554454600,8.2629262100,8.3784377600,8.3168316000,77971600,848646192.0000,2,0.377972,1,0.740700,0
2014-01-14,sh.600036,8.3553354500,8.4092408400,8.2013200500,8.2783277500,8.3784377600,44867887,482287728.0000,2,0.217500,1,-1.194900,0
2014-01-15,sh.600036,8.2552254400,8.2783277500,8.1089108100,8.1551154300,8.2783277500,35573395,377633072.0000,2,0.172444,1,-1.488400,0
2014-01-16,sh.600036,8.1551154300,8.1859185100,8.1012100400,8.1243123500,8.1551154300,27592438,291872544.0000,2,0.133756,1,-0.377700,0
2014-01-17,sh.600036,8.1089108100,8.1474146600,8.0165015700,8.1397138900,8.1243123500,51874534,543888512.0000,2,0.251465,1,0.189600,0
2014-01-20,sh.600036,8.0935092700,8.1628162000,8.0242023400,8.0627061900,8.1397138900,27537862,289251392.0000,2,0.133491,1,-0.946100,0
2014-01-21,sh.600036,8.1166115800,8.2244223600,8.0704069600,8.1089108100,8.0627061900,25159217,266298797.0000,2,0.121961,1,0.573100,0
2014-01-22,sh.600036,8.1320131200,8.3014300600,8.0704069600,8.2398239000,8.1089108100,50123656,533545792.0000,2,0.242977,1,1.614400,0
2014-01-23,sh.600036,8.2167215900,8.2475246700,8.0781077300,8.1012100400,8.2398239000,38634112,408076176.0000,2,0.187281,1,-1.682200,0
2014-01-24,sh.600036,8.0704069600,8.1320131200,8.0011000300,8.0319031100,8.1012100400,52264195,546511664.0000,2,0.253354,1,-0.855500,0
2014-01-27,sh.600036,8.0088008000,8.0319031100,7.9163915600,7.9548954100,8.0319031100,47078702,486900304.0000,2,0.228217,1,-0.958800,0
2014-01-28,sh.600036,7.9702969500,8.0627061900,7.9625961800,8.0396038800,7.9548954100,39757824,414104448.0000,2,0.192728,1,1.064900,0
2014-01-29,sh.600036,8.0704069600,8.1320131200,8.0396038800,8.0935092700,8.0396038800,28538161,299746176.0000,2,0.138340,1,0.670500,0
2014-01-30,sh.600036,8.0781077300,8.0781077300,7.9471946400,7.9779977200,8.0935092700,26539270,275494768.0000,2,0.128651,1,-1.427200,0
2014-02-07,sh.600036,7.9317931000,7.9856984900,7.8855884800,7.9548954100,7.9779977200,32083538,329823152.0000,2,0.155527,1,-0.289600,0
2014-02-10,sh.600036,7.9856984900,8.0396038800,7.9702969500,8.0319031100,7.9548954100,54295943,564957008.0000,2,0.263203,1,0.968100,0
2014-02-11,sh.600036,8.0088008000,8.2706269800,7.9548954100,8.1397138900,8.0319031100,108473385,1144880496.0000,2,0.525831,1,1.342300,0
2014-02-12,sh.600036,8.1397138900,8.2013200500,8.0704069600,8.0935092700,8.1397138900,53802791,566714784.0000,2,0.260812,1,-0.567600,0
2014-02-13,sh.600036,8.0627061900,8.2783277500,8.0319031100,8.1089108100,8.0935092700,97138132,1027621728.0000,2,0.470883,1,0.190300,0
2014-02-14,sh.600036,8.1089108100,8.1474146600,8.0473046500,8.1012100400,8.1089108100,42266001,443898448.0000,2,0.204887,1,-0.095000,0
2014-02-17,sh.600036,8.1628162000,8.1936192800,8.0627061900,8.0935092700,8.1012100400,61964770,652124688.0000,2,0.300378,1,-0.095100,0
2014-02-18,sh.600036,8.0935092700,8.0935092700,7.9317931000,7.9471946400,8.0935092700,71937158,746349568.0000,2,0.348720,1,-1.807800,0
2014-02-19,sh.600036,7.9471946400,8.1551154300,7.9163915600,8.0935092700,7.9471946400,109595304,1143138288.0000,2,0.531270,1,1.841100,0
2014-02-20,sh.600036,8.0935092700,8.1705169700,7.9625961800,7.9702969500,8.0935092700,66654632,697343024.0000,2,0.323112,1,-1.522400,0
2014-02-21,sh.600036,7.9702969500,8.0473046500,7.9009900200,7.9471946400,7.9702969500,51432637,531421696.0000,2,0.249323,1,-0.289900,0
2014-02-24,sh.600036,7.9086907900,7.9086907900,7.7392738500,7.7623761600,7.9471946400,84429835,854470064.0000,2,0.409279,1,-2.325600,0
2014-02-25,sh.600036,7.7777777000,7.8085807800,7.6083607600,7.6545653800,7.7623761600,84310729,845056336.0000,2,0.408701,1,-1.388900,0
2014-02-26,sh.600036,7.6237623000,7.7623761600,7.6160615300,7.7161715400,7.6545653800,42355051,422574592.0000,2,0.205319,1,0.804800,0
2014-02-27,sh.600036,7.7315730800,7.7469746200,7.6083607600,7.7161715400,7.7161715400,64157274,640432176.0000,2,0.311006,1,0.000000,0
2014-02-28,sh.600036,7.7007700000,7.7469746200,7.5698569100,7.6468646100,7.7161715400,62775982,623305296.0000,2,0.304310,1,-0.898200,0
2014-03-03,sh.600036,7.5929592200,7.6160615300,7.5236522900,7.5621561400,7.6468646100,78309942,768373328.0000,2,0.379612,1,-1.107800,0
2014-03-04,sh.600036,7.5467546000,7.5467546000,7.4389438200,7.5082507500,7.5621561400,74867861,727027920.0000,2,0.362926,1,-0.712800,0
2014-03-05,sh.600036,7.5236522900,7.5236522900,7.4081407400,7.4158415100,7.5082507500,57911138,560459184.0000,2,0.280728,1,-1.230800,0
2014-03-06,sh.600036,7.4081407400,7.5313530600,7.3927392000,7.4928492100,7.4158415100,54930368,532547456.0000,2,0.266278,1,1.038400,0
2014-03-07,sh.600036,7.4928492100,7.5775576800,7.4312430500,7.4543453600,7.4928492100,54820326,533628720.0000,2,0.265745,1,-0.513900,0
2014-03-10,sh.600036,7.4004399700,7.4158415100,7.2772276500,7.2926291900,7.4543453600,70913113,675011728.0000,2,0.343755,1,-2.169400,0
2014-03-11,sh.600036,7.2926291900,7.3388338100,7.2464245700,7.3080307300,7.2926291900,41346048,391277504.0000,2,0.200427,1,0.211200,0
2014-03-12,sh.600036,7.2849284200,7.4466445900,7.2541253400,7.4004399700,7.3080307300,58695529,560385904.0000,2,0.284530,1,1.264500,0
2014-03-13,sh.600036,7.4235422800,7.5929592200,7.3773376600,7.4466445900,7.4004399700,70061795,680872320.0000,2,0.339629,1,0.624400,0
2014-03-14,sh.600036,7.4235422800,7.4235422800,7.3157315000,7.3619361200,7.4466445900,57744624,551561360.0000,2,0.279920,1,-1.137500,0
2014-03-17,sh.600036,7.4158415100,7.4389438200,7.3311330400,7.3850384300,7.3619361200,35278657,338292944.0000,2,0.171015,1,0.313800,0
2014-03-18,sh.600036,7.3773376600,7.4543453600,7.3619361200,7.3850384300,7.3850384300,44802741,430280112.0000,2,0.217184,1,0.000000,0
2014-03-19,sh.600036,7.3619361200,7.3619361200,7.3080307300,7.3542353500,7.3850384300,30535982,290635376.0000,2,0.148025,1,-0.417100,0
2014-03-20,sh.600036,7.3542353500,7.4158415100,7.2772276500,7.2849284200,7.3542353500,36331308,346938416.0000,2,0.176118,1,-0.942400,0
2014-03-21,sh.600036,7.2849284200,7.6237623000,7.2695268800,7.5775576800,7.2849284200,114371952,1111471744.0000,2,0.554425,1,4.016900,0
2014-03-24,sh.600036,7.5852584500,7.6083607600,7.5005499800,7.5775576800,7.5775576800,79845091,784583248.0000,2,0.387054,1,0.000000,0
2014-03-25,sh.600036,7.5775576800,7.6237623000,7.5159515200,7.5390538300,7.5775576800,41901549,410810480.0000,2,0.203120,1,-0.508100,0
2014-03-26,sh.600036,7.5621561400,7.5852584500,7.5236522900,7.5467546000,7.5390538300,33632721,329655920.0000,2,0.163037,1,0.102100,0
2014-03-27,sh.600036,7.5467546000,7.6468646100,7.4466445900,7.5390538300,7.5467546000,72840167,714877696.0000,2,0.353097,1,-0.102000,0
2014-03-28,sh.600036,7.5390538300,7.6391638400,7.5236522900,7.5929592200,7.5390538300,67562392,665062160.0000,2,0.327513,1,0.715000,0
2014-03-31,sh.600036,7.5852584500,7.6237623000,7.4851484400,7.5621561400,7.5929592200,53922086,529273312.0000,2,0.261390,1,-0.405700,0
2014-04-01,sh.600036,7.5544553700,7.6468646100,7.5313530600,7.6083607600,7.5621561400,40553530,400451168.0000,2,0.196586,1,0.611000,0
2014-04-02,sh.600036,7.6083607600,7.7084707700,7.5929592200,7.6776676900,7.6083607600,46973144,466611152.0000,2,0.227705,1,0.910900,0
2014-04-03,sh.600036,7.7007700000,7.7392738500,7.5852584500,7.6083607600,7.6776676900,37611536,374082288.0000,2,0.182324,1,-0.902700,0
2014-04-04,sh.600036,7.5775576800,7.6699669200,7.5467546000,7.6622661500,7.6083607600,28983715,286708976.0000,2,0.140500,1,0.708500,0
2014-04-08,sh.600036,7.6622661500,8.0011000300,7.6622661500,7.8855884800,7.6622661500,125647540,1279344672.0000,2,0.609084,1,2.914600,0
2014-04-09,sh.600036,7.8778877100,7.9240923300,7.8239823200,7.8393838600,7.8855884800,49546199,505351296.0000,2,0.240178,1,-0.585900,0
2014-04-10,sh.600036,7.8547854000,8.1474146600,7.8008800100,8.0165015700,7.8393838600,125741022,1303872080.0000,2,0.609537,1,2.259300,0
2014-04-11,sh.600036,8.0088008000,8.0473046500,7.9317931000,8.0011000300,8.0165015700,83700450,867866656.0000,2,0.405743,1,-0.192100,0
2014-04-14,sh.600036,8.0011000300,8.0704069600,7.8701869400,7.9394938700,8.0011000300,44536083,459224784.0000,2,0.215891,1,-0.770000,0
2014-04-15,sh.600036,7.8932892500,7.9086907900,7.7084707700,7.7469746200,7.9394938700,55898830,565140304.0000,2,0.270973,1,-2.424800,0
2014-04-16,sh.600036,7.7392738500,7.8316830900,7.7161715400,7.7854784700,7.7469746200,32300028,326676288.0000,2,0.156576,1,0.497000,0
2014-04-17,sh.600036,7.8162815500,7.8470846300,7.7546753900,7.7700769300,7.7854784700,24985543,252693871.0000,2,0.121119,1,-0.197800,0
2014-04-18,sh.600036,7.7238723100,7.7777777000,7.6468646100,7.7084707700,7.7700769300,44941878,449241264.0000,2,0.217858,1,-0.792900,0
2014-04-21,sh.600036,7.6699669200,7.7469746200,7.5621561400,7.5775576800,7.7084707700,45225074,449874816.0000,2,0.219231,1,-1.698300,0
2014-04-22,sh.600036,7.5775576800,7.6853684600,7.5621561400,7.6545653800,7.5775576800,39771333,393671408.0000,2,0.192794,1,1.016300,0
2014-04-23,sh.600036,7.6468646100,7.7238723100,7.6314630700,7.6468646100,7.6545653800,39664468,395213888.0000,2,0.192276,1,-0.100600,0
2014-04-24,sh.600036,7.6776676900,7.7854784700,7.6391638400,7.6930692300,7.6468646100,41519736,416229408.0000,2,0.201269,1,0.604200,0
2014-04-25,sh.600036,7.7623761600,7.8855884800,7.6930692300,7.7546753900,7.6930692300,72827004,738460768.0000,2,0.353033,1,0.800800,0
2014-04-28,sh.600036,7.8085807800,7.8316830900,7.6853684600,7.7469746200,7.7546753900,57743208,580640160.0000,2,0.279914,1,-0.099300,0
2014-04-29,sh.600036,7.7623761600,7.8162815500,7.6930692300,7.7854784700,7.7469746200,55927383,562876288.0000,2,0.271111,1,0.497000,0
2014-04-30,sh.600036,7.7931792400,7.8085807800,7.7161715400,7.7238723100,7.7854784700,38465222,386563168.0000,2,0.186462,1,-0.791300,0
2014-05-05,sh.600036,7.7007700000,7.7161715400,7.5390538300,7.6545653800,7.7238723100,56011294,554555888.0000,2,0.271518,1,-0.897300,0
2014-05-06,sh.600036,7.6391638400,7.7007700000,7.5852584500,7.6006599900,7.6545653800,24992188,247781577.0000,2,0.121151,1,-0.704200,0
2014-05-07,sh.600036,7.6006599900,7.6391638400,7.5852584500,7.5929592200,7.6006599900,33178236,327641184.0000,2,0.160833,1,-0.101300,0
2014-05-08,sh.600036,7.5929592200,7.7315730800,7.5698569100,7.6160615300,7.5929592200,34742436,344841536.0000,2,0.168416,1,0.304300,0
2014-05-09,sh.600036,7.6468646100,7.6853684600,7.6160615300,7.6314630700,7.6160615300,28961356,287586112.0000,2,0.140392,1,0.202200,0
2014-05-12,sh.600036,7.6699669200,7.7623761600,7.6391638400,7.7238723100,7.6314630700,46585065,466818880.0000,2,0.225824,1,1.210900,0
2014-05-13,sh.600036,7.7238723100,7.7315730800,7.6699669200,7.6930692300,7.7238723100,24024603,240029863.0000,2,0.116461,1,-0.398800,0
2014-05-14,sh.600036,7.7007700000,7.7469746200,7.6776676900,7.6930692300,7.6930692300,28490402,285183152.0000,2,0.138109,1,0.000000,0
2014-05-15,sh.600036,7.6930692300,7.7315730800,7.6699669200,7.6853684600,7.6930692300,26320372,263260420.0000,2,0.127590,1,-0.100100,0
2014-05-16,sh.600036,7.7238723100,7.7546753900,7.6853684600,7.7238723100,7.6853684600,38020072,381636832.0000,2,0.184304,1,0.501000,0
2014-05-19,sh.600036,7.7007700000,7.7161715400,7.5390538300,7.5929592200,7.7238723100,50974452,503707200.0000,2,0.247102,1,-1.694900,0
2014-05-20,sh.600036,7.6006599900,7.6468646100,7.5698569100,7.6083607600,7.5929592200,25492973,251840078.0000,2,0.123579,1,0.202800,0
2014-05-21,sh.600036,7.5544553700,7.6776676900,7.5544553700,7.6622661500,7.6083607600,20692494,205035396.0000,2,0.100308,1,0.708500,0
2014-05-22,sh.600036,7.6622661500,7.7777777000,7.6468646100,7.6699669200,7.6622661500,34599000,346700960.0000,2,0.167721,1,0.100500,0
2014-05-23,sh.600036,7.6930692300,7.7623761600,7.6699669200,7.7546753900,7.6699669200,25365522,254501408.0000,2,0.122961,1,1.104400,0
2014-05-26,sh.600036,7.8162815500,7.8239823200,7.7315730800,7.7623761600,7.7546753900,36080833,364689584.0000,2,0.174904,1,0.099300,0
2014-05-27,sh.600036,7.7623761600,7.8316830900,7.7392738500,7.7854784700,7.7623761600,40848482,413653744.0000,2,0.198015,1,0.297600,0
2014-05-28,sh.600036,7.7854784700,7.8624861700,7.7700769300,7.8547854000,7.7854784700,45123041,458678224.0000,2,0.218737,1,0.890200,0
2014-05-29,sh.600036,7.8701869400,7.8932892500,7.8162815500,7.8162815500,7.8547854000,39560877,403560336.0000,2,0.191774,1,-0.490200,0
2014-05-30,sh.600036,7.8162815500,7.8855884800,7.8008800100,7.8162815500,7.8162815500,22071495,224765214.0000,2,0.106993,1,0.000000,0
2014-06-03,sh.600036,7.8085807800,7.9086907900,7.7546753900,7.8393838600,7.8162815500,36299531,369877120.0000,2,0.175964,1,0.295600,0
2014-06-04,sh.600036,7.8470846300,7.8547854000,7.7469746200,7.7777777000,7.8393838600,27462646,277448832.0000,2,0.133127,1,-0.785900,0
2014-06-05,sh.600036,7.7931792400,7.8393838600,7.7238723100,7.8239823200,7.7777777000,39944413,403018016.0000,2,0.193633,1,0.594100,0
2014-06-06,sh.600036,7.8239823200,7.8239823200,7.6545653800,7.7007700000,7.8239823200,57542195,576728448.0000,2,0.278939,1,-1.574800,0
2014-06-09,sh.600036,7.6699669200,7.8085807800,7.6699669200,7.7007700000,7.7007700000,42459304,426219840.0000,2,0.205824,1,0.000000,0
2014-06-10,sh.600036,7.7469746200,7.8239823200,7.6930692300,7.8162815500,7.7007700000,69402568,699032624.0000,2,0.336433,1,1.500000,0
2014-06-11,sh.600036,7.7931792400,7.8470846300,7.7546753900,7.7931792400,7.8162815500,37211958,376400144.0000,2,0.180387,1,-0.295600,0
2014-06-12,sh.600036,7.7777777000,7.7931792400,7.7315730800,7.7546753900,7.7931792400,33885390,341458384.0000,2,0.164261,1,-0.494100,0
2014-06-13,sh.600036,7.7469746200,7.9086907900,7.7392738500,7.8701869400,7.7546753900,71212184,725381632.0000,2,0.345205,1,1.489600,0
2014-06-16,sh.600036,7.8778877100,8.0550054200,7.8316830900,8.0011000300,7.8701869400,90740221,937827552.0000,2,0.439868,1,1.663400,0
2014-06-17,sh.600036,7.9933992600,7.9933992600,7.9086907900,7.9471946400,8.0011000300,50260416,518131488.0000,2,0.243640,1,-0.673700,0
2014-06-18,sh.600036,7.9471946400,7.9856984900,7.8855884800,7.8932892500,7.9471946400,42768145,441140928.0000,2,0.207321,1,-0.678300,0
2014-06-19,sh.600036,7.9317931000,7.9471946400,7.8162815500,7.8470846300,7.8932892500,44841298,458547152.0000,2,0.217371,1,-0.585400,0
2014-06-20,sh.600036,7.8547854000,7.8855884800,7.8162815500,7.8624861700,7.8470846300,45240167,461205776.0000,2,0.219304,1,0.196300,0
2014-06-23,sh.600036,7.8624861700,7.8701869400,7.7700769300,7.7777777000,7.8624861700,41342112,419972080.0000,2,0.200408,1,-1.077400,0
2014-06-24,sh.600036,7.7777777000,7.8470846300,7.7700769300,7.8393838600,7.7777777000,31811465,323067120.0000,2,0.154208,1,0.792100,0
2014-06-25,sh.600036,7.8393838600,7.8470846300,7.7854784700,7.8085807800,7.8393838600,30674436,310961072.0000,2,0.148696,1,-0.392900,0
2014-06-26,sh.600036,7.8316830900,7.9163915600,7.8162815500,7.8855884800,7.8085807800,37108956,379071520.0000,2,0.179888,1,0.986200,0
2014-06-27,sh.600036,7.8624861700,7.9009900200,7.8239823200,7.8393838600,7.8855884800,40741151,415510400.0000,2,0.197495,1,-0.585900,0
2014-06-30,sh.600036,7.8393838600,7.9009900200,7.8393838600,7.8855884800,7.8393838600,39066695,399105984.0000,2,0.189378,1,0.589400,0
2014-07-01,sh.600036,7.8932892500,7.9163915600,7.8547854000,7.8778877100,7.8855884800,33859662,346594416.0000,2,0.164137,1,-0.097700,0
2014-07-02,sh.600036,7.8778877100,7.9163915600,7.8701869400,7.9009900200,7.8778877100,38268456,392486576.0000,2,0.185509,1,0.293300,0
2014-07-03,sh.600036,7.9086907900,7.9702969500,7.8932892500,7.9625961800,7.9009900200,55189522,569267360.0000,2,0.267534,1,0.779700,0
2014-07-04,sh.600036,7.9548954100,7.9856984900,7.9394938700,7.9625961800,7.9625961800,32935545,340479296.0000,2,0.159657,1,0.000000,0
2014-07-07,sh.600036,7.9625961800,7.9779977200,7.9317931000,7.9471946400,7.9625961800,32183068,332206224.0000,2,0.156009,1,-0.193400,0
2014-07-08,sh.600036,7.9471946400,8.0011000300,7.9317931000,7.9856984900,7.9471946400,36679126,379699456.0000,2,0.177804,1,0.484500,0
2014-07-09,sh.600036,7.9779977200,7.9856984900,7.8701869400,7.8855884800,7.9856984900,50446107,519080032.0000,2,0.244540,1,-1.253600,0
2014-07-10,sh.600036,7.8932892500,7.9471946400,7.8932892500,7.9009900200,7.8855884800,42521270,436831184.0000,2,0.206124,1,0.195300,0
2014-07-11,sh.600036,7.9091786000,7.9829429600,7.8927865200,7.9419627600,7.9009825600,48873743,473621408.0000,2,0.236918,1,0.518700,0
2014-07-14,sh.600036,7.9419627600,7.9911390000,7.9009825600,7.9911390000,7.9419627600,46443375,450155984.0000,2,0.225137,1,0.619200,0
2014-07-15,sh.600036,7.9911390000,8.0239231600,7.9583548400,8.0157271200,7.9911390000,44903197,437770960.0000,2,0.217671,1,0.307700,0
2014-07-16,sh.600036,8.0157271200,8.0649033600,7.9829429600,8.0239231600,8.0157271200,45693063,447191952.0000,2,0.221500,1,0.102300,0
2014-07-17,sh.600036,8.0239231600,8.0239231600,7.9583548400,7.9829429600,8.0239231600,29921279,291821824.0000,2,0.145045,1,-0.510700,0
2014-07-18,sh.600036,7.9829429600,8.0567073200,7.9665508800,8.0239231600,7.9829429600,45872984,449290944.0000,2,0.222372,1,0.513300,0
2014-07-21,sh.600036,8.0239231600,8.0485112800,7.9911390000,8.0403152400,8.0239231600,30666747,300017776.0000,2,0.148659,1,0.204300,0
2014-07-22,sh.600036,8.0485112800,8.2452162400,8.0239231600,8.1796479200,8.0403152400,90924266,905711760.0000,2,0.440761,1,1.732900,0
2014-07-23,sh.600036,8.1714518800,8.3025885200,8.1632558400,8.2534122800,8.1796479200,78775425,794073392.0000,2,0.381868,1,0.901800,0
2014-07-24,sh.600036,8.2534122800,8.5238816000,8.2534122800,8.4747053600,8.2534122800,141612839,1460972720.0000,2,0.686476,1,2.681200,0
2014-07-25,sh.600036,8.5074895200,8.6058420000,8.4992934800,8.5976459600,8.4747053600,77555587,809852256.0000,2,0.375955,1,1.450700,0
2014-07-28,sh.600036,8.6714103200,9.0402321200,8.6714103200,8.9910558800,8.5976459600,178057210,1939612896.0000,2,0.863143,1,4.575800,0
2014-07-29,sh.600036,8.9992519200,9.1303885600,8.9418796400,9.0402321200,8.9910558800,106117117,1168891104.0000,2,0.514409,1,0.546900,0
2014-07-30,sh.600036,9.0402321200,9.1549766800,8.9500756800,9.0074479600,9.0402321200,88811450,979789728.0000,2,0.430519,1,-0.362600,0
2014-07-31,sh.600036,8.9582717200,9.0812123200,8.9254875600,9.0730162800,9.0074479600,69895997,767160080.0000,2,0.338825,1,0.727900,0
2014-08-01,sh.600036,9.0402321200,9.2779172800,9.0074479600,9.0320360800,9.0730162800,96819251,1076878000.0000,2,0.469337,1,-0.451700,0
2014-08-04,sh.600036,9.0320360800,9.2205450000,9.0156440000,9.2205450000,9.0320360800,81192514,904460976.0000,2,0.393585,1,2.087100,0
2014-08-05,sh.600036,9.2123489600,9.2205450000,9.1058004400,9.1631727200,9.2205450000,63237688,705835008.0000,2,0.306548,1,-0.622200,0
2014-08-06,sh.600036,9.0976044000,9.0976044000,8.9336836000,8.9992519200,9.1631727200,85425499,938016208.0000,2,0.414105,1,-1.788900,0
2014-08-07,sh.600036,8.9582717200,9.0730162800,8.7861548800,8.8025469600,8.9992519200,75661754,821957632.0000,2,0.366775,1,-2.185800,0
2014-08-08,sh.600036,8.8435271600,8.8927034000,8.7615667600,8.8763113200,8.8025469600,58870029,633995232.0000,2,0.285376,1,0.838000,0
2014-08-11,sh.600036,8.9008994400,9.1139964800,8.8845073600,9.0812123200,8.8763113200,61489279,676379248.0000,2,0.298073,1,2.308400,0
2014-08-12,sh.600036,8.9992519200,9.0402321200,8.9090954800,8.9418796400,9.0812123200,56007016,611588240.0000,2,0.271497,1,-1.534300,0
2014-08-13,sh.600036,8.9418796400,9.0156440000,8.8517232000,8.8763113200,8.9418796400,62901988,683507728.0000,2,0.304921,1,-0.733300,0
2014-08-14,sh.600036,8.8763113200,8.9582717200,8.7451746800,8.8025469600,8.8763113200,90536118,972743104.0000,2,0.438879,1,-0.831000,0
2014-08-15,sh.600036,8.7943509200,8.9008994400,8.7451746800,8.8435271600,8.8025469600,57498429,619359136.0000,2,0.278727,1,0.465600,0
2014-08-18,sh.600036,8.8517232000,8.9172915200,8.8189390400,8.8517232000,8.8435271600,48283316,521746272.0000,2,0.234056,1,0.092700,0
2014-08-19,sh.600036,8.8517232000,8.8681152800,8.7697628000,8.8353311200,8.8517232000,42085721,452326992.0000,2,0.204013,1,-0.185200,0
2014-08-20,sh.600036,8.8025469600,8.8353311200,8.7533707200,8.7861548800,8.8353311200,35076989,375835712.0000,2,0.170038,1,-0.556600,0
2014-08-21,sh.600036,8.7861548800,8.7861548800,8.6140380400,8.6878024000,8.7861548800,54942372,581428128.0000,2,0.266336,1,-1.119400,0
2014-08-22,sh.600036,8.6550182400,8.7943509200,8.6304301200,8.7779588400,8.6878024000,40205574,429221808.0000,2,0.194899,1,1.037700,0
2014-08-25,sh.600036,8.7861548800,8.8025469600,8.6304301200,8.6714103200,8.7779588400,40054004,424399056.0000,2,0.194164,1,-1.213800,0
2014-08-26,sh.600036,8.6714103200,8.7205865600,8.6304301200,8.6878024000,8.6714103200,37654564,398686416.0000,2,0.182533,1,0.189000,0
2014-08-27,sh.600036,8.6550182400,8.7123905200,8.6140380400,8.6632142800,8.6878024000,37205732,392871920.0000,2,0.180357,1,-0.283000,0
2014-08-28,sh.600036,8.6632142800,8.6632142800,8.5484697200,8.5812538800,8.6632142800,53249298,558340400.0000,2,0.258129,1,-0.946100,0
2014-08-29,sh.600036,8.6304301200,8.6632142800,8.5648618000,8.6550182400,8.5812538800,31151613,327255952.0000,2,0.151009,1,0.859600,0
2014-09-01,sh.600036,8.6796063600,8.6959984400,8.6058420000,8.6386261600,8.6550182400,44664646,471342240.0000,2,0.216514,1,-0.189400,0
2014-09-02,sh.600036,8.6550182400,8.7861548800,8.5812538800,8.7615667600,8.6386261600,85066325,899627568.0000,2,0.412364,1,1.423100,0
2014-09-03,sh.600036,8.7533707200,8.8845073600,8.7369786400,8.8353311200,8.7615667600,82178689,885389856.0000,2,0.398366,1,0.841900,0
2014-09-04,sh.600036,8.8435271600,8.9090954800,8.7861548800,8.8763113200,8.8353311200,58184196,627802352.0000,2,0.282051,1,0.463800,0
2014-09-05,sh.600036,8.9008994400,8.9746638000,8.8927034000,8.9582717200,8.8763113200,71109742,775337088.0000,2,0.344709,1,0.923400,0
2014-09-09,sh.600036,8.9582717200,8.9910558800,8.8435271600,8.8517232000,8.9582717200,52675617,571253552.0000,2,0.255348,1,-1.189400,0
2014-09-10,sh.600036,8.7697628000,8.8435271600,8.7369786400,8.7779588400,8.8517232000,47045210,504221904.0000,2,0.228054,1,-0.833300,0
2014-09-11,sh.600036,8.7697628000,8.8599192400,8.7041944800,8.7123905200,8.7779588400,77092885,824640192.0000,2,0.373712,1,-0.747000,0
2014-09-12,sh.600036,8.6959984400,8.7697628000,8.6714103200,8.7615667600,8.7123905200,37288834,396399552.0000,2,0.180760,1,0.564400,0
2014-09-15,sh.600036,8.6959984400,8.7369786400,8.6550182400,8.7041944800,8.7615667600,58219154,617237568.0000,2,0.282221,1,-0.654800,0
2014-09-16,sh.600036,8.7123905200,8.8107430000,8.6550182400,8.6714103200,8.7041944800,83101208,884221952.0000,2,0.402838,1,-0.376600,0
2014-09-17,sh.600036,8.7287826000,8.7369786400,8.6222340800,8.6714103200,8.6714103200,61592007,651655936.0000,2,0.298571,1,0.000000,0
2014-09-18,sh.600036,8.6304301200,8.7369786400,8.5976459600,8.6632142800,8.6714103200,77294558,816814752.0000,2,0.374690,1,-0.094500,0
2014-09-19,sh.600036,8.6550182400,8.7205865600,8.6304301200,8.7041944800,8.6632142800,59631606,631467552.0000,2,0.289068,1,0.473000,0
2014-09-22,sh.600036,8.6550182400,8.6632142800,8.4583132800,8.4910974400,8.7041944800,78671055,820337552.0000,2,0.381362,1,-2.448200,0
2014-09-23,sh.600036,8.4829014000,8.5484697200,8.4501172400,8.5156855600,8.4910974400,51796848,537216304.0000,2,0.251088,1,0.289600,0
2014-09-24,sh.600036,8.4747053600,8.6878024000,8.4665093200,8.6632142800,8.5156855600,85953089,901598416.0000,2,0.416663,1,1.732400,0
2014-09-25,sh.600036,8.7287826000,8.7369786400,8.5730578400,8.6058420000,8.6632142800,73618411,777900976.0000,2,0.356870,1,-0.662200,0
2014-09-26,sh.600036,8.5812538800,8.6140380400,8.5238816000,8.5648618000,8.6058420000,42616236,444799616.0000,2,0.206585,1,-0.476200,0
2014-09-29,sh.600036,8.5648618000,8.5894499200,8.4910974400,8.5238816000,8.5648618000,74808870,778930624.0000,2,0.362640,1,-0.478500,0
2014-09-30,sh.600036,8.5320776400,8.5566657600,8.4910974400,8.5156855600,8.5238816000,53937511,560313600.0000,2,0.261465,1,-0.096100,0
2014-10-08,sh.600036,8.5320776400,8.5730578400,8.4829014000,8.5648618000,8.5156855600,80876668,841797712.0000,2,0.392054,1,0.577500,0
2014-10-09,sh.600036,8.5648618000,8.6386261600,8.5238816000,8.5648618000,8.5648618000,81206641,849495680.0000,2,0.393654,1,0.000000,0
2014-10-10,sh.600036,8.5320776400,8.6222340800,8.5156855600,8.5812538800,8.5648618000,73045311,761639376.0000,2,0.354091,1,0.191400,0
2014-10-13,sh.600036,8.5320776400,8.5812538800,8.4829014000,8.5402736800,8.5812538800,65139327,676177840.0000,2,0.315767,1,-0.477600,0
2014-10-14,sh.600036,8.5156855600,8.5566657600,8.4747053600,8.4910974400,8.5402736800,54272142,563688112.0000,2,0.263087,1,-0.575800,0
2014-10-15,sh.600036,8.4747053600,8.5402736800,8.4501172400,8.5402736800,8.4910974400,52451447,543927120.0000,2,0.254261,1,0.579200,0
2014-10-16,sh.600036,8.4992934800,8.6222340800,8.4747053600,8.5156855600,8.5402736800,86060716,898740512.0000,2,0.417184,1,-0.287900,0
2014-10-17,sh.600036,8.5156855600,8.5648618000,8.4583132800,8.4992934800,8.5156855600,57961760,601332592.0000,2,0.280973,1,-0.192500,0
2014-10-20,sh.600036,8.5402736800,8.5484697200,8.4829014000,8.5156855600,8.4992934800,45123722,468389584.0000,2,0.218740,1,0.192900,0
2014-10-21,sh.600036,8.5156855600,8.5402736800,8.4910974400,8.4992934800,8.5156855600,51776718,537789472.0000,2,0.250991,1,-0.192500,0
2014-10-22,sh.600036,8.4992934800,8.5484697200,8.4829014000,8.4910974400,8.4992934800,69087717,717813696.0000,2,0.334907,1,-0.096400,0
2014-10-23,sh.600036,8.4910974400,8.5566657600,8.4829014000,8.5156855600,8.4910974400,73475820,764449856.0000,2,0.356178,1,0.289600,0
2014-10-24,sh.600036,8.5238816000,8.5648618000,8.4829014000,8.4910974400,8.5156855600,65830725,684756976.0000,2,0.319118,1,-0.288700,0
2014-10-27,sh.600036,8.4665093200,8.4747053600,8.3025885200,8.3271766400,8.4910974400,89750548,918395776.0000,2,0.435071,1,-1.930500,0
2014-10-28,sh.600036,8.3517647600,8.4337251600,8.3271766400,8.4255291200,8.3271766400,84195339,860058016.0000,2,0.408142,1,1.181100,0
2014-10-29,sh.600036,8.4337251600,8.5648618000,8.4173330800,8.5074895200,8.4255291200,94817770,981755264.0000,2,0.459635,1,0.972800,0
2014-10-30,sh.600036,8.5156855600,8.6222340800,8.4910974400,8.5812538800,8.5074895200,98486732,1027105408.0000,2,0.477420,1,0.867100,0
2014-10-31,sh.600036,8.6140380400,8.9500756800,8.6058420000,8.8517232000,8.5812538800,230966257,2473009808.0000,2,1.119622,1,3.151900,0
2014-11-03,sh.600036,8.8927034000,8.9090954800,8.7369786400,8.7615667600,8.8517232000,107585373,1153898048.0000,2,0.521526,1,-1.018500,0
2014-11-04,sh.600036,8.7451746800,8.7451746800,8.6632142800,8.6878024000,8.7615667600,81087060,859952832.0000,2,0.393074,1,-0.841900,0
2014-11-05,sh.600036,8.6714103200,8.7041944800,8.6058420000,8.6140380400,8.6878024000,58082464,612081120.0000,2,0.281558,1,-0.849100,0
2014-11-06,sh.600036,8.6796063600,8.6796063600,8.6140380400,8.6468222000,8.6140380400,50113268,528946960.0000,2,0.242927,1,0.380600,0
2014-11-07,sh.600036,8.6468222000,8.8435271600,8.6140380400,8.6632142800,8.6468222000,142603809,1515546416.0000,2,0.691280,1,0.189600,0
2014-11-10,sh.600036,8.8025469600,8.8517232000,8.6878024000,8.8189390400,8.6632142800,139327822,1489651184.0000,2,0.675400,1,1.797500,0
2014-11-11,sh.600036,8.8435271600,9.2123489600,8.8271350800,9.0320360800,8.8189390400,373721120,4110827472.0000,2,1.811635,1,2.416400,0
2014-11-12,sh.600036,8.9418796400,9.0156440000,8.8599192400,9.0074479600,9.0320360800,138587203,1510470496.0000,2,0.671809,1,-0.272200,0
2014-11-13,sh.600036,9.0320360800,9.1467806400,8.9418796400,8.9910558800,9.0074479600,154652996,1704236464.0000,2,0.749689,1,-0.182000,0
2014-11-14,sh.600036,8.9582717200,8.9992519200,8.8353311200,8.9500756800,8.9910558800,88559223,962463808.0000,2,0.429296,1,-0.455800,0
2014-11-17,sh.600036,9.0320360800,9.0812123200,8.8517232000,8.8517232000,8.9500756800,98593224,1075277760.0000,2,0.477936,1,-1.098900,0
2014-11-18,sh.600036,8.8599192400,8.8845073600,8.6632142800,8.7123905200,8.8517232000,111028741,1185806976.0000,2,0.538218,1,-1.574100,0
2014-11-19,sh.600036,8.6959984400,8.7533707200,8.6878024000,8.7205865600,8.7123905200,61748524,656843456.0000,2,0.299330,1,0.094100,0
2014-11-20,sh.600036,8.6878024000,8.7615667600,8.6468222000,8.6796063600,8.7205865600,87099943,924188528.0000,2,0.422222,1,-0.469900,0
2014-11-21,sh.600036,8.7041944800,8.8927034000,8.6550182400,8.8517232000,8.6796063600,122719771,1314595680.0000,2,0.594891,1,1.983000,0
2014-11-24,sh.600036,8.7451746800,8.9746638000,8.7123905200,8.9008994400,8.8517232000,197935178,2134532928.0000,2,0.959502,1,0.555600,0
2014-11-25,sh.600036,8.8927034000,9.1877608400,8.8599192400,9.1058004400,8.9008994400,221952213,2438717312.0000,2,1.075926,1,2.302000,0
2014-11-26,sh.600036,9.1139964800,9.3107014400,9.0894083600,9.2861133200,9.1058004400,278657824,3133243184.0000,2,1.350810,1,1.980200,0
2014-11-27,sh.600036,9.3434856000,9.4746222400,9.2123489600,9.3434856000,9.2861133200,256569655,2924452512.0000,2,1.243736,1,0.617800,0
2014-11-28,sh.600036,9.3352895600,10.0811292000,9.2205450000,9.9581886000,9.3434856000,505203456,5995501824.0000,2,2.449003,1,6.578900,0
2014-12-01,sh.600036,9.9663846400,10.2860302000,9.7614836400,9.9254044400,9.9581886000,365772880,4468664064.0000,2,1.773105,1,-0.329200,0
2014-12-02,sh.600036,9.8106598800,10.6548520000,9.7778757200,10.4089708000,9.9254044400,386134816,4800513024.0000,2,1.871811,1,4.872000,0
2014-12-03,sh.600036,10.4581470400,10.7614005200,10.1548935600,10.3679906000,10.4089708000,423086064,5419273728.0000,2,2.050934,1,-0.393700,0
2014-12-04,sh.600036,10.5319114000,11.3761035200,10.4089708000,11.1793985600,10.3679906000,487620304,6530002176.0000,2,2.363768,1,7.826100,0
2014-12-05,sh.600036,11.3924956000,11.8842580000,10.9007332000,11.4334758000,11.1793985600,639778576,8897229824.0000,2,3.101364,1,2.272700,0
2014-12-08,sh.600036,11.3105352000,11.6793570000,10.9990856800,11.4416718400,11.4334758000,720427936,10009732352.0000,2,3.492316,1,0.071700,0
2014-12-09,sh.600036,11.2285748000,11.9662184000,10.4089708000,10.6876361600,11.4416718400,759492384,10657924352.0000,2,3.681683,1,-6.590300,0
2014-12-10,sh.600036,10.7859886400,11.6383768000,10.2860302000,11.5728084800,10.6876361600,547208944,7346901504.0000,2,2.652627,1,8.282200,0
2014-12-11,sh.600036,11.7121411600,12.2612758400,11.4088876800,11.6711609600,11.5728084800,595906288,8598092800.0000,2,2.888690,1,0.849900,0
2014-12-12,sh.600036,11.5072401600,11.8350817600,11.1630064800,11.4006916400,11.6711609600,376947328,5295825664.0000,2,1.827274,1,-2.317400,0
2014-12-15,sh.600036,11.2367708400,11.2367708400,10.9089292400,11.1630064800,11.4006916400,235485573,3178107408.0000,2,1.141530,1,-2.084800,0
2014-12-16,sh.600036,11.1384183600,11.6465728400,11.0482619200,11.6383768000,11.1630064800,382798032,5336939776.0000,2,1.855636,1,4.258400,0
2014-12-17,sh.600036,11.6793570000,12.6792738800,11.4580639200,12.3760204000,11.6383768000,843193376,12458078976.0000,2,4.087429,1,6.338000,0
2014-12-18,sh.600036,12.3924124800,12.4579808000,11.9662184000,12.0727669200,12.3760204000,416116608,6197378304.0000,2,2.017149,1,-2.450300,0
2014-12-19,sh.600036,12.0891590000,12.4251966400,11.8514738400,12.2284916800,12.0727669200,349429328,5197509376.0000,2,1.693879,1,1.289900,0
2014-12-22,sh.600036,12.2940600000,13.1136640000,12.2366877200,12.5973134800,12.2284916800,566435584,8786102016.0000,2,2.745829,1,3.016100,0
2014-12-23,sh.600036,12.3760204000,12.8349986400,11.9908065200,12.3186481200,12.5973134800,434808464,6650627072.0000,2,2.107759,1,-2.212100,0
2014-12-24,sh.600036,12.2940600000,12.3022560400,11.4744560000,11.7203372000,12.3186481200,399070480,5760088320.0000,2,1.934517,1,-4.856900,0
2014-12-25,sh.600036,11.8924540400,12.2694718800,11.7531213600,12.0973550400,11.7203372000,368029488,5389585152.0000,2,1.784044,1,3.216800,0
2014-12-26,sh.600036,12.1957075200,12.6055095200,12.0563748400,12.5727253600,12.0973550400,422937968,6383178752.0000,2,2.050216,1,3.929500,0
2014-12-29,sh.600036,13.0235075600,13.3021729200,12.3022560400,12.5317451600,12.5727253600,529036768,8302399232.0000,2,2.564536,1,-0.325900,0
2014-12-30,sh.600036,12.6137055600,12.9825273600,12.5481372400,12.8513907200,12.5317451600,391195840,6098380032.0000,2,1.896344,1,2.550700,0
2014-12-31,sh.600036,12.8186065600,13.6218184800,12.6710778400,13.5972303600,12.8513907200,667128960,10694251776.0000,2,3.233946,1,5.803600,0
2015-01-05,sh.600036,13.5726422400,13.9906402800,13.3185650000,13.6709947200,13.5972303600,500187136,8302084352.0000,2,2.424686,1,0.542500,0
2015-01-06,sh.600036,13.4415056000,14.0971888000,13.3513491600,13.4578976800,13.6709947200,426877232,7100974592.0000,2,2.069312,1,-1.558800,0
2015-01-07,sh.600036,13.2775848000,13.5726422400,13.0644877600,13.2448006400,13.4578976800,296169600,4806397440.0000,2,1.435699,1,-1.583400,0
2015-01-08,sh.600036,13.3185650000,13.3923293600,12.7284501200,12.7612342800,13.2448006400,292921104,4621824768.0000,2,1.419952,1,-3.651000,0
2015-01-09,sh.600036,12.7530382400,13.5726422400,12.5891174400,12.8759788400,12.7612342800,461363504,7356771840.0000,2,2.236486,1,0.899200,0
2015-01-12,sh.600036,12.8677828000,13.0317036000,12.4579808000,12.7858224000,12.8759788400,287002784,4465049856.0000,2,1.391263,1,-0.700200,0
2015-01-13,sh.600036,12.7202540800,12.9333511200,12.5809214000,12.6464897200,12.7858224000,170251610,2646920640.0000,2,0.825305,1,-1.089700,0
2015-01-14,sh.600036,12.7612342800,13.0317036000,12.7038620000,12.8759788400,12.6464897200,227140865,3573843584.0000,2,1.101078,1,1.814600,0
2015-01-15,sh.600036,12.8759788400,13.2693887600,12.7858224000,13.2611927200,12.8759788400,264684168,4216830592.0000,2,1.283072,1,2.991700,0
2015-01-16,sh.600036,13.3349570800,13.5234660000,13.1710362800,13.3103689600,13.2611927200,312550720,5096707072.0000,2,1.515108,1,0.370800,0
2015-01-19,sh.600036,11.9826104800,12.6219016000,11.9826104800,11.9908065200,13.3103689600,499040608,7432124928.0000,2,2.419128,1,-9.913800,0
2015-01-20,sh.600036,12.0891590000,12.2776679200,11.7531213600,11.9990025600,11.9908065200,304480896,4468888320.0000,2,1.475989,1,0.068400,0
2015-01-21,sh.600036,12.1301392000,12.6792738800,11.9580223600,12.5399412000,11.9990025600,347044048,5208895232.0000,2,1.682316,1,4.508200,0
2015-01-22,sh.600036,12.5399412000,12.5481372400,12.2612758400,12.4006085200,12.5399412000,215666287,3267085616.0000,2,1.045455,1,-1.111100,0
2015-01-23,sh.600036,12.4825689200,12.7038620000,12.3842164400,12.4333926800,12.4006085200,249422660,3814173088.0000,2,1.209091,1,0.264400,0
2015-01-26,sh.600036,12.4497847600,12.4907649600,12.1875114800,12.3186481200,12.4333926800,178096442,2671404496.0000,2,0.863333,1,-0.922900,0
2015-01-27,sh.600036,12.3350402000,12.3760204000,11.8432778000,12.0563748400,12.3186481200,256941922,3785792880.0000,2,1.245541,1,-2.129100,0
2015-01-28,sh.600036,11.9662184000,12.1629233600,11.8104936400,11.9088461200,12.0563748400,174144815,2541837344.0000,2,0.844177,1,-1.223700,0
2015-01-29,sh.600036,11.7285332400,11.8268857200,11.5973966000,11.7777094800,11.9088461200,177530685,2541569616.0000,2,0.860590,1,-1.101200,0
2015-01-30,sh.600036,11.8268857200,11.9826104800,11.6383768000,11.7531213600,11.7777094800,181808721,2625624640.0000,2,0.881328,1,-0.208800,0
2015-02-02,sh.600036,11.4580639200,11.7203372000,11.3597114400,11.5482203600,11.7531213600,155786828,2200454416.0000,2,0.755186,1,-1.743400,0
2015-02-03,sh.600036,11.7613174000,11.9662184000,11.6383768000,11.9416302800,11.5482203600,174884321,2516020352.0000,2,0.847762,1,3.406700,0
2015-02-04,sh.600036,11.9662184000,12.0645708800,11.7039451200,11.7203372000,11.9416302800,129621466,1886445072.0000,2,0.628348,1,-1.853100,0
2015-02-05,sh.600036,12.2940600000,12.3350402000,11.7203372000,11.7367292800,11.7203372000,337061696,4973382144.0000,2,1.633926,1,0.139900,0
2015-02-06,sh.600036,11.7039451200,11.9498263200,11.5973966000,11.6793570000,11.7367292800,163835590,2356073408.0000,2,0.794202,1,-0.488800,0
2015-02-09,sh.600036,11.6793570000,11.9170421600,11.4744560000,11.8104936400,11.6793570000,171924698,2454553648.0000,2,0.833415,1,1.122800,0
2015-02-10,sh.600036,11.8596698800,12.0891590000,11.7449253200,12.0153946400,11.8104936400,153525979,2238448208.0000,2,0.744226,1,1.734900,0
2015-02-11,sh.600036,12.0399827600,12.1219431600,11.9334342400,11.9990025600,12.0153946400,93584114,1372191504.0000,2,0.453654,1,-0.136400,0
2015-02-12,sh.600036,12.0399827600,12.0481788000,11.7859055200,11.9416302800,11.9990025600,80748086,1173109184.0000,2,0.391431,1,-0.478100,0
2015-02-13,sh.600036,11.9826104800,12.1711194000,11.8924540400,11.9908065200,11.9416302800,150471474,2211523664.0000,2,0.729419,1,0.411800,0
2015-02-16,sh.600036,11.8022976000,11.8760619600,11.7203372000,11.8514738400,11.9908065200,133387516,1920460640.0000,2,0.646604,1,-1.162000,0
2015-02-17,sh.600036,11.8432778000,11.9744144400,11.8104936400,11.9006500800,11.8514738400,92371310,1343475264.0000,2,0.447775,1,0.414900,0
2015-02-25,sh.600036,11.8842580000,11.9170421600,11.6219847200,11.7203372000,11.9006500800,126747641,1821660432.0000,2,0.614417,1,-1.515200,0
2015-02-26,sh.600036,11.7121411600,12.0727669200,11.6301807600,12.0235906800,11.7203372000,155956628,2262725600.0000,2,0.756009,1,2.587400,0
2015-02-27,sh.600036,12.0481788000,12.2940600000,12.0071986000,12.0481788000,12.0235906800,145616495,2157812864.0000,2,0.705884,1,0.204500,0
2015-03-02,sh.600036,12.1137471200,12.1547273200,11.8104936400,11.9416302800,12.0481788000,219237346,3192258944.0000,2,1.062766,1,-0.884400,0
2015-03-03,sh.600036,11.8678659200,11.8924540400,11.5973966000,11.6137886800,11.9416302800,174417640,2494347040.0000,2,0.845500,1,-2.745400,0
2015-03-04,sh.600036,11.7449253200,11.7449253200,11.5564164000,11.6465728400,11.6137886800,125920707,1787542464.0000,2,0.610408,1,0.282300,0
2015-03-05,sh.600036,11.5072401600,11.5646124400,11.3187312400,11.4006916400,11.6465728400,173548564,2421469920.0000,2,0.841287,1,-2.111200,0
2015-03-06,sh.600036,11.4088876800,11.5482203600,11.4006916400,11.5154362000,11.4006916400,102177380,1432408224.0000,2,0.495311,1,1.006500,0
2015-03-09,sh.600036,11.5236322400,12.1875114800,11.3105352000,12.0317867200,11.5154362000,316125120,4551189248.0000,2,1.532435,1,4.484000,0
2015-03-10,sh.600036,11.8760619600,11.9580223600,11.6629649200,11.7121411600,12.0317867200,186295651,2677735376.0000,2,0.903079,1,-2.656700,0
2015-03-11,sh.600036,11.7613174000,12.0727669200,11.7285332400,11.8432778000,11.7121411600,168184844,2440618096.0000,2,0.815286,1,1.119700,0
2015-03-12,sh.600036,12.0891590000,12.6464897200,11.9580223600,12.4006085200,11.8432778000,383002880,5746567424.0000,2,1.856629,1,4.705900,0
2015-03-13,sh.600036,12.4333926800,12.7448422000,12.3186481200,12.3760204000,12.4006085200,281304224,4299112448.0000,2,1.363638,1,-0.198300,0
2015-03-16,sh.600036,12.5153530800,12.6710778400,12.3268441600,12.5891174400,12.3760204000,221860248,3387764848.0000,2,1.075480,1,1.721800,0
2015-03-17,sh.600036,12.6300976400,12.7038620000,12.4989610000,12.6300976400,12.5891174400,239492456,3679377696.0000,2,1.160954,1,0.325500,0
2015-03-18,sh.600036,12.6300976400,12.9251550800,12.5809214000,12.9005669600,12.6300976400,246058511,3827652096.0000,2,1.192783,1,2.141500,0
2015-03-19,sh.600036,12.9005669600,13.0317036000,12.6792738800,12.8513907200,12.9005669600,234590051,3665620544.0000,2,1.137189,1,-0.381200,0
2015-03-20,sh.600036,12.8431946800,13.0808798400,12.5645293200,12.8595867600,12.8513907200,314995760,4929184000.0000,2,1.526960,1,0.063800,0
2015-03-23,sh.600036,12.9661352800,13.0235075600,12.8104105200,12.9415471600,12.8595867600,246274047,3881893312.0000,2,1.193828,1,0.637400,0
2015-03-24,sh.600036,12.9333511200,12.9497432000,12.7366461600,12.7530382400,12.9415471600,263719125,4123151632.0000,2,1.278394,1,-1.456600,0
2015-03-25,sh.600036,12.6382936800,12.7202540800,12.3432362400,12.4251966400,12.7530382400,216753837,3310645792.0000,2,1.050727,1,-2.570700,0
2015-03-26,sh.600036,12.3596283200,12.6382936800,12.2776679200,12.4743728800,12.4251966400,180799341,2750283744.0000,2,0.876435,1,0.395800,0
2015-03-27,sh.600036,12.4743728800,12.6464897200,12.3760204000,12.5071570400,12.4743728800,154287074,2350890784.0000,2,0.747916,1,0.262800,0
2015-03-30,sh.600036,12.6382936800,12.9743313200,12.5399412000,12.9005669600,12.5071570400,304476416,4760224512.0000,2,1.475967,1,3.145500,0
2015-03-31,sh.600036,13.0726838000,13.4497016400,12.6628818000,12.7612342800,12.9005669600,402562176,6407352320.0000,2,1.951443,1,-1.080100,0
2015-04-01,sh.600036,12.7776263600,13.0398996400,12.7448422000,12.8923709200,12.7612342800,243966115,3830336784.0000,2,1.182640,1,1.027600,0
2015-04-02,sh.600036,13.0317036000,13.0972719200,12.6628818000,12.8349986400,12.8923709200,238955501,3744579632.0000,2,1.158351,1,-0.445000,0
2015-04-03,sh.600036,12.8349986400,12.8349986400,12.8349986400,12.8349986400,12.8349986400,0,0.0000,2,,0,0.000000,0
2015-04-07,sh.600036,12.8349986400,12.8349986400,12.8349986400,12.8349986400,12.8349986400,0,0.0000,2,,0,0.000000,0
2015-04-08,sh.600036,12.8349986400,12.8349986400,12.8349986400,12.8349986400,12.8349986400,0,0.0000,2,,0,0.000000,0
2015-04-09,sh.600036,12.8349986400,12.8349986400,12.8349986400,12.8349986400,12.8349986400,0,0.0000,2,,0,0.000000,0
2015-04-10,sh.600036,12.8349986400,12.8349986400,12.8349986400,12.8349986400,12.8349986400,0,0.0000,2,,0,0.000000,0
2015-04-13,sh.600036,14.1217769200,14.1217769200,14.1217769200,14.1217769200,12.8349986400,55307305,952944864.0000,2,0.268105,1,10.025500,0
2015-04-14,sh.600036,14.7282838800,14.7282838800,14.2365214800,14.3266779200,14.1217769200,658547696,11626313984.0000,2,3.192348,1,1.451000,0
2015-04-15,sh.600036,14.2856977200,14.9905571600,14.2283254400,14.6463234800,14.3266779200,437486032,7851853312.0000,2,2.120739,1,2.231100,0
2015-04-16,sh.600036,14.6463234800,15.4413393600,14.5561670400,15.4167512400,14.6463234800,404986608,7365508096.0000,2,1.963196,1,5.260200,0
2015-04-17,sh.600036,15.5396918400,15.9412978000,14.9823611200,15.0151452800,15.4167512400,543675520,10204446208.0000,2,2.635498,1,-2.605000,0
2015-04-20,sh.600036,15.3265948000,15.3265948000,14.4250304000,14.5971472400,15.0151452800,530851120,9699567872.0000,2,2.573331,1,-2.783800,0
2015-04-21,sh.600036,14.7200878400,14.9004007200,14.6053432800,14.8922046800,14.5971472400,263542425,4748971264.0000,2,1.277537,1,2.021300,0
2015-04-22,sh.600036,15.1380858800,15.1626740000,14.8020482400,15.0889096400,14.8922046800,340839664,6247865344.0000,2,1.652240,1,1.320900,0
2015-04-23,sh.600036,15.1626740000,15.3020066800,14.8102442800,14.8922046800,15.0889096400,273771776,5015812352.0000,2,1.327125,1,-1.303600,0
2015-04-24,sh.600036,14.6545195200,14.8348324000,14.2693056400,14.5069908000,14.8922046800,291759968,5184168704.0000,2,1.414323,1,-2.586700,0
2015-04-27,sh.600036,14.5889512000,15.2446344000,14.5889512000,15.1134977600,14.5069908000,407263600,7467652864.0000,2,1.974234,1,4.180800,0
2015-04-28,sh.600036,15.0971056800,15.7609849200,14.8348324000,15.0479294400,15.1134977600,509425744,9496380416.0000,2,2.469471,1,-0.433800,0
2015-04-29,sh.600036,15.2446344000,15.4577314400,15.0889096400,15.1462819200,15.0479294400,373807968,6951256832.0000,2,1.812056,1,0.653600,0
2015-04-30,sh.600036,15.1626740000,15.4085552000,14.9085967600,14.9331848800,15.1462819200,266457338,4920839680.0000,2,1.291667,1,-1.406900,0
2015-05-04,sh.600036,14.9413809200,15.0397334000,14.7692640800,14.8840086400,14.9331848800,213403798,3868502688.0000,2,1.034487,1,-0.329300,0
2015-05-05,sh.600036,14.7938522000,14.8348324000,14.1053848400,14.3020898000,14.8840086400,268345404,4737517824.0000,2,1.300820,1,-3.909700,0
2015-05-06,sh.600036,14.4250304000,14.7528720000,14.1791492000,14.3758541600,14.3020898000,261290546,4625262592.0000,2,1.266621,1,0.515800,0
2015-05-07,sh.600036,14.3512660400,14.7036957600,14.2693056400,14.4987947600,14.3758541600,221369716,3929052880.0000,2,1.073102,1,0.855200,0
2015-05-08,sh.600036,14.5725591200,14.8348324000,14.2611096000,14.5069908000,14.4987947600,218683284,3889491392.0000,2,1.060080,1,0.056500,0
2015-05-11,sh.600036,14.3512660400,14.7118918000,14.2119333600,14.6791076400,14.5069908000,277208080,4867456256.0000,2,1.343782,1,1.186400,0
2015-05-12,sh.600036,14.6053432800,14.7036957600,14.3922462400,14.5643630800,14.6791076400,223925207,3974051952.0000,2,1.085490,1,-0.781700,0
2015-05-13,sh.600036,14.6463234800,14.7364799200,14.2856977200,14.3758541600,14.5643630800,226209360,4015189344.0000,2,1.096563,1,-1.294300,0
2015-05-14,sh.600036,14.3840502000,14.5889512000,14.2611096000,14.3348739600,14.3758541600,184443821,3238528880.0000,2,0.894102,1,-0.285100,0
2015-05-15,sh.600036,14.2775016800,14.4742066400,13.8513076000,14.0644046400,14.3348739600,214743210,3714982880.0000,2,1.040980,1,-1.886800,0
2015-05-18,sh.600036,13.9414640400,14.0807967200,13.8021313600,13.8103274000,14.0644046400,159945727,2726764928.0000,2,0.775346,1,-1.806500,0
2015-05-19,sh.600036,13.8103274000,14.4987947600,13.7611511600,14.4496185200,13.8103274000,249232781,4332748800.0000,2,1.208170,1,4.629100,0
2015-05-20,sh.600036,14.4496185200,15.2446344000,14.4332264400,14.7856561600,14.4496185200,354080272,6396818944.0000,2,1.716425,1,2.325600,0
2015-05-21,sh.600036,14.9495769600,15.1544779600,14.6791076400,14.8840086400,14.7856561600,197171529,3591569696.0000,2,0.955800,1,0.665200,0
2015-05-22,sh.600036,15.0233413200,15.3347908400,14.9249888400,15.3265948000,14.8840086400,311985392,5778315008.0000,2,1.512367,1,2.973600,0
2015-05-25,sh.600036,15.5724760000,15.8675334400,15.5724760000,15.7527888800,15.3265948000,328933072,6306117120.0000,2,1.594522,1,2.780700,0
2015-05-26,sh.600036,15.7691809600,15.8921215600,15.5069076800,15.7363968000,15.7527888800,282892928,5411636736.0000,2,1.371340,1,-0.104100,0
2015-05-27,sh.600036,15.7445928400,15.9986700800,15.4249472800,15.6298482800,15.7363968000,241168309,4623215616.0000,2,1.169077,1,-0.677100,0
2015-05-28,sh.600036,15.6216522400,15.6790245200,14.6299314000,14.6873036800,15.6298482800,292942368,5429786112.0000,2,1.420055,1,-6.030400,0
2015-05-29,sh.600036,14.7282838800,14.9167928000,14.3020898000,14.8102442800,14.6873036800,261551000,4689434624.0000,2,1.267884,1,0.837100,0
2015-06-01,sh.600036,14.6873036800,15.5642799600,14.4414224800,15.4331433200,14.8102442800,280927296,5176270848.0000,2,1.361811,1,4.205900,0
2015-06-02,sh.600036,15.4249472800,15.6872205600,15.1872621200,15.5314958000,15.4331433200,254037657,4801441536.0000,2,1.231462,1,0.637300,0
2015-06-03,sh.600036,15.5724760000,16.0642384000,15.2036542000,15.9412978000,15.5314958000,358509088,6871298560.0000,2,1.737894,1,2.638500,0
2015-06-04,sh.600036,15.9331017600,16.9248226000,15.5069076800,16.7527057600,15.9412978000,495979040,9920531456.0000,2,2.404287,1,5.090000,0
2015-06-05,sh.600036,17.2034879600,17.3838008400,15.9904740400,16.3838839600,16.7527057600,377712448,7651487744.0000,2,1.830983,1,-2.201600,0
2015-06-08,sh.600036,16.4248641600,17.3756048000,16.0724344400,17.3182325200,16.3838839600,515964160,10671410176.0000,2,2.501166,1,5.702800,0
2015-06-09,sh.600036,17.3346246000,17.7854068000,16.8920384400,17.0723513200,17.3182325200,366124464,7755194368.0000,2,1.774809,1,-1.419800,0
2015-06-10,sh.600036,16.8100780400,17.3510166800,16.6871374400,16.7772938800,17.0723513200,252920825,5237249024.0000,2,1.226048,1,-1.728300,0
2015-06-11,sh.600036,16.8592542800,17.0477632000,16.4494522800,16.6871374400,16.7772938800,227111582,4624733952.0000,2,1.100937,1,-0.537400,0
2015-06-12,sh.600036,16.8674503200,17.0231750800,16.4740404000,16.6461572400,16.6871374400,245179413,5002958592.0000,2,1.188521,1,-0.245600,0
2015-06-15,sh.600036,16.7854899200,16.9903909200,15.8429453200,15.9822780000,16.6461572400,321220960,6411293952.0000,2,1.557137,1,-3.988200,0
2015-06-16,sh.600036,15.9822780000,16.2281592000,15.5724760000,15.8101611600,15.9822780000,244464728,4736894208.0000,2,1.185057,1,-1.076900,0
2015-06-17,sh.600036,16.0806304800,16.2035710800,15.8019651200,15.9249057200,15.8101611600,252739372,4925319168.0000,2,1.225169,1,0.725800,0
2015-06-18,sh.600036,15.7363968000,15.8593374000,15.3511829200,15.4003591600,15.9249057200,211448969,4014580592.0000,2,1.025011,1,-3.293900,0
2015-06-19,sh.600036,15.5724760000,15.6462403600,14.6709116000,14.7528720000,15.4003591600,250030785,4661570816.0000,2,1.212039,1,-4.204400,0
2015-06-23,sh.600036,14.8020482400,15.5724760000,14.5233828800,15.4659274800,14.7528720000,287932240,5301457920.0000,2,1.395768,1,4.833300,0
2015-06-24,sh.600036,15.2856146000,15.6380443200,14.9167928000,15.5151037200,15.4659274800,273133792,5088379136.0000,2,1.324032,1,0.318000,0
2015-06-25,sh.600036,15.9740819600,16.0560423600,15.0069492400,15.1134977600,15.5151037200,327306800,6251707136.0000,2,1.586639,1,-2.588500,0
2015-06-26,sh.600036,14.8840086400,15.3102027200,13.8185234400,14.2611096000,15.1134977600,393568224,7050535680.0000,2,1.907845,1,-5.639900,0
2015-06-29,sh.600036,14.5069908000,14.9905571600,13.2202125200,14.2856977200,14.2611096000,472020608,8278080256.0000,2,2.288147,1,0.172400,0
2015-06-30,sh.600036,14.4250304000,15.5724760000,14.4250304000,15.3429868800,14.2856977200,491095680,8983116544.0000,2,2.380615,1,7.401000,0
2015-07-01,sh.600036,15.0233413200,15.2938106400,14.8020482400,14.9249888400,15.3429868800,293674256,5395012352.0000,2,1.423603,1,-2.724400,0
2015-07-02,sh.600036,15.4167512400,15.7200047200,14.7118918000,15.2856146000,14.9249888400,524774704,9814648320.0000,2,2.543876,1,2.416300,0
2015-07-03,sh.600036,15.2856250800,15.5916776400,14.3674674000,14.9710710600,15.2856250800,407322720,7192690944.0000,2,1.974520,1,-2.057800,0
2015-07-06,sh.600036,16.1527740000,16.1527740000,15.4641557400,15.9997477200,14.9710710600,814689728,15128545536.0000,2,3.949256,1,6.871100,0
2015-07-07,sh.600036,15.8127156000,17.4279930000,15.3026280000,17.1814506600,15.9997477200,873948896,16915629312.0000,2,4.236518,1,7.385800,0
2015-07-08,sh.600036,16.1527740000,17.6830368000,15.4641557400,15.6511878600,17.1814506600,943293200,18287188224.0000,2,4.572668,1,-8.906500,0
2015-07-09,sh.600036,14.8775550000,16.9604127000,14.3249601000,16.1527740000,15.6511878600,588626896,10872360192.0000,2,2.853403,1,3.204800,0
2015-07-10,sh.600036,15.7872112200,17.2154565000,15.5576718000,16.1442725400,16.1527740000,707202256,13746919168.0000,2,3.428204,1,-0.052600,0
2015-07-13,sh.600036,15.7362024600,16.0507564800,15.3366338400,15.5661732600,16.1442725400,389268448,7160449024.0000,2,1.887001,1,-3.580800,0
2015-07-14,sh.600036,15.3196309200,15.4556542800,14.8860564600,15.1921090200,15.5661732600,355834800,6336410112.0000,2,1.724930,1,-2.403100,0
2015-07-15,sh.600036,15.1155958800,15.7362024600,15.0560856600,15.7106980800,15.1921090200,370764544,6703076864.0000,2,1.797303,1,3.413500,0
2015-07-16,sh.600036,15.7106980800,15.7191995400,15.1325988000,15.4301499000,15.7106980800,227738299,4140280112.0000,2,1.103975,1,-1.785700,0
2015-07-17,sh.600036,15.6001791000,15.6681907800,15.3111294600,15.6086805600,15.4301499000,184194967,3358837904.0000,2,0.892896,1,1.157000,0
2015-07-20,sh.600036,15.5236659600,15.7191995400,15.3451353000,15.6766922400,15.6086805600,191305543,3502137584.0000,2,0.927365,1,0.435700,0
2015-07-21,sh.600036,15.5321674200,15.7277010000,15.3111294600,15.3706396800,15.6766922400,141710092,2577185040.0000,2,0.686948,1,-1.952300,0
2015-07-22,sh.600036,15.2261148600,15.3026280000,15.0730885800,15.1751061000,15.3706396800,147100276,2626580304.0000,2,0.713077,1,-1.272100,0
2015-07-23,sh.600036,15.0985929600,15.3366338400,14.9285637600,15.2516192400,15.1751061000,154940894,2773616000.0000,2,0.751085,1,0.504200,0
2015-07-24,sh.600036,15.3026280000,15.4641557400,15.1496017200,15.2176134000,15.2516192400,168639884,3035791024.0000,2,0.817492,1,-0.223000,0
2015-07-27,sh.600036,15.0900915000,15.2006104800,14.1719338200,14.1974382000,15.2176134000,207240536,3616867744.0000,2,1.004610,1,-6.703900,0
2015-07-28,sh.600036,14.0869192200,14.7500331000,13.9764002400,14.4864878400,14.1974382000,293059392,4980540160.0000,2,1.420622,1,2.035900,0
2015-07-29,sh.600036,14.4864878400,14.6820214200,14.3674674000,14.5885053600,14.4864878400,151816216,2598864704.0000,2,0.735938,1,0.704200,0
2015-07-30,sh.600036,14.5800039000,14.7330301800,14.4354790800,14.4354790800,14.5885053600,110541303,1898233920.0000,2,0.535855,1,-1.049000,0
2015-07-31,sh.600036,14.5374966000,14.7755374800,14.4014732400,14.7075258000,14.4354790800,120903562,2073334784.0000,2,0.586087,1,1.884600,0
2015-08-03,sh.600036,14.6225112000,15.4896601200,14.4949893000,15.3791411400,14.7075258000,237198553,4231772224.0000,2,1.149834,1,4.566500,0
2015-08-04,sh.600036,15.2686221600,15.4726572000,15.1496017200,15.4301499000,15.3791411400,88969867,1605609680.0000,2,0.431287,1,0.331700,0
2015-08-05,sh.600036,15.3536367600,15.4896601200,15.1751061000,15.2261148600,15.4301499000,63786791,1152536464.0000,2,0.309210,1,-1.322300,0
2015-08-06,sh.600036,15.1496017200,15.7702083000,15.1325988000,15.4046455200,15.2261148600,104721647,1915869952.0000,2,0.507644,1,1.172500,0
2015-08-07,sh.600036,15.3876426000,15.7021966200,15.3536367600,15.5491703400,15.4046455200,97611655,1785386352.0000,2,0.473178,1,0.938200,0
2015-08-10,sh.600036,15.4046455200,15.8637243600,15.2601207000,15.8297185200,15.5491703400,146451827,2680856704.0000,2,0.709934,1,1.804300,0
2015-08-11,sh.600036,15.7191995400,15.7277010000,15.3111294600,15.4726572000,15.8297185200,119158095,2170868064.0000,2,0.577626,1,-2.255600,0
2015-08-12,sh.600036,15.2176134000,15.4726572000,15.1751061000,15.2176134000,15.4726572000,69756265,1256297760.0000,2,0.338148,1,-1.648400,0
2015-08-13,sh.600036,15.4386513600,15.4386513600,15.0050769000,15.1751061000,15.2176134000,70580929,1259620160.0000,2,0.342145,1,-0.279300,0
2015-08-14,sh.600036,15.2261148600,15.2601207000,15.0305812800,15.0815900400,15.1751061000,61911327,1100300752.0000,2,0.300119,1,-0.616200,0
2015-08-17,sh.600036,14.9455666800,15.0050769000,14.6225112000,14.7330301800,15.0815900400,85898649,1489369728.0000,2,0.416399,1,-2.311200,0
2015-08-18,sh.600036,14.7415316400,14.8520506200,14.1804352800,14.2824528000,14.7330301800,118951192,2037802256.0000,2,0.576623,1,-3.058300,0
2015-08-19,sh.600036,14.4864878400,14.5970068200,14.1804352800,14.5630009800,14.2824528000,120889448,2033145024.0000,2,0.586019,1,1.964300,0
2015-08-20,sh.600036,14.3844703200,14.4269776200,14.2059396600,14.2909542600,14.5630009800,73389709,1235705264.0000,2,0.355761,1,-1.868100,0
2015-08-21,sh.600036,14.2059396600,14.4099747000,13.7893681200,14.0614148400,14.2909542600,102036287,1688909904.0000,2,0.494627,1,-1.606200,0
2015-08-24,sh.600036,13.6873506000,13.8913856400,12.6586739400,12.7351870800,14.0614148400,219566780,3350255312.0000,2,1.064363,1,-9.431700,0
2015-08-25,sh.600036,12.3356184600,13.0412396400,11.9105454600,12.5056476600,12.7351870800,198865771,2938765600.0000,2,0.964013,1,-1.802400,0
2015-08-26,sh.600036,12.4971462000,13.7553622800,12.4376359800,13.6788491400,12.5056476600,249867579,3881032512.0000,2,1.211248,1,9.381400,0
2015-08-27,sh.600036,13.9253914800,15.0475842000,13.4408082600,14.9880739800,13.6788491400,250420469,4189866432.0000,2,1.213928,1,9.571200,0
2015-08-28,sh.600036,14.8690535400,15.1751061000,14.4949893000,14.7075258000,14.9880739800,197787584,3448948688.0000,2,0.958787,1,-1.871800,0
2015-08-31,sh.600036,14.5970068200,14.6565170400,14.1294265200,14.4949893000,14.7075258000,142554697,2418625008.0000,2,0.691042,1,-1.445100,0
2015-09-01,sh.600036,14.3504644800,14.7755374800,14.2059396600,14.3164586400,14.4949893000,177645576,3032538128.0000,2,0.861147,1,-1.231700,0
2015-09-02,sh.600036,13.9849017000,14.5204936800,13.8573798000,14.2569484200,14.3164586400,173011243,2894747024.0000,2,0.838682,1,-0.415700,0
2015-09-07,sh.600036,14.0699163000,14.1124236000,13.6278403800,13.7383593600,14.2569484200,89992303,1473089776.0000,2,0.436243,1,-3.637500,0
2015-09-08,sh.600036,13.7383593600,14.4269776200,13.6448433000,14.1549309000,13.7383593600,99744306,1648957760.0000,2,0.483516,1,3.032200,0
2015-09-09,sh.600036,14.2739513400,14.2739513400,14.0529133800,14.2399455000,14.1549309000,88645504,1476979424.0000,2,0.429714,1,0.600600,0
2015-09-10,sh.600036,14.1124236000,14.7500331000,14.0274090000,14.6990243400,14.2399455000,141952541,2422977008.0000,2,0.688123,1,3.223900,0
2015-09-11,sh.600036,14.5374966000,14.7160272600,14.4269776200,14.5544995200,14.6990243400,58833747,1010033552.0000,2,0.285200,1,-0.983200,0
2015-09-14,sh.600036,14.5374966000,15.6511878600,14.2399455000,15.6001791000,14.5544995200,238728459,4224243744.0000,2,1.157250,1,7.184600,0
2015-09-15,sh.600036,15.2516192400,15.5151645000,15.0050769000,15.3111294600,15.6001791000,159682120,2859988240.0000,2,0.774068,1,-1.852900,0
2015-09-16,sh.600036,15.2176134000,15.4811586600,14.8605520800,15.2006104800,15.3111294600,92456985,1649211120.0000,2,0.448191,1,-0.721800,0
2015-09-17,sh.600036,15.0475842000,15.4046455200,14.8945579200,14.9285637600,15.2006104800,72462096,1290899344.0000,2,0.351264,1,-1.789700,0
2015-09-18,sh.600036,14.8945579200,15.2686221600,14.8945579200,15.0560856600,14.9285637600,55779290,994981744.0000,2,0.270393,1,0.854200,0
2015-09-21,sh.600036,14.9625696000,15.0900915000,14.8010418600,14.9370652200,15.0560856600,51032930,896607920.0000,2,0.247385,1,-0.790500,0
2015-09-22,sh.600036,15.0050769000,15.3876426000,14.8945579200,15.2686221600,14.9370652200,61256088,1099849984.0000,2,0.296942,1,2.219700,0
2015-09-23,sh.600036,15.1325988000,15.4131469800,14.9455666800,15.0730885800,15.2686221600,47881418,854955664.0000,2,0.232108,1,-1.280600,0
2015-09-24,sh.600036,15.2006104800,15.2091119400,14.8010418600,14.8945579200,15.0730885800,40028862,703967984.0000,2,0.194042,1,-1.184400,0
2015-09-25,sh.600036,14.8775550000,15.1921090200,14.6395141200,15.0645871200,14.8945579200,46496008,812576160.0000,2,0.225392,1,1.141500,0
2015-09-28,sh.600036,14.9285637600,15.0220798200,14.8520506200,14.8860564600,15.0645871200,21257675,373021856.0000,2,0.103048,1,-1.185100,0
2015-09-29,sh.600036,14.6650185000,14.8860564600,14.6650185000,14.8265462400,14.8860564600,30162101,522340016.0000,2,0.146213,1,-0.399800,0
2015-09-30,sh.600036,14.8775550000,15.2261148600,14.7840389400,15.1070944200,14.8265462400,54828280,972151312.0000,2,0.265783,1,1.892200,0
2015-10-08,sh.600036,15.4726572000,15.5236659600,14.9625696000,15.0730885800,15.1070944200,49182338,881085536.0000,2,0.238414,1,-0.225100,0
2015-10-09,sh.600036,15.2601207000,15.4726572000,15.1581031800,15.2686221600,15.0730885800,30962815,557496960.0000,2,0.150094,1,1.297200,0
2015-10-12,sh.600036,15.2686221600,15.5406688800,15.1240973400,15.4641557400,15.2686221600,60847887,1099989936.0000,2,0.294964,1,1.280600,0
2015-10-13,sh.600036,15.4386513600,15.5066630400,15.3111294600,15.3536367600,15.4641557400,43079671,779474400.0000,2,0.208831,1,-0.714700,0
2015-10-14,sh.600036,15.1836075600,15.3876426000,15.1411002600,15.1751061000,15.3536367600,28905263,519124208.0000,2,0.140120,1,-1.162800,0
2015-10-15,sh.600036,15.2431177800,15.7362024600,15.1325988000,15.5916776400,15.1751061000,79188955,1448179792.0000,2,0.383873,1,2.745100,0
2015-10-16,sh.600036,15.6426864000,15.9742433400,15.5831761800,15.7957126800,15.5916776400,67386056,1255251040.0000,2,0.326658,1,1.308600,0
2015-10-19,sh.600036,15.7787097600,15.7787097600,15.4641557400,15.5151645000,15.7957126800,55653065,1019756288.0000,2,0.269781,1,-1.776100,0
2015-10-20,sh.600036,15.5576718000,15.6511878600,15.3451353000,15.4896601200,15.5151645000,37834105,688780816.0000,2,0.183403,1,-0.164400,0
2015-10-21,sh.600036,15.4556542800,16.1357710800,15.3196309200,15.8892287400,15.4896601200,89199316,1636226624.0000,2,0.432399,1,2.579600,0
2015-10-22,sh.600036,15.6596893200,15.7106980800,15.4896601200,15.5491703400,15.8892287400,43201464,791243664.0000,2,0.209422,1,-2.140200,0
2015-10-23,sh.600036,15.5236659600,15.6086805600,15.3706396800,15.4641557400,15.5491703400,46374401,842709776.0000,2,0.224803,1,-0.546700,0
2015-10-26,sh.600036,15.5831761800,15.6001791000,15.2856250800,15.3621382200,15.4641557400,65191820,1182859680.0000,2,0.316021,1,-0.659700,0
2015-10-27,sh.600036,15.3706396800,15.4131469800,15.2006104800,15.3366338400,15.3621382200,37451195,673297504.0000,2,0.181547,1,-0.166000,0
2015-10-28,sh.600036,15.2686221600,15.2941265400,15.1496017200,15.1836075600,15.3366338400,35544195,636052144.0000,2,0.172303,1,-0.997800,0
2015-10-29,sh.600036,15.1751061000,15.2431177800,15.1325988000,15.1411002600,15.1836075600,27189186,485101168.0000,2,0.131801,1,-0.280000,0
2015-10-30,sh.600036,15.1240973400,15.3706396800,15.1155958800,15.2431177800,15.1411002600,43475425,780550624.0000,2,0.210750,1,0.673800,0
2015-11-02,sh.600036,15.1155958800,15.3366338400,15.1155958800,15.1581031800,15.2431177800,27526694,492637312.0000,2,0.133437,1,-0.557700,0
2015-11-03,sh.600036,15.1666046400,15.3536367600,15.1666046400,15.2176134000,15.1581031800,34258849,616527504.0000,2,0.166072,1,0.392600,0
2015-11-04,sh.600036,15.2771236200,15.6341849400,15.1751061000,15.6086805600,15.2176134000,62343814,1133352784.0000,2,0.302215,1,2.569800,0
2015-11-05,sh.600036,15.5576718000,16.2207856800,15.4556542800,15.7872112200,15.6086805600,177602375,3329491840.0000,2,0.860938,1,1.143800,0
2015-11-06,sh.600036,15.7532053800,15.9062316600,15.5576718000,15.8807272800,15.7872112200,95910098,1778266512.0000,2,0.464930,1,0.592400,0
2015-11-09,sh.600036,15.9402375000,16.9859170800,15.9402375000,16.2207856800,15.8807272800,202697172,3926534192.0000,2,0.982586,1,2.141300,0
2015-11-10,sh.600036,16.0252521000,16.1442725400,15.7787097600,15.8467214400,16.2207856800,85968188,1608819568.0000,2,0.416736,1,-2.306100,0
2015-11-11,sh.600036,15.8467214400,15.8467214400,15.5661732600,15.6766922400,15.8467214400,50167495,925608704.0000,2,0.243190,1,-1.073000,0
2015-11-12,sh.600036,15.7702083000,15.7872112200,15.4471528200,15.5321674200,15.6766922400,43502782,796449680.0000,2,0.210882,1,-0.921900,0
2015-11-13,sh.600036,15.4131469800,15.5916776400,15.3791411400,15.4216484400,15.5321674200,35960742,653641216.0000,2,0.174322,1,-0.711600,0
2015-11-16,sh.600036,15.3111294600,15.4471528200,15.2431177800,15.3876426000,15.4216484400,34169052,616059248.0000,2,0.165636,1,-0.220500,0
2015-11-17,sh.600036,15.4726572000,15.6851937000,15.3706396800,15.4216484400,15.3876426000,58690618,1073245504.0000,2,0.284506,1,0.221000,0
2015-11-18,sh.600036,15.4981615800,15.6851937000,15.3026280000,15.4386513600,15.4216484400,47020962,854764944.0000,2,0.227937,1,0.110300,0
2015-11-19,sh.600036,15.3706396800,15.5151645000,15.3451353000,15.4726572000,15.4386513600,32778243,594877168.0000,2,0.158894,1,0.220300,0
2015-11-20,sh.600036,15.4301499000,15.5491703400,15.3961440600,15.4301499000,15.4726572000,36231273,659327808.0000,2,0.175633,1,-0.274700,0
2015-11-23,sh.600036,15.4386513600,15.5916776400,15.4046455200,15.4641557400,15.4301499000,47651030,869174112.0000,2,0.230991,1,0.220400,0
2015-11-24,sh.600036,15.4981615800,15.4981615800,15.0475842000,15.2006104800,15.4641557400,62211098,1111420160.0000,2,0.301572,1,-1.704200,0
2015-11-25,sh.600036,15.1751061000,15.1751061000,14.9285637600,15.0730885800,15.2006104800,66101173,1169696304.0000,2,0.320429,1,-0.838900,0
2015-11-26,sh.600036,15.1240973400,15.2346163200,14.8775550000,14.9030593800,15.0730885800,63766044,1127051584.0000,2,0.309110,1,-1.128000,0
2015-11-27,sh.600036,14.8860564600,14.8860564600,14.3674674000,14.4864878400,14.9030593800,67955529,1168267232.0000,2,0.329418,1,-2.795200,0
2015-11-30,sh.600036,14.5119922200,14.7245287200,14.4354790800,14.6225112000,14.4864878400,55002022,940653600.0000,2,0.266625,1,0.939000,0
2015-12-01,sh.600036,14.6905228800,14.6905228800,14.3759688600,14.5459980600,14.6225112000,39788453,678415744.0000,2,0.192877,1,-0.523300,0
2015-12-02,sh.600036,14.5630009800,15.2941265400,14.4949893000,15.2261148600,14.5459980600,102164733,1800174800.0000,2,0.495249,1,4.675600,0
2015-12-03,sh.600036,15.1325988000,15.2856250800,14.9710710600,15.1155958800,15.2261148600,71516047,1272599584.0000,2,0.346678,1,-0.725800,0
2015-12-04,sh.600036,14.9625696000,15.0390827400,14.5630009800,14.6650185000,15.1155958800,51544534,895112352.0000,2,0.249865,1,-2.980900,0
2015-12-07,sh.600036,14.6225112000,14.8350477000,14.5800039000,14.7840389400,14.6650185000,43689457,757778128.0000,2,0.211787,1,0.811600,0
2015-12-08,sh.600036,14.7075258000,14.9795725200,14.6055082800,14.8095433200,14.7840389400,45180101,786526032.0000,2,0.219013,1,0.172500,0
2015-12-09,sh.600036,14.7330301800,14.9540681400,14.7245287200,14.7840389400,14.8095433200,44067092,767061472.0000,2,0.213618,1,-0.172200,0
2015-12-10,sh.600036,14.7840389400,15.0050769000,14.6310126600,14.6735199600,14.7840389400,44071740,767406848.0000,2,0.213640,1,-0.747600,0
2015-12-11,sh.600036,14.6480155800,14.6735199600,14.1634323600,14.3844703200,14.6735199600,114185613,1927210912.0000,2,0.553521,1,-1.969900,0
2015-12-14,sh.600036,14.2399455000,14.5289951400,14.0274090000,14.5034907600,14.3844703200,94142190,1575700880.0000,2,0.456360,1,0.827400,0
2015-12-15,sh.600036,14.4779863800,14.5034907600,14.3674674000,14.4779863800,14.5034907600,46157831,784493840.0000,2,0.223753,1,-0.175800,0
2015-12-16,sh.600036,14.5204936800,14.5289951400,14.3419630200,14.4184761600,14.4779863800,30786339,521687760.0000,2,0.149239,1,-0.411000,0
2015-12-17,sh.600036,14.4524820000,14.5544995200,14.4099747000,14.5374966000,14.4184761600,50191055,856073248.0000,2,0.243304,1,0.825500,0
2015-12-18,sh.600036,14.5289951400,15.3536367600,14.4864878400,14.8945579200,14.5374966000,156986555,2766475744.0000,2,0.761001,1,2.456100,0
2015-12-21,sh.600036,14.8180447800,15.6851937000,14.7500331000,15.4981615800,14.8945579200,152603076,2749053920.0000,2,0.739752,1,4.052500,0
2015-12-22,sh.600036,15.4216484400,15.5746747200,15.3536367600,15.5321674200,15.4981615800,94006477,1712026832.0000,2,0.455702,1,0.219400,0
2015-12-23,sh.600036,15.5406688800,15.9062316600,15.4471528200,15.4641557400,15.5321674200,108842854,2005574304.0000,2,0.527622,1,-0.437900,0
2015-12-24,sh.600036,15.4556542800,15.5661732600,15.3111294600,15.4216484400,15.4641557400,37409210,678405088.0000,2,0.181343,1,-0.274900,0
2015-12-25,sh.600036,15.4896601200,15.6086805600,15.4726572000,15.5831761800,15.4216484400,48926300,894866176.0000,2,0.237173,1,1.047400,0
2015-12-28,sh.600036,15.6001791000,15.6341849400,15.1325988000,15.1666046400,15.5831761800,48737935,876240576.0000,2,0.236260,1,-2.673200,0
2015-12-29,sh.600036,15.1581031800,15.2771236200,15.0560856600,15.2516192400,15.1666046400,36577477,651978496.0000,2,0.177311,1,0.560500,0
2015-12-30,sh.600036,15.2176134000,15.5576718000,14.9200623000,15.5236659600,15.2516192400,71266569,1275675600.0000,2,0.345469,1,1.783700,0
2015-12-31,sh.600036,15.4046455200,15.5831761800,15.2261148600,15.2941265400,15.5236659600,72164923,1308243664.0000,2,0.349824,1,-1.478600,0
2016-01-04,sh.600036,15.2261148600,15.2601207000,14.5885053600,14.6905228800,15.2941265400,37340569,650573712.0000,2,0.181011,1,-3.946600,0
2016-01-05,sh.600036,14.5970068200,14.9200623000,14.4524820000,14.6480155800,14.6905228800,51577796,892179584.0000,2,0.250026,1,-0.289400,0
2016-01-06,sh.600036,14.6225112000,14.7330301800,14.5034907600,14.7160272600,14.6480155800,31982691,551646032.0000,2,0.155038,1,0.464300,0
2016-01-07,sh.600036,14.5800039000,14.5800039000,14.0359104600,14.1719338200,14.7160272600,19981533,335909456.0000,2,0.096862,1,-3.697300,0
2016-01-08,sh.600036,14.2824528000,14.5034907600,14.1209250600,14.2909542600,14.1719338200,60822777,1024996336.0000,2,0.294842,1,0.839800,0
2016-01-11,sh.600036,14.1804352800,14.1804352800,13.6023360000,13.6363418400,14.2909542600,65491242,1071917376.0000,2,0.317473,1,-4.580600,0
2016-01-12,sh.600036,13.6278403800,13.8148725000,13.5003184800,13.5853330800,13.6363418400,46828222,751250880.0000,2,0.227003,1,-0.374100,0
2016-01-13,sh.600036,13.7808666600,13.7808666600,13.4153038800,13.4918170200,13.5853330800,57343596,915062416.0000,2,0.277976,1,-0.688400,0
2016-01-14,sh.600036,13.2197703000,13.5683301600,13.1942659200,13.5088199400,13.4918170200,42963031,678479488.0000,2,0.208266,1,0.126000,0
2016-01-15,sh.600036,13.4918170200,13.5343243200,13.1347557000,13.1602600800,13.5088199400,34421564,539614096.0000,2,0.166861,1,-2.580200,0
2016-01-18,sh.600036,13.0837469400,13.3472922000,13.0582425600,13.1092513200,13.1602600800,26735062,414899632.0000,2,0.129600,1,-0.387600,0
2016-01-19,sh.600036,13.2452746800,13.4068024200,13.0497411000,13.3557936600,13.1092513200,38835180,605769312.0000,2,0.188256,1,1.880700,0
2016-01-20,sh.600036,13.2282717600,13.3302892800,12.9562250400,13.1942659200,13.3557936600,38930681,602278608.0000,2,0.188719,1,-1.209400,0
2016-01-21,sh.600036,13.1007498600,13.3302892800,12.9902308800,13.0072338000,13.1942659200,35322411,547241536.0000,2,0.171227,1,-1.417500,0
2016-01-22,sh.600036,13.1602600800,13.1687615400,12.8627089800,12.9902308800,13.0072338000,30700816,469666144.0000,2,0.148824,1,-0.130700,0
2016-01-25,sh.600036,12.9987323400,13.1687615400,12.9222192000,13.1602600800,12.9902308800,21843950,334419008.0000,2,0.105890,1,1.308900,0
2016-01-26,sh.600036,13.0327381800,13.0837469400,12.5651578800,12.6331695600,13.1602600800,30208597,456333856.0000,2,0.146438,1,-4.005200,0
2016-01-27,sh.600036,12.7181841600,12.9392221200,12.6161666400,12.7521900000,12.6331695600,51268841,771408368.0000,2,0.248529,1,0.942100,0
2016-01-28,sh.600036,12.7181841600,12.8031987600,12.4291345200,12.5141491200,12.7521900000,25477946,379361552.0000,2,0.123506,1,-1.866700,0
2016-01-29,sh.600036,12.5396535000,12.8202016800,12.4291345200,12.7436885400,12.5141491200,36467461,544618816.0000,2,0.176778,1,1.834200,0
2016-02-01,sh.600036,12.7351870800,12.9052162800,12.3101140800,12.5141491200,12.7436885400,27035594,399202432.0000,2,0.131057,1,-1.801200,0
2016-02-02,sh.600036,12.4546389000,12.7096827000,12.4546389000,12.6246681000,12.5141491200,18777772,279081136.0000,2,0.091026,1,0.883200,0
2016-02-03,sh.600036,12.5141491200,12.5821608000,12.3696243000,12.4716418200,12.6246681000,23660799,346543312.0000,2,0.114697,1,-1.212100,0
2016-02-04,sh.600036,12.5736593400,12.6926797800,12.4886447400,12.6501724800,12.4716418200,22319314,330677616.0000,2,0.108194,1,1.431500,0
2016-02-05,sh.600036,12.6671754000,12.6926797800,12.5651578800,12.6331695600,12.6501724800,16885368,250744421.0000,2,0.081853,1,-0.134400,0
2016-02-15,sh.600036,12.3271170000,12.5991637200,12.3016126200,12.4631403600,12.6331695600,19290819,282388048.0000,2,0.093513,1,-1.345900,0
2016-02-16,sh.600036,12.5566564200,12.7946973000,12.5141491200,12.7011812400,12.4631403600,26569833,397122800.0000,2,0.128799,1,1.910000,0
2016-02-17,sh.600036,12.7096827000,12.8117002200,12.6501724800,12.7776943800,12.7011812400,38285480,573493648.0000,2,0.185591,1,0.602400,0
2016-02-18,sh.600036,12.7096827000,12.8031987600,12.6416710200,12.6671754000,12.7776943800,28765190,430450512.0000,2,0.139441,1,-0.864900,0
2016-02-19,sh.600036,12.6671754000,12.7011812400,12.4801432800,12.5396535000,12.6671754000,22515437,333076960.0000,2,0.109145,1,-1.006700,0
2016-02-22,sh.600036,12.6501724800,12.8457060600,12.5736593400,12.7606914600,12.5396535000,38640686,578307952.0000,2,0.187313,1,1.762700,0
2016-02-23,sh.600036,12.7606914600,12.7606914600,12.5141491200,12.6076651800,12.7606914600,24862800,369124448.0000,2,0.120524,1,-1.199200,0
2016-02-24,sh.600036,12.5396535000,12.6416710200,12.4716418200,12.5906622600,12.6076651800,21475072,316686624.0000,2,0.104102,1,-0.134900,0
2016-02-25,sh.600036,12.5906622600,12.5906622600,12.0805746600,12.1145805000,12.5906622600,51130623,740824080.0000,2,0.247859,1,-3.781200,0
2016-02-26,sh.600036,12.1995951000,12.3866272200,12.1400848800,12.2846097000,12.1145805000,28683994,413497072.0000,2,0.139047,1,1.403500,0
2016-02-29,sh.600036,12.2676067800,12.4121316000,11.9360498400,12.3781257600,12.2846097000,48318546,692907440.0000,2,0.234227,1,0.761200,0
2016-03-01,sh.600036,12.3781257600,12.5651578800,12.2080965600,12.4546389000,12.3781257600,32028783,467774896.0000,2,0.155261,1,0.618100,0
2016-03-02,sh.600036,12.5736593400,12.7266856200,12.5141491200,12.7181841600,12.4546389000,60456293,897678352.0000,2,0.293065,1,2.116000,0
2016-03-03,sh.600036,12.7096827000,12.9137177400,12.6756768600,12.8797119000,12.7181841600,53511876,803689984.0000,2,0.259402,1,1.270100,0
2016-03-04,sh.600036,12.8712104400,13.6193389200,12.7691929200,13.5768316200,12.8797119000,164467881,2572638992.0000,2,0.797268,1,5.412500,0
2016-03-07,sh.600036,13.5173214000,13.6023360000,13.3047849000,13.4153038800,13.5768316200,41066485,649708960.0000,2,0.199072,1,-1.189700,0
2016-03-08,sh.600036,13.4153038800,13.5938345400,12.9307206600,13.5683301600,13.4153038800,45257082,704533968.0000,2,0.219386,1,1.140700,0
2016-03-09,sh.600036,13.3727965800,13.6703476800,13.1007498600,13.6448433000,13.5683301600,74232024,1175103104.0000,2,0.359844,1,0.563900,0
2016-03-10,sh.600036,13.4493097200,13.5853330800,13.3047849000,13.3132863600,13.6448433000,19886994,314373904.0000,2,0.096403,1,-2.429900,0
2016-03-11,sh.600036,13.2537761400,13.4153038800,13.1092513200,13.3983009600,13.3132863600,32789560,512388944.0000,2,0.158949,1,0.638600,0
2016-03-14,sh.600036,13.4153038800,13.6363418400,13.3047849000,13.3642951200,13.3983009600,31496816,500190848.0000,2,0.152683,1,-0.253800,0
2016-03-15,sh.600036,13.4408082600,13.5938345400,13.2622776000,13.4833155600,13.3642951200,35520508,561733616.0000,2,0.172188,1,0.890600,0
2016-03-16,sh.600036,13.5003184800,13.9849017000,13.4238053400,13.9593973200,13.4833155600,123657453,2016510064.0000,2,0.599437,1,3.530900,0
2016-03-17,sh.600036,13.9338929400,13.9423944000,13.6958520600,13.7978695800,13.9593973200,46071149,748342352.0000,2,0.223333,1,-1.157100,0
2016-03-18,sh.600036,13.9338929400,13.9423944000,13.6363418400,13.7468608200,13.7978695800,59577653,965239504.0000,2,0.288806,1,-0.369700,0
2016-03-21,sh.600036,13.7808666600,13.9764002400,13.6958520600,13.7893681200,13.7468608200,50253793,816507328.0000,2,0.243608,1,0.309200,0
2016-03-22,sh.600036,13.8318754200,13.9593973200,13.7383593600,13.7638637400,13.7893681200,33741962,548665824.0000,2,0.163566,1,-0.184900,0
2016-03-23,sh.600036,13.8233739600,13.8488783400,13.7553622800,13.7553622800,13.7638637400,19140021,310370784.0000,2,0.092782,1,-0.061800,0
2016-03-24,sh.600036,13.7553622800,13.7978695800,13.6108374600,13.6958520600,13.7553622800,23990803,386975648.0000,2,0.116297,1,-0.432600,0
2016-03-25,sh.600036,13.7043535200,13.7723652000,13.6873506000,13.7128549800,13.6958520600,15929295,257057436.0000,2,0.077218,1,0.124100,0
2016-03-28,sh.600036,13.7298579000,13.7723652000,13.4408082600,13.4748141000,13.7128549800,22137582,355104560.0000,2,0.107313,1,-1.735900,0
2016-03-29,sh.600036,13.5173214000,13.6448433000,13.3983009600,13.4238053400,13.4748141000,19716528,313168224.0000,2,0.095577,1,-0.378600,0
2016-03-30,sh.600036,13.4238053400,13.8573798000,13.4153038800,13.8063710400,13.4238053400,29675475,478252592.0000,2,0.143854,1,2.849900,0
2016-03-31,sh.600036,13.8573798000,13.8998871000,13.6193389200,13.6788491400,13.8063710400,25949603,418715088.0000,2,0.125792,1,-0.923600,0
2016-04-01,sh.600036,13.7553622800,13.8573798000,13.5853330800,13.8318754200,13.6788491400,38488344,620911568.0000,2,0.186574,1,1.118700,0
2016-04-05,sh.600036,13.7128549800,13.9168900200,13.6618462200,13.8913856400,13.8318754200,39296938,637828880.0000,2,0.190494,1,0.430200,0
2016-04-06,sh.600036,13.7808666600,13.8998871000,13.7638637400,13.8233739600,13.8913856400,30072583,488458864.0000,2,0.145779,1,-0.489600,0
2016-04-07,sh.600036,13.8743827200,13.8998871000,13.6448433000,13.6873506000,13.8233739600,29556313,477567488.0000,2,0.143276,1,-0.984000,0
2016-04-08,sh.600036,13.6023360000,13.7808666600,13.5853330800,13.7383593600,13.6873506000,22439805,361753056.0000,2,0.108778,1,0.372700,0
2016-04-11,sh.600036,13.7383593600,14.0869192200,13.7298579000,13.8658812600,13.7383593600,31780847,521431216.0000,2,0.154059,1,0.928200,0
2016-04-12,sh.600036,13.9508958600,13.9508958600,13.7043535200,13.8488783400,13.8658812600,17456359,284011232.0000,2,0.084621,1,-0.122600,0
2016-04-13,sh.600036,13.9338929400,14.1804352800,13.6023360000,14.0104060800,13.8488783400,40046940,662526880.0000,2,0.194130,1,1.166400,0
2016-04-14,sh.600036,14.0274090000,14.1804352800,13.9168900200,13.9934031600,14.0104060800,22984200,379056768.0000,2,0.111417,1,-0.121400,0
2016-04-15,sh.600036,14.0784177600,14.4864878400,13.9934031600,14.3929717800,13.9934031600,58833767,990505856.0000,2,0.285200,1,2.855400,0
2016-04-18,sh.600036,14.2484469600,14.6820214200,14.2144411200,14.5034907600,14.3929717800,50523260,862860032.0000,2,0.244914,1,0.767900,0
2016-04-19,sh.600036,14.6310126600,14.6480155800,14.4694849200,14.5459980600,14.5034907600,30079607,515250048.0000,2,0.145813,1,0.293100,0
2016-04-20,sh.600036,14.5459980600,14.7585345600,14.2824528000,14.7330301800,14.5459980600,78748333,1349077280.0000,2,0.381737,1,1.285800,0
2016-04-21,sh.600036,14.6820214200,15.2431177800,14.5970068200,15.0390827400,14.7330301800,79412106,1395740400.0000,2,0.384955,1,2.077300,0
2016-04-22,sh.600036,14.9625696000,15.3196309200,14.9285637600,15.1921090200,15.0390827400,55625558,993784336.0000,2,0.269648,1,1.017500,0
2016-04-25,sh.600036,15.0900915000,15.2686221600,14.8010418600,15.2176134000,15.1921090200,39667820,705132096.0000,2,0.192292,1,0.167900,0
2016-04-26,sh.600036,15.1411002600,15.2601207000,14.9625696000,15.2261148600,15.2176134000,39021652,697015472.0000,2,0.189160,1,0.055900,0
2016-04-27,sh.600036,15.2176134000,15.2601207000,15.1411002600,15.2006104800,15.2261148600,25071611,448803376.0000,2,0.121536,1,-0.167500,0
2016-04-28,sh.600036,15.2431177800,15.2431177800,15.0220798200,15.2006104800,15.2006104800,28195786,503333040.0000,2,0.136681,1,0.000000,0
2016-04-29,sh.600036,15.1921090200,15.2346163200,15.0730885800,15.0900915000,15.2006104800,19001557,338329936.0000,2,0.092111,1,-0.727100,0
2016-05-03,sh.600036,15.1240973400,15.1751061000,14.9285637600,15.0475842000,15.0900915000,35053706,620494464.0000,2,0.169925,1,-0.281700,0
2016-05-04,sh.600036,15.0475842000,15.0560856600,14.9540681400,15.0050769000,15.0475842000,24388752,430847904.0000,2,0.118226,1,-0.282500,0
2016-05-05,sh.600036,15.0050769000,15.0475842000,14.8435491600,14.9795725200,15.0050769000,20305075,357190016.0000,2,0.098430,1,-0.170000,0
2016-05-06,sh.600036,14.9795725200,15.0050769000,14.7075258000,14.7245287200,14.9795725200,29666028,519899760.0000,2,0.143808,1,-1.702600,0
2016-05-09,sh.600036,14.7330301800,14.8350477000,14.6310126600,14.7075258000,14.7245287200,23597962,408579616.0000,2,0.114392,1,-0.115500,0
2016-05-10,sh.600036,14.5459980600,14.8010418600,14.4354790800,14.4864878400,14.7075258000,28801521,496178896.0000,2,0.139617,1,-1.502900,0
2016-05-11,sh.600036,14.5034907600,14.7245287200,14.5034907600,14.5800039000,14.4864878400,20807100,358012832.0000,2,0.100864,1,0.645500,0
2016-05-12,sh.600036,14.4694849200,14.9455666800,14.4694849200,14.8435491600,14.5800039000,26079241,453541568.0000,2,0.126421,1,1.807600,0
2016-05-13,sh.600036,14.8010418600,14.9795725200,14.7415316400,14.9370652200,14.8435491600,23912086,419456608.0000,2,0.115915,1,0.630000,0
2016-05-16,sh.600036,14.9200623000,14.9965754400,14.8605520800,14.8775550000,14.9370652200,37999862,667673552.0000,2,0.184207,1,-0.398400,0
2016-05-17,sh.600036,14.8690535400,14.9030593800,14.7840389400,14.8605520800,14.8775550000,13498637,235712612.0000,2,0.065435,1,-0.114300,0
2016-05-18,sh.600036,14.8010418600,15.1921090200,14.7840389400,15.1496017200,14.8605520800,46174348,814897792.0000,2,0.223833,1,1.945100,0
2016-05-19,sh.600036,15.0815900400,15.1836075600,15.0220798200,15.1411002600,15.1496017200,17097754,304549552.0000,2,0.082882,1,-0.056100,0
2016-05-20,sh.600036,15.0985929600,15.2431177800,15.0475842000,15.2006104800,15.1411002600,14502842,259055461.0000,2,0.070303,1,0.393000,0
2016-05-23,sh.600036,15.2006104800,15.2771236200,14.8605520800,14.8945579200,15.2006104800,16849858,297555968.0000,2,0.081681,1,-2.013400,0
2016-05-24,sh.600036,14.8860564600,14.8860564600,14.7245287200,14.7330301800,14.8945579200,8825574,153638720.0000,2,0.042782,1,-1.084500,0
2016-05-25,sh.600036,14.9540681400,14.9540681400,14.8265462400,14.9200623000,14.7330301800,10291661,180397501.0000,2,0.049889,1,1.269500,0
2016-05-26,sh.600036,14.8775550000,15.1325988000,14.8775550000,15.0390827400,14.9200623000,12788326,226478696.0000,2,0.061992,1,0.797700,0
2016-05-27,sh.600036,15.1070944200,15.1070944200,14.9795725200,15.0135783600,15.0390827400,7414410,131180233.0000,2,0.035942,1,-0.169600,0
2016-05-30,sh.600036,15.0900915000,15.1921090200,14.9795725200,15.1666046400,15.0135783600,20754633,369200400.0000,2,0.100609,1,1.019300,0
2016-05-31,sh.600036,15.2006104800,15.3281323800,15.1411002600,15.3026280000,15.1666046400,41139084,739952864.0000,2,0.199424,1,0.896900,0
2016-06-01,sh.600036,15.3791411400,15.3791411400,15.0730885800,15.1581031800,15.3026280000,22013672,393579392.0000,2,0.106713,1,-0.944400,0
2016-06-02,sh.600036,15.1496017200,15.2006104800,15.0135783600,15.0730885800,15.1581031800,10755312,190719567.0000,2,0.052137,1,-0.560900,0
2016-06-03,sh.600036,15.1325988000,15.1581031800,15.0560856600,15.1155958800,15.0730885800,9852612,175174612.0000,2,0.047761,1,0.282000,0
2016-06-06,sh.600036,15.0730885800,15.1581031800,14.9285637600,14.9965754400,15.1155958800,12770352,225235543.0000,2,0.061905,1,-0.787400,0
2016-06-07,sh.600036,15.0985929600,15.1921090200,14.9540681400,15.1325988000,14.9965754400,11250355,199544447.0000,2,0.054537,1,0.907000,0
2016-06-08,sh.600036,15.0900915000,15.1666046400,15.0050769000,15.1070944200,15.1325988000,9514926,168924714.0000,2,0.046124,1,-0.168500,0
2016-06-13,sh.600036,14.9455666800,15.1240973400,14.6990243400,14.7245287200,15.1070944200,16220713,284764736.0000,2,0.078631,1,-2.532400,0
2016-06-14,sh.600036,14.7330301800,14.8775550000,14.6990243400,14.7755374800,14.7245287200,10953458,190753279.0000,2,0.053098,1,0.346400,0
2016-06-15,sh.600036,14.6650185000,14.8435491600,14.6650185000,14.7840389400,14.7755374800,18735848,325485984.0000,2,0.090823,1,0.057500,0
2016-06-16,sh.600036,14.6735199600,14.8435491600,14.6735199600,14.7925404000,14.7840389400,22113862,384653680.0000,2,0.107198,1,0.057500,0
2016-06-17,sh.600036,14.7755374800,15.0220798200,14.7670360200,14.8775550000,14.7925404000,13760241,241308424.0000,2,0.066704,1,0.574700,0
2016-06-20,sh.600036,14.9795725200,14.9880739800,14.8095433200,14.8860564600,14.8775550000,15697188,274976160.0000,2,0.076093,1,0.057100,0
2016-06-21,sh.600036,14.9030593800,15.0475842000,14.8775550000,14.9115608400,14.8860564600,11327069,198765339.0000,2,0.054909,1,0.171300,0
2016-06-22,sh.600036,14.8775550000,14.9625696000,14.8435491600,14.8775550000,14.9115608400,10067280,176398272.0000,2,0.048802,1,-0.228100,0
2016-06-23,sh.600036,14.8945579200,14.9030593800,14.6565170400,14.6735199600,14.8775550000,16061133,278405104.0000,2,0.077857,1,-1.371400,0
2016-06-24,sh.600036,14.6735199600,14.7755374800,14.6055082800,14.6650185000,14.6735199600,60859919,1049167952.0000,2,0.295022,1,-0.057900,0
2016-06-27,sh.600036,14.6650185000,14.7330301800,14.6055082800,14.6905228800,14.6650185000,19507706,336583696.0000,2,0.094565,1,0.173900,0
2016-06-28,sh.600036,14.6650185000,14.7245287200,14.6310126600,14.6990243400,14.6905228800,13011644,224492913.0000,2,0.063075,1,0.057900,0
2016-06-29,sh.600036,14.7160272600,14.8690535400,14.6820214200,14.8350477000,14.6990243400,21673574,376575248.0000,2,0.105064,1,0.925400,0
2016-06-30,sh.600036,14.8520506200,14.9200623000,14.7840389400,14.8775550000,14.8350477000,17540455,306680976.0000,2,0.085028,1,0.286500,0
2016-07-01,sh.600036,14.8775550000,15.0135783600,14.8690535400,14.9880739800,14.8775550000,10987843,193394881.0000,2,0.053264,1,0.742900,0
2016-07-04,sh.600036,14.9880739800,15.2346163200,14.9880739800,15.0645871200,14.9880739800,17703319,314424400.0000,2,0.085818,1,0.510500,0
2016-07-05,sh.600036,15.1240973400,15.1240973400,14.8350477000,14.9285637600,15.0645871200,18612287,327013872.0000,2,0.090224,1,-0.902900,0
2016-07-06,sh.600036,14.9030593800,14.9115608400,14.7160272600,14.8095433200,14.9285637600,20750617,361529680.0000,2,0.100590,1,-0.797300,0
2016-07-07,sh.600036,14.8010418600,14.8945579200,14.7500331000,14.8860564600,14.8095433200,15267455,266195435.0000,2,0.074010,1,0.516600,0
2016-07-08,sh.600036,14.8775550000,14.8860564600,14.7500331000,14.7840389400,14.8860564600,15216146,264677220.0000,2,0.073761,1,-0.685300,0
2016-07-11,sh.600036,14.8690535400,14.9200623000,14.7925404000,14.8605520800,14.7840389400,16014159,280096752.0000,2,0.077630,1,0.517500,0
2016-07-12,sh.600036,14.8605520800,15.0900915000,14.8435491600,15.0560856600,14.8605520800,25432037,447846592.0000,2,0.123283,1,1.315800,0
2016-07-13,sh.600036,15.1533864300,15.3833852900,15.0560792200,15.0826175500,15.0560792200,28897003,495868848.0000,2,0.140080,1,0.176300,0
2016-07-14,sh.600036,15.1003097700,15.1799247600,15.0383870000,15.1180019900,15.0826175500,12689532,216401318.0000,2,0.061513,1,0.234600,0
2016-07-15,sh.600036,15.1091558800,15.1887708700,15.1091558800,15.1622325400,15.1180019900,11071520,189627730.0000,2,0.053670,1,0.292600,0
2016-07-18,sh.600036,15.1710786500,15.4718463900,15.1533864300,15.2683858600,15.1622325400,24665203,427061952.0000,2,0.119566,1,0.700100,0
2016-07-19,sh.600036,15.2683858600,15.3303086300,15.1180019900,15.1445403200,15.2683858600,13979788,239922726.0000,2,0.067768,1,-0.811100,0
2016-07-20,sh.600036,15.1268481000,15.1622325400,15.0560792200,15.1003097700,15.1445403200,11715176,199854451.0000,2,0.056790,1,-0.292100,0
2016-07-21,sh.600036,15.1003097700,15.2772319700,15.1003097700,15.2506936400,15.1003097700,14602427,251047870.0000,2,0.070786,1,0.995900,0
2016-07-22,sh.600036,15.2595397500,15.2595397500,15.0649253300,15.1091558800,15.2506936400,10029423,171933047.0000,2,0.048618,1,-0.928100,0
2016-07-25,sh.600036,15.1180019900,15.1976169800,15.0472331100,15.1445403200,15.1091558800,8101064,138621909.0000,2,0.039270,1,0.234200,0
2016-07-26,sh.600036,15.0826175500,15.2153092000,15.0826175500,15.1887708700,15.1445403200,11738263,201245058.0000,2,0.056902,1,0.292100,0
2016-07-27,sh.600036,15.2153092000,15.3745391800,14.9410797900,15.3656930700,15.1887708700,32117298,550792720.0000,2,0.155690,1,1.164800,0
2016-07-28,sh.600036,15.2064630900,15.2949241900,15.1180019900,15.1622325400,15.3656930700,19631362,337013584.0000,2,0.095164,1,-1.324100,0
2016-07-29,sh.600036,15.1710786500,15.2418475300,15.0737714400,15.1799247600,15.1622325400,12191855,208810744.0000,2,0.059101,1,0.116700,0
2016-08-01,sh.600036,15.1710786500,15.2506936400,15.1268481000,15.1976169800,15.1799247600,19899307,341922848.0000,2,0.096463,1,0.116600,0
2016-08-02,sh.600036,15.2241553100,15.2595397500,15.1445403200,15.1710786500,15.1976169800,9829628,168764725.0000,2,0.047650,1,-0.174600,0
2016-08-03,sh.600036,15.1091558800,15.1799247600,15.0472331100,15.1003097700,15.1710786500,9358504,159753550.0000,2,0.045366,1,-0.466500,0
2016-08-04,sh.600036,15.1356942100,15.1445403200,15.0206947800,15.0914636600,15.1003097700,11819369,201351096.0000,2,0.057295,1,-0.058600,0
2016-08-05,sh.600036,15.0914636600,15.1710786500,15.0826175500,15.1268481000,15.0914636600,16765602,286702384.0000,2,0.081272,1,0.234500,0
2016-08-08,sh.600036,15.1622325400,15.1710786500,15.1003097700,15.1533864300,15.1268481000,13151009,225246259.0000,2,0.063750,1,0.175400,0
2016-08-09,sh.600036,15.1533864300,15.2153092000,15.1268481000,15.1887708700,15.1533864300,25438728,436213104.0000,2,0.123316,1,0.233500,0
2016-08-10,sh.600036,15.1887708700,15.2949241900,15.1710786500,15.2860780800,15.1887708700,18767677,323678688.0000,2,0.090977,1,0.640700,0
2016-08-11,sh.600036,15.3037703000,15.8079985700,15.2683858600,15.4364619500,15.2860780800,31236343,549682864.0000,2,0.151420,1,0.983800,0
2016-08-12,sh.600036,15.4895386100,15.9229980000,15.4541541700,15.9141518900,15.4364619500,44516136,794255424.0000,2,0.215795,1,3.094600,0
2016-08-15,sh.600036,16.0114591000,16.7987628900,15.9406902200,16.2945346200,15.9141518900,81739230,1520048912.0000,2,0.396236,1,2.390200,0
2016-08-16,sh.600036,16.4891490400,16.6926095700,16.0291513200,16.1972274100,16.2945346200,60274344,1105739952.0000,2,0.292183,1,-0.597200,0
2016-08-17,sh.600036,16.3033807300,16.5245334800,16.1972274100,16.2768424000,16.1972274100,21907973,404343024.0000,2,0.106200,1,0.491500,0
2016-08-18,sh.600036,16.2149196300,16.4979951500,16.0379974300,16.1264585300,16.2768424000,32383832,596924096.0000,2,0.156982,1,-0.923900,0
2016-08-19,sh.600036,16.2237657400,16.5864562500,16.1972274100,16.4714568200,16.1264585300,39254763,729182464.0000,2,0.190290,1,2.139300,0
2016-08-22,sh.600036,16.4714568200,16.6306868000,16.3741496100,16.5333795900,16.4714568200,20821260,388697504.0000,2,0.100932,1,0.375900,0
2016-08-23,sh.600036,16.4626107100,16.8076090000,16.3829957200,16.5068412600,16.5333795900,28823168,542400832.0000,2,0.139722,1,-0.160500,0
2016-08-24,sh.600036,16.5068412600,16.5422257000,16.3033807300,16.4714568200,16.5068412600,19140890,354910032.0000,2,0.092787,1,-0.214400,0
2016-08-25,sh.600036,16.4272262700,16.4891490400,16.0910740900,16.3741496100,16.4714568200,19466504,358081680.0000,2,0.094365,1,-0.590800,0
2016-08-26,sh.600036,16.3564573900,16.4537646000,16.3122268400,16.4095340500,16.3741496100,16920681,313827456.0000,2,0.082024,1,0.216100,0
2016-08-29,sh.600036,16.3299190600,16.3476112800,15.9495363300,16.1618429700,16.4095340500,20536484,374404160.0000,2,0.099552,1,-1.509400,0
2016-08-30,sh.600036,16.1353046400,16.3829957200,16.1264585300,16.3122268400,16.1618429700,19118919,352596192.0000,2,0.092680,1,0.930500,0
2016-08-31,sh.600036,16.2414579600,16.5953023600,16.2414579600,16.4803029300,16.3122268400,15610697,290862560.0000,2,0.075674,1,1.030400,0
2016-09-01,sh.600036,16.4537646000,16.6129945800,16.4095340500,16.4714568200,16.4803029300,15545243,290828336.0000,2,0.075356,1,-0.053700,0
2016-09-02,sh.600036,16.3829957200,16.5599179200,16.3476112800,16.5245334800,16.4714568200,17861657,332984784.0000,2,0.086585,1,0.322200,0
2016-09-05,sh.600036,16.5245334800,16.6483790200,16.4272262700,16.5864562500,16.5245334800,19865500,372168096.0000,2,0.096299,1,0.374731,0
2016-09-06,sh.600036,16.5864562500,16.6129945800,16.3033807300,16.3741496100,16.5864562500,17939403,334156288.0000,2,0.086962,1,-1.279999,0
2016-09-07,sh.600036,16.3741496100,16.4714568200,16.2768424000,16.4183801600,16.3741496100,17706315,328123072.0000,2,0.085832,1,0.270120,0
2016-09-08,sh.600036,16.4360723800,16.4803029300,16.3476112800,16.3918418300,16.4183801600,8320207,154289421.0000,2,0.040333,1,-0.161631,0
2016-09-09,sh.600036,16.3829957200,16.4272262700,16.1972274100,16.2149196300,16.3918418300,8670862,159932157.0000,2,0.042033,1,-1.079335,0
2016-09-12,sh.600036,16.0645357600,16.0822279800,15.7549219100,15.8345369000,16.2149196300,28128406,506037328.0000,2,0.136354,1,-2.345883,0
2016-09-13,sh.600036,15.8433830100,15.9937668800,15.8345369000,15.8433830100,15.8345369000,13541708,243518992.0000,2,0.065644,1,0.055867,0
2016-09-14,sh.600036,15.9141518900,15.9141518900,15.4630002800,15.5160769400,15.8433830100,22219675,393779456.0000,2,0.107711,1,-2.065879,0
2016-09-19,sh.600036,15.5249230500,15.8168446800,15.5249230500,15.7549219100,15.5160769400,16820168,299454576.0000,2,0.081537,1,1.539330,0
2016-09-20,sh.600036,15.7460758000,15.7903063500,15.6310763700,15.6929991400,15.7549219100,10250971,182019360.0000,2,0.049692,1,-0.393036,0
2016-09-21,sh.600036,15.7018452500,15.8787674500,15.7018452500,15.8168446800,15.6929991400,7672304,137141040.0000,2,0.037192,1,0.789174,0
2016-09-22,sh.600036,15.9141518900,16.0733818700,15.8168446800,15.8964596700,15.8168446800,12354837,222945149.0000,2,0.059891,1,0.503357,0
2016-09-23,sh.600036,15.9141518900,16.0026129900,15.8610752300,15.9053057800,15.8964596700,13553186,244168358.0000,2,0.065700,1,0.055650,0
2016-09-26,sh.600036,15.8433830100,16.0026129900,15.7903063500,15.9229980000,15.9053057800,14699757,264867529.0000,2,0.071258,1,0.111237,0
2016-09-27,sh.600036,15.8964596700,16.0114591000,15.8699213400,15.9849207700,15.9229980000,10001267,180407342.0000,2,0.048482,1,0.388887,0
2016-09-28,sh.600036,15.9760746600,15.9760746600,15.7726141300,15.8256907900,15.9849207700,10734706,192234021.0000,2,0.052037,1,-0.996128,0
2016-09-29,sh.600036,15.8876135600,15.9849207700,15.8522291200,15.9229980000,15.8256907900,10309280,185631397.0000,2,0.049975,1,0.614872,0
2016-09-30,sh.600036,15.8876135600,16.0114591000,15.8787674500,15.9229980000,15.9229980000,8430817,152065854.0000,2,0.040869,1,0.000000,0
2016-10-10,sh.600036,15.9495363300,16.2591501800,15.9495363300,16.1883813000,15.9229980000,19093895,348345888.0000,2,0.092559,1,1.666662,0
2016-10-11,sh.600036,16.2149196300,16.3564573900,16.1529968600,16.2149196300,16.1883813000,12929420,237561461.0000,2,0.062676,1,0.163938,0
2016-10-12,sh.600036,16.1706890800,16.1972274100,16.0114591000,16.0556896500,16.2149196300,10479969,190617618.0000,2,0.050802,1,-0.981998,0
2016-10-13,sh.600036,16.0556896500,16.1087663100,15.9672285500,16.0026129900,16.0556896500,10559824,191543016.0000,2,0.051189,1,-0.330576,0
2016-10-14,sh.600036,16.0114591000,16.0556896500,15.9229980000,16.0114591000,16.0026129900,12238516,221243821.0000,2,0.059327,1,0.055280,0
2016-10-17,sh.600036,15.9849207700,16.0114591000,15.7726141300,15.7991524600,16.0114591000,12238087,219660672.0000,2,0.059325,1,-1.325966,0
2016-10-18,sh.600036,15.7991524600,15.9141518900,15.7814602400,15.8610752300,15.7991524600,14301948,256039353.0000,2,0.069330,1,0.391936,0
2016-10-19,sh.600036,15.8610752300,15.9672285500,15.7726141300,15.8168446800,15.8610752300,11930149,213904312.0000,2,0.057832,1,-0.278869,0
2016-10-20,sh.600036,15.8345369000,15.9053057800,15.7726141300,15.8256907900,15.8168446800,12357910,220968790.0000,2,0.059906,1,0.055930,0
2016-10-21,sh.600036,15.8433830100,15.8610752300,15.7637680200,15.8433830100,15.8256907900,12436352,222194728.0000,2,0.060286,1,0.111797,0
2016-10-24,sh.600036,15.8610752300,16.2945346200,15.7991524600,16.1972274100,15.8433830100,29156035,531562128.0000,2,0.141336,1,2.233387,0
2016-10-25,sh.600036,16.1972274100,16.3299190600,16.0026129900,16.0379974300,16.1972274100,19758214,360605408.0000,2,0.095779,1,-0.983071,0
2016-10-26,sh.600036,16.0291513200,16.0556896500,15.8787674500,15.8964596700,16.0379974300,14336807,258759657.0000,2,0.069499,1,-0.882514,0
2016-10-27,sh.600036,15.9760746600,15.9760746600,15.7195374700,15.7549219100,15.8964596700,21825012,389363392.0000,2,0.105798,1,-0.890372,0
2016-10-28,sh.600036,15.7460758000,15.9672285500,15.7460758000,15.8345369000,15.7549219100,20411626,365151760.0000,2,0.098947,1,0.505335,0
2016-10-31,sh.600036,15.8079985700,15.8876135600,15.6753069200,15.7991524600,15.8345369000,12893323,230491027.0000,2,0.062501,1,-0.223458,0
2016-11-01,sh.600036,15.8079985700,15.9141518900,15.7372296900,15.9053057800,15.7991524600,18940536,339544656.0000,2,0.091815,1,0.671887,0
2016-11-02,sh.600036,15.7991524600,15.8699213400,15.7106913600,15.7814602400,15.9053057800,30953599,551269824.0000,2,0.150049,1,-0.778640,0
2016-11-03,sh.600036,15.7726141300,15.8964596700,15.7372296900,15.8610752300,15.7814602400,27080968,484543264.0000,2,0.131277,1,0.504485,0
2016-11-04,sh.600036,15.8345369000,15.9229980000,15.8079985700,15.8433830100,15.8610752300,26938815,483274400.0000,2,0.130587,1,-0.111547,0
2016-11-07,sh.600036,15.8433830100,15.8610752300,15.7903063500,15.8256907900,15.8433830100,20825832,372548928.0000,2,0.100954,1,-0.111672,0
2016-11-08,sh.600036,15.8522291200,15.9760746600,15.8256907900,15.9141518900,15.8256907900,26234851,471517520.0000,2,0.127175,1,0.558974,0
2016-11-09,sh.600036,15.9229980000,15.9937668800,15.7195374700,15.8256907900,15.9141518900,34243788,612494736.0000,2,0.165999,1,-0.555867,0
2016-11-10,sh.600036,15.8787674500,16.0203052100,15.8699213400,15.9229980000,15.8256907900,27117031,489248976.0000,2,0.131451,1,0.614872,0
2016-11-11,sh.600036,15.8787674500,15.9937668800,15.8610752300,15.9406902200,15.9229980000,27634854,497447008.0000,2,0.133962,1,0.111114,0
2016-11-14,sh.600036,15.9229980000,16.1441507500,15.8787674500,15.9583824400,15.9406902200,35354071,641245328.0000,2,0.171381,1,0.110990,0
2016-11-15,sh.600036,16.0114591000,16.1353046400,15.9495363300,16.0822279800,15.9583824400,25650732,465084624.0000,2,0.124343,1,0.776050,0
2016-11-16,sh.600036,16.1264585300,16.1795351900,15.9672285500,16.0291513200,16.0822279800,23521274,427162272.0000,2,0.114021,1,-0.330030,0
2016-11-17,sh.600036,16.0203052100,16.0468435400,15.9318441100,16.0291513200,16.0291513200,27177326,491383024.0000,2,0.131744,1,0.000000,0
2016-11-18,sh.600036,16.0291513200,16.0645357600,15.9495363300,16.0114591000,16.0291513200,18551458,335802160.0000,2,0.089929,1,-0.110378,0
2016-11-21,sh.600036,15.9937668800,16.5245334800,15.9937668800,16.2237657400,16.0114591000,41347641,760532544.0000,2,0.200435,1,1.325966,0
2016-11-22,sh.600036,16.2503040700,16.3564573900,16.1706890800,16.2503040700,16.2237657400,52492006,964268064.0000,2,0.254458,1,0.163581,0
2016-11-23,sh.600036,16.2768424000,16.7191479000,16.2503040700,16.6660712400,16.2503040700,66351510,1243122112.0000,2,0.321643,1,2.558515,0
2016-11-24,sh.600036,16.6041484700,16.7810706700,16.4626107100,16.5776101400,16.6660712400,26750197,502543840.0000,2,0.129673,1,-0.530788,0
2016-11-25,sh.600036,16.6306868000,16.8253012200,16.5068412600,16.7987628900,16.5776101400,40943311,772447184.0000,2,0.198475,1,1.334045,0
2016-11-28,sh.600036,16.8960701000,16.9845312000,16.3829957200,16.4979951500,16.7987628900,85146467,1604490624.0000,2,0.412752,1,-1.790417,0
2016-11-29,sh.600036,16.4979951500,16.5953023600,16.3741496100,16.5864562500,16.4979951500,49107994,915066944.0000,2,0.238054,1,0.536195,0
2016-11-30,sh.600036,16.5953023600,16.6483790200,16.3387651700,16.4095340500,16.5864562500,39129809,727802160.0000,2,0.189684,1,-1.066671,0
2016-12-01,sh.600036,16.4095340500,16.4891490400,16.2856885100,16.3564573900,16.4095340500,53798959,997774288.0000,2,0.260794,1,-0.323447,0
2016-12-02,sh.600036,16.3918418300,16.4006879400,16.1353046400,16.3564573900,16.3564573900,48392142,891327408.0000,2,0.234584,1,0.000000,0
2016-12-05,sh.600036,16.2679962900,16.5156873700,16.2237657400,16.5068412600,16.3564573900,50351765,933953840.0000,2,0.244083,1,0.919416,0
2016-12-06,sh.600036,16.5068412600,16.6129945800,16.4272262700,16.4537646000,16.5068412600,31729059,592585856.0000,2,0.153808,1,-0.321541,0
2016-12-07,sh.600036,16.4979951500,16.5510718100,16.4360723800,16.4714568200,16.4537646000,12167226,226701438.0000,2,0.058981,1,0.107529,0
2016-12-08,sh.600036,16.5156873700,16.7014556800,16.4714568200,16.5953023600,16.4714568200,26930735,505299968.0000,2,0.130548,1,0.751876,0
2016-12-09,sh.600036,16.5953023600,17.1083767400,16.5864562500,16.9845312000,16.5953023600,62582113,1197391296.0000,2,0.303370,1,2.345418,0
2016-12-12,sh.600036,16.9491467600,17.3826061500,16.7191479000,17.0287617500,16.9845312000,79488183,1530135056.0000,2,0.385324,1,0.260413,0
2016-12-13,sh.600036,16.8872239900,16.9845312000,16.6395329100,16.7014556800,17.0287617500,24933178,471987680.0000,2,0.120865,1,-1.922082,0
2016-12-14,sh.600036,16.6306868000,16.9314545400,16.6306868000,16.6483790200,16.7014556800,32780688,621281024.0000,2,0.158906,1,-0.317794,0
2016-12-15,sh.600036,16.5687640300,16.5687640300,16.0999202000,16.1353046400,16.6483790200,36612461,673540672.0000,2,0.177481,1,-3.081827,0
2016-12-16,sh.600036,16.1353046400,16.2768424000,16.0291513200,16.0822279800,16.1353046400,24216836,441962352.0000,2,0.117393,1,-0.328944,0
2016-12-19,sh.600036,16.0556896500,16.0822279800,15.8610752300,15.9318441100,16.0822279800,24624487,443900192.0000,2,0.119369,1,-0.935094,0
2016-12-20,sh.600036,15.9141518900,15.9141518900,15.6576147000,15.7372296900,15.9318441100,29800167,531016960.0000,2,0.144458,1,-1.221540,0
2016-12-21,sh.600036,15.7726141300,15.9053057800,15.7195374700,15.7549219100,15.7372296900,30868403,551372352.0000,2,0.149636,1,0.112415,0
2016-12-22,sh.600036,15.7903063500,15.7903063500,15.6133841500,15.6753069200,15.7549219100,21923062,388437360.0000,2,0.106273,1,-0.505335,0
2016-12-23,sh.600036,15.7195374700,15.7195374700,15.5160769400,15.5691536000,15.6753069200,18108164,319060384.0000,2,0.087780,1,-0.677195,0
2016-12-26,sh.600036,15.5337691600,15.7195374700,15.3833852900,15.7018452500,15.5691536000,16343100,287481232.0000,2,0.079224,1,0.852271,0
2016-12-27,sh.600036,15.6841530300,15.7637680200,15.6133841500,15.6664608100,15.7018452500,10090799,179187227.0000,2,0.048916,1,-0.225357,0
2016-12-28,sh.600036,15.6753069200,15.7195374700,15.4718463900,15.5868458200,15.6664608100,26787189,470097376.0000,2,0.129852,1,-0.508178,0
2016-12-29,sh.600036,15.5691536000,15.5868458200,15.4187697300,15.4718463900,15.5868458200,28439191,497576064.0000,2,0.137861,1,-0.737804,0
2016-12-30,sh.600036,15.5072308300,15.5779997100,15.4541541700,15.5691536000,15.4718463900,22725952,398354144.0000,2,0.110165,1,0.628934,0
2017-01-03,sh.600036,15.5691536000,15.9053057800,15.5426152700,15.8876135600,15.5691536000,30458320,543437232.0000,2,0.147648,1,2.045447,0
2017-01-04,sh.600036,15.8345369000,16.0203052100,15.7903063500,15.9406902200,15.8876135600,25665746,461916736.0000,2,0.124416,1,0.334083,0
2017-01-05,sh.600036,15.9672285500,16.1087663100,15.9495363300,16.0114591000,15.9406902200,24563935,445323280.0000,2,0.119075,1,0.443951,0
2017-01-06,sh.600036,16.0114591000,16.0645357600,15.8876135600,15.8876135600,16.0114591000,17487854,315460240.0000,2,0.084773,1,-0.773488,0
2017-01-09,sh.600036,15.9672285500,16.0379974300,15.8433830100,15.8699213400,15.8876135600,17346031,312457104.0000,2,0.084086,1,-0.111351,0
2017-01-10,sh.600036,15.8787674500,16.0026129900,15.8433830100,15.8699213400,15.8699213400,10668237,191855417.0000,2,0.051715,1,0.000000,0
2017-01-11,sh.600036,15.9495363300,15.9849207700,15.8610752300,15.8876135600,15.8699213400,13428968,241615359.0000,2,0.065098,1,0.111475,0
2017-01-12,sh.600036,15.8787674500,16.0379974300,15.8699213400,15.9229980000,15.8876135600,14095858,254229662.0000,2,0.068330,1,0.222722,0
2017-01-13,sh.600036,15.9229980000,16.2591501800,15.9053057800,16.1176124200,15.9229980000,25117871,456928160.0000,2,0.121760,1,1.222218,0
2017-01-16,sh.600036,16.0822279800,16.4449184900,16.0645357600,16.4360723800,16.1176124200,75104666,1385245872.0000,2,0.364074,1,1.975854,0
2017-01-17,sh.600036,16.3653035000,16.4449184900,16.3033807300,16.3210729500,16.4360723800,23566010,435835488.0000,2,0.114238,1,-0.699673,0
2017-01-18,sh.600036,16.3564573900,16.4626107100,16.3387651700,16.4449184900,16.3210729500,17879565,331977184.0000,2,0.086672,1,0.758804,0
2017-01-19,sh.600036,16.4095340500,16.5776101400,16.3741496100,16.3829957200,16.4449184900,13117422,244232036.0000,2,0.063587,1,-0.376545,0
2017-01-20,sh.600036,16.4006879400,16.4979951500,16.3387651700,16.4449184900,16.3829957200,21739051,403155088.0000,2,0.105381,1,0.377968,0
2017-01-23,sh.600036,16.5245334800,16.5953023600,16.2856885100,16.3653035000,16.4449184900,19879818,369761616.0000,2,0.096369,1,-0.484132,0
2017-01-24,sh.600036,16.4449184900,16.7014556800,16.3653035000,16.6926095700,16.3653035000,25543630,479286640.0000,2,0.123824,1,2.000005,0
2017-01-25,sh.600036,16.6395329100,16.7633784500,16.5245334800,16.7014556800,16.6926095700,15272178,287271136.0000,2,0.074033,1,0.052985,0
2017-01-26,sh.600036,16.7191479000,17.0287617500,16.6483790200,16.8076090000,16.7014556800,27318666,521508256.0000,2,0.132429,1,0.635598,0
2017-02-03,sh.600036,16.8783778800,16.8783778800,16.5068412600,16.5422257000,16.8076090000,23307310,437172384.0000,2,0.112984,1,-1.578943,0
2017-02-06,sh.600036,16.7014556800,16.7191479000,16.4006879400,16.4714568200,16.5422257000,24044319,449830960.0000,2,0.116556,1,-0.427807,0
2017-02-07,sh.600036,16.4803029300,16.5245334800,16.4095340500,16.4272262700,16.4714568200,22941249,426839072.0000,2,0.111209,1,-0.268535,0
2017-02-08,sh.600036,16.4095340500,16.4537646000,16.3476112800,16.4537646000,16.4272262700,19710326,365540224.0000,2,0.095547,1,0.161555,0
2017-02-09,sh.600036,16.4449184900,16.7456862300,16.4449184900,16.5687640300,16.4537646000,22249868,418114736.0000,2,0.107858,1,0.698920,0
2017-02-10,sh.600036,16.6837634600,16.7810706700,16.5687640300,16.7191479000,16.5687640300,39642813,748379536.0000,2,0.192171,1,0.907635,0
2017-02-13,sh.600036,16.7191479000,16.8872239900,16.7103017900,16.7810706700,16.7191479000,25330996,480693328.0000,2,0.122793,1,0.370369,0
2017-02-14,sh.600036,16.8076090000,16.8341473300,16.6395329100,16.6926095700,16.7810706700,23787741,449426416.0000,2,0.115312,1,-0.527140,0
2017-02-15,sh.600036,16.7810706700,17.0110695300,16.7191479000,16.9226084300,16.6926095700,59684478,1140926368.0000,2,0.289324,1,1.377839,0
2017-02-16,sh.600036,16.9756850900,17.1083767400,16.8429934400,16.9314545400,16.9226084300,35223424,674770080.0000,2,0.170748,1,0.052275,0
2017-02-17,sh.600036,16.9756850900,17.0110695300,16.7899167800,16.8253012200,16.9314545400,17980608,343397824.0000,2,0.087162,1,-0.626954,0
2017-02-20,sh.600036,16.8341473300,17.2499145000,16.7899167800,17.1614534000,16.8253012200,44635085,864176288.0000,2,0.216371,1,1.997893,0
2017-02-21,sh.600036,17.1879917300,17.5241439100,17.1526072900,17.1702995100,17.1614534000,30056784,588854416.0000,2,0.145702,1,0.051548,0
2017-02-22,sh.600036,17.1879917300,17.3118372700,17.0729923000,17.1614534000,17.1702995100,22550262,437723376.0000,2,0.109314,1,-0.051521,0
2017-02-23,sh.600036,17.1702995100,17.1968378400,17.0464539700,17.1437611800,17.1614534000,15656602,303013872.0000,2,0.075896,1,-0.103095,0
2017-02-24,sh.600036,17.1437611800,17.2499145000,17.0464539700,17.1879917300,17.1437611800,20702260,401104880.0000,2,0.100355,1,0.258004,0
2017-02-27,sh.600036,17.1437611800,17.3118372700,17.0376078600,17.1702995100,17.1879917300,25452155,494391312.0000,2,0.123381,1,-0.102936,0
2017-02-28,sh.600036,17.1614534000,17.3206833800,17.1260689600,17.1968378400,17.1702995100,16595374,323451600.0000,2,0.080447,1,0.154563,0
2017-03-01,sh.600036,17.2056839500,17.2587606100,17.0553000800,17.1083767400,17.1968378400,23983933,464816272.0000,2,0.116264,1,-0.514405,0
2017-03-02,sh.600036,17.1437611800,17.2056839500,16.8695317700,16.8960701000,17.1083767400,24151335,463994960.0000,2,0.117075,1,-1.240950,0
2017-03-03,sh.600036,16.8695317700,16.9579928700,16.7633784500,16.8164551100,16.8960701000,16972146,323332720.0000,2,0.082273,1,-0.471205,0
2017-03-06,sh.600036,16.8164551100,17.1526072900,16.8076090000,16.8606856600,16.8164551100,23808114,457260944.0000,2,0.115411,1,0.263015,0
2017-03-07,sh.600036,16.8960701000,17.0641461900,16.7810706700,17.0199156400,16.8606856600,25247832,482993296.0000,2,0.122390,1,0.944388,0
2017-03-08,sh.600036,16.9137623200,17.1172228500,16.8783778800,17.0641461900,17.0199156400,19486576,374347184.0000,2,0.094462,1,0.259881,0
2017-03-09,sh.600036,17.0287617500,17.0287617500,16.7368401200,16.8518395500,17.0641461900,23195322,441475792.0000,2,0.112441,1,-1.244177,0
2017-03-10,sh.600036,16.8253012200,16.8518395500,16.6572251300,16.7279940100,16.8518395500,20905258,394814384.0000,2,0.101339,1,-0.734905,0
2017-03-13,sh.600036,16.7103017900,16.8518395500,16.6395329100,16.8341473300,16.7279940100,17056107,323081968.0000,2,0.082680,1,0.634589,0
2017-03-14,sh.600036,16.8429934400,16.9756850900,16.8253012200,16.8960701000,16.8341473300,18159274,346992944.0000,2,0.088028,1,0.367839,0
2017-03-15,sh.600036,16.8960701000,16.9226084300,16.7722245600,16.8164551100,16.8960701000,21828414,415062768.0000,2,0.105814,1,-0.471205,0
2017-03-16,sh.600036,16.8960701000,17.0287617500,16.8253012200,16.8606856600,16.8164551100,31185472,596890768.0000,2,0.151173,1,0.263015,0
2017-03-17,sh.600036,16.9579928700,16.9933773100,16.6129945800,16.6395329100,16.8606856600,35535357,675517904.0000,2,0.172260,1,-1.311647,0
2017-03-20,sh.600036,16.7103017900,16.7633784500,16.4626107100,16.5953023600,16.6395329100,33463011,627135952.0000,2,0.162214,1,-0.265812,0
2017-03-21,sh.600036,16.5864562500,16.6572251300,16.4979951500,16.5953023600,16.5953023600,40184805,752524928.0000,2,0.194798,1,0.000000,0
2017-03-22,sh.600036,16.5776101400,16.5864562500,16.3476112800,16.3829957200,16.5953023600,46907976,871125184.0000,2,0.227389,1,-1.279316,0
2017-03-23,sh.600036,16.3829957200,16.6395329100,16.3476112800,16.4891490400,16.3829957200,40943140,766200256.0000,2,0.198474,1,0.647942,0
2017-03-24,sh.600036,16.6041484700,16.6218406900,16.4803029300,16.6129945800,16.4891490400,32781646,613249808.0000,2,0.158911,1,0.751080,0
2017-03-27,sh.600036,16.6218406900,17.0906845200,16.6218406900,16.8960701000,16.6129945800,80019192,1531802496.0000,2,0.387898,1,1.703939,0
2017-03-28,sh.600036,17.0287617500,17.0818384100,16.7279940100,16.7810706700,16.8960701000,42027343,801684352.0000,2,0.203730,1,-0.680634,0
2017-03-29,sh.600036,16.7987628900,16.9491467600,16.7899167800,16.8872239900,16.7810706700,44934719,857221808.0000,2,0.217824,1,0.632582,0
2017-03-30,sh.600036,16.8872239900,16.9403006500,16.7722245600,16.8253012200,16.8872239900,25726855,490686368.0000,2,0.124712,1,-0.366683,0
2017-03-31,sh.600036,16.8253012200,17.0287617500,16.8253012200,16.9579928700,16.8253012200,33962346,650952944.0000,2,0.164634,1,0.788641,0
2017-04-05,sh.600036,17.0022234200,17.0641461900,16.8164551100,16.8695317700,16.9579928700,48602592,929280304.0000,2,0.235604,1,-0.521650,0
2017-04-06,sh.600036,16.8518395500,16.9049162100,16.7456862300,16.8429934400,16.8695317700,34096737,648458304.0000,2,0.165286,1,-0.157309,0
2017-04-07,sh.600036,16.8518395500,16.8783778800,16.6483790200,16.7103017900,16.8429934400,44034033,833989120.0000,2,0.213458,1,-0.787823,0
2017-04-10,sh.600036,16.7456862300,16.7810706700,16.5422257000,16.7279940100,16.7103017900,32313532,609971568.0000,2,0.156642,1,0.105879,0
2017-04-11,sh.600036,16.7279940100,16.8518395500,16.7014556800,16.8253012200,16.7279940100,39407570,748244176.0000,2,0.191030,1,0.581706,0
2017-04-12,sh.600036,16.8253012200,16.9137623200,16.7191479000,16.8518395500,16.8253012200,32143538,611280992.0000,2,0.155818,1,0.157722,0
2017-04-13,sh.600036,16.8429934400,16.8518395500,16.6749173500,16.7368401200,16.8518395500,26704897,505235744.0000,2,0.129454,1,-0.682410,0
2017-04-14,sh.600036,16.7279940100,16.7545323400,16.4979951500,16.6483790200,16.7368401200,30142700,564136336.0000,2,0.146118,1,-0.528543,0
2017-04-17,sh.600036,16.6041484700,16.7191479000,16.4537646000,16.7014556800,16.6483790200,40758304,763022080.0000,2,0.197578,1,0.318807,0
2017-04-18,sh.600036,16.6306868000,16.6749173500,16.4537646000,16.4537646000,16.7014556800,31585792,591650464.0000,2,0.153114,1,-1.483045,0
2017-04-19,sh.600036,16.4360723800,16.5864562500,16.2768424000,16.3299190600,16.4537646000,30928072,573673712.0000,2,0.149926,1,-0.752695,0
2017-04-20,sh.600036,16.4449184900,16.4537646000,16.2591501800,16.2679962900,16.3299190600,28367769,523852160.0000,2,0.137514,1,-0.379197,0
2017-04-21,sh.600036,16.3653035000,16.7456862300,16.2679962900,16.6306868000,16.2679962900,49743044,935678848.0000,2,0.241132,1,2.229472,0
2017-04-24,sh.600036,16.7103017900,16.8164551100,16.6306868000,16.7279940100,16.6306868000,37143301,703849040.0000,2,0.180054,1,0.585110,0
2017-04-25,sh.600036,16.7633784500,16.8606856600,16.6129945800,16.7722245600,16.7279940100,40879001,773462784.0000,2,0.198163,1,0.264406,0
2017-04-26,sh.600036,16.7810706700,16.9668389800,16.7279940100,16.9049162100,16.7722245600,42419144,810267728.0000,2,0.205629,1,0.791147,0
2017-04-27,sh.600036,16.8164551100,16.8783778800,16.6572251300,16.7899167800,16.9049162100,34557480,654130096.0000,2,0.167519,1,-0.680278,0
2017-04-28,sh.600036,16.8960701000,17.0199156400,16.8164551100,16.9226084300,16.7899167800,49459693,945369168.0000,2,0.239759,1,0.790304,0
2017-05-02,sh.600036,16.9314545400,16.9933773100,16.7545323400,16.8164551100,16.9226084300,27786907,529881136.0000,2,0.134699,1,-0.627281,0
2017-05-03,sh.600036,16.7987628900,16.8341473300,16.6749173500,16.7456862300,16.8164551100,18057905,342113792.0000,2,0.087537,1,-0.420831,0
2017-05-04,sh.600036,16.7633784500,16.7810706700,16.5068412600,16.5864562500,16.7456862300,39673390,743771328.0000,2,0.192319,1,-0.950873,0
2017-05-05,sh.600036,16.6218406900,16.6660712400,16.4006879400,16.6306868000,16.5864562500,34318443,640625536.0000,2,0.166361,1,0.266663,0
2017-05-08,sh.600036,16.5156873700,16.6837634600,16.4979951500,16.6218406900,16.6306868000,42998487,806982672.0000,2,0.208438,1,-0.053183,0
2017-05-09,sh.600036,16.6306868000,16.6749173500,16.5776101400,16.6218406900,16.6218406900,14905601,280094864.0000,2,0.072256,1,0.000000,0
2017-05-10,sh.600036,16.6749173500,16.9668389800,16.6395329100,16.8253012200,16.6218406900,42066330,802326320.0000,2,0.203919,1,1.224053,0
2017-05-11,sh.600036,16.8872239900,17.2056839500,16.8076090000,17.0376078600,16.8253012200,47193321,909384832.0000,2,0.228772,1,1.261828,0
2017-05-12,sh.600036,17.0287617500,18.0283721800,16.9756850900,17.9929877400,17.0376078600,122392416,2442104352.0000,2,0.593304,1,5.607476,0
2017-05-15,sh.600036,18.0902949500,18.6652921000,18.0637566200,18.2849093700,17.9929877400,83559057,1738353328.0000,2,0.405057,1,1.622419,0
2017-05-16,sh.600036,18.1787560500,18.3468321400,17.9929877400,18.1256793900,18.2849093700,64731794,1325991072.0000,2,0.313791,1,-0.870829,0
2017-05-17,sh.600036,18.0106799600,18.1610638300,17.7452966600,17.8602960900,18.1256793900,59693502,1206835056.0000,2,0.289368,1,-1.464125,0
2017-05-18,sh.600036,17.7010661100,17.9752955200,17.7010661100,17.9133727500,17.8602960900,36345421,732979584.0000,2,0.176187,1,0.297174,0
2017-05-19,sh.600036,17.8426038700,18.2141404900,17.7895272100,18.1610638300,17.9133727500,39179460,798985920.0000,2,0.189925,1,1.382719,0
2017-05-22,sh.600036,18.0991410600,18.7095226500,18.0991410600,18.4795237900,18.1610638300,57888523,1212784544.0000,2,0.280618,1,1.753525,0
2017-05-23,sh.600036,18.4706776800,19.4614420000,18.4706776800,19.3110581300,18.4795237900,95034429,2057868448.0000,2,0.460685,1,4.499763,0
2017-05-24,sh.600036,19.3022120200,19.6914408600,19.0545209400,19.3818270100,19.3110581300,74150674,1623533232.0000,2,0.359450,1,0.366468,0
2017-05-25,sh.600036,19.2933659100,20.3548991100,19.2845198000,20.3018224500,19.3818270100,106667813,2416876400.0000,2,0.517078,1,4.746695,0
2017-05-26,sh.600036,20.3372068900,20.3991296600,19.8506708400,20.0275930400,20.3018224500,78505419,1785010224.0000,2,0.380560,1,-1.350768,0
2017-05-31,sh.600036,19.8595169500,20.3106685600,19.6206719800,19.8329786200,20.0275930400,73975517,1666165856.0000,2,0.358601,1,-0.971728,0
2017-06-01,sh.600036,19.7533636300,20.0364391500,19.6649025300,19.9833624900,19.8329786200,78092238,1753824144.0000,2,0.378557,1,0.758252,0
2017-06-02,sh.600036,20.0806697000,20.1249002500,19.5233647700,19.6029797600,19.9833624900,51019453,1138839808.0000,2,0.247320,1,-1.903499,0
2017-06-05,sh.600036,19.3995192300,19.6118258700,19.1075976000,19.4437497800,19.6029797600,65026549,1419799520.0000,2,0.315220,1,-0.812276,0
2017-06-06,sh.600036,19.4614420000,19.5764414300,19.1606742600,19.3995192300,19.4437497800,54884450,1199205648.0000,2,0.266056,1,-0.227476,0
2017-06-07,sh.600036,19.4791342200,19.9745163800,19.4172114500,19.9214397200,19.3995192300,96496305,2160376512.0000,2,0.467771,1,2.690379,0
2017-06-08,sh.600036,19.7710558500,20.1514385800,19.4437497800,20.1160541400,19.9214397200,74865798,1680209792.0000,2,0.362916,1,0.976906,0
2017-06-09,sh.600036,20.1249002500,20.6114363000,20.0099008200,20.2664380100,20.1160541400,83753301,1924613472.0000,2,0.405999,1,0.747582,0
2017-06-12,sh.600036,20.2045152400,20.5760518600,20.0452852600,20.2045152400,20.2664380100,55565434,1276327536.0000,2,0.269357,1,-0.305542,0
2017-06-13,sh.600036,20.2575919000,20.3283607800,19.7268253000,19.8949013900,20.2045152400,54260816,1220058064.0000,2,0.263032,1,-1.532401,0
2017-06-14,sh.600036,19.8948990000,19.9955168800,19.4101037600,19.4832804000,19.8948990000,51801561,1115250432.0000,2,0.251111,1,-2.068969,0
2017-06-15,sh.600036,19.4832804000,19.7942811200,19.1173972000,19.1448384400,19.4832804000,67537281,1425902896.0000,2,0.327391,1,-1.737084,0
2017-06-16,sh.600036,19.1265442800,19.2911917200,18.9710439200,19.0350734800,19.1448384400,53191074,1113029440.0000,2,0.257847,1,-0.573344,0
2017-06-19,sh.600036,19.1356913600,19.4832804000,19.0533676400,19.3552212800,19.0350734800,54663330,1152930384.0000,2,0.264984,1,1.681885,0
2017-06-20,sh.600036,19.4832804000,19.7028103200,19.1356913600,19.2820446400,19.3552212800,53216817,1127816320.0000,2,0.257972,1,-0.378072,0
2017-06-21,sh.600036,19.4741333200,19.5290158000,19.0625147200,19.4924274800,19.2820446400,50786321,1074173568.0000,2,0.246190,1,1.091079,0
2017-06-22,sh.600036,19.4375450000,21.2486668400,19.3918096000,20.7913128400,19.4924274800,152388802,3414570656.0000,2,0.738714,1,6.663538,0
2017-06-23,sh.600036,20.6815478800,21.1114606400,20.3796942400,21.0657252400,20.7913128400,94120881,2136408544.0000,2,0.456256,1,1.319847,0
2017-06-26,sh.600036,21.1114606400,21.8706682800,21.0291369200,21.0748723200,21.0657252400,88995783,2084599648.0000,2,0.431412,1,0.043423,0
2017-06-27,sh.600036,20.9834015200,22.4835226400,20.7913128400,22.2822868800,21.0748723200,107584636,2541437040.0000,2,0.521523,1,5.729165,0
2017-06-28,sh.600036,22.0536098800,22.3920518400,21.7700504000,21.7700504000,22.2822868800,73712967,1774023856.0000,2,0.357328,1,-2.298856,0
2017-06-29,sh.600036,21.9529920000,22.2639927200,21.6511383600,22.0901982000,21.7700504000,59421356,1432956912.0000,2,0.288048,1,1.470590,0
2017-06-30,sh.600036,21.9529920000,22.1176394400,21.6785796000,21.8706682800,22.0901982000,40698820,972087184.0000,2,0.197290,1,-0.993788,0
2017-07-03,sh.600036,21.7700504000,21.7700504000,21.3401376400,21.5139321600,21.8706682800,41623871,979092992.0000,2,0.201774,1,-1.631114,0
2017-07-04,sh.600036,21.5047850800,21.5871088000,20.8736365600,21.0382840000,21.5139321600,57363680,1325615808.0000,2,0.278074,1,-2.210886,0
2017-07-05,sh.600036,21.0199898400,21.9987274000,20.9010778000,21.8615212000,21.0382840000,78399696,1836342528.0000,2,0.380047,1,3.913042,0
2017-07-06,sh.600036,21.6877266800,22.0810511200,21.4041672000,21.9164036800,21.8615212000,62433300,1481675280.0000,2,0.302649,1,0.251044,0
2017-07-07,sh.600036,21.7700504000,21.8615212000,21.0840194000,21.2761080800,21.9164036800,63217985,1478551360.0000,2,0.306453,1,-2.921531,0
2017-07-10,sh.600036,21.3309905600,21.5688146400,21.0840194000,21.2761080800,21.2761080800,37203437,866708208.0000,2,0.180346,1,0.000000,0
2017-07-11,sh.600036,21.2486668400,22.3005810400,21.1846372800,22.0261686400,21.2761080800,73038307,1747996944.0000,2,0.354057,1,3.525364,0
2017-07-12,sh.600036,22.0444628000,22.9317295600,21.9072566000,22.2639927200,22.0261686400,85800391,2107028256.0000,2,0.415922,1,1.079735,0
2017-07-13,sh.600036,22.2639927200,22.9134354000,22.1450806800,22.7762292000,22.2639927200,55940416,1386998096.0000,2,0.271174,1,2.300737,0
2017-07-14,sh.600036,22.8585529200,23.2427302800,22.6298759200,23.0323474400,22.7762292000,50806029,1271884064.0000,2,0.246285,1,1.124501,0
2017-07-17,sh.600036,22.9591708000,23.4622602000,22.6298759200,22.9683178800,23.0323474400,70928750,1788461120.0000,2,0.343831,1,-0.277997,0
2017-07-18,sh.600036,22.7762292000,22.9225824800,21.9895803200,22.4286401600,22.9683178800,64534655,1583816688.0000,2,0.312835,1,-2.349662,0
2017-07-19,sh.600036,22.3554635200,23.2061419600,22.3188752000,23.0689357600,22.4286401600,63077091,1570233808.0000,2,0.305770,1,2.854808,0
2017-07-20,sh.600036,22.9591708000,23.0963770000,22.6847584000,23.0506416000,23.0689357600,51433744,1286272352.0000,2,0.249328,1,-0.079296,0
2017-07-21,sh.600036,22.9408766400,23.1969948800,22.5384051200,22.6298759200,23.0506416000,32764747,818375344.0000,2,0.158829,1,-1.825401,0
2017-07-24,sh.600036,22.6573171600,23.5628780800,22.5658463600,23.5171426800,22.6298759200,62592201,1587410704.0000,2,0.303419,1,3.920774,0
2017-07-25,sh.600036,23.5994664000,24.0019379200,23.2335832000,23.3524952400,23.5171426800,74394506,1922841200.0000,2,0.360632,1,-0.700110,0
2017-07-26,sh.600036,23.3433481600,23.8189963200,23.0140532800,23.2884656800,23.3524952400,46334311,1184402336.0000,2,0.224608,1,-0.274193,0
2017-07-27,sh.600036,23.3067598400,23.9379083600,23.2335832000,23.6909372000,23.2884656800,43453232,1124251952.0000,2,0.210642,1,1.728203,0
2017-07-28,sh.600036,23.5720251600,23.7824080000,23.3250540000,23.5811722400,23.6909372000,28036197,720520368.0000,2,0.135907,1,-0.463316,0
2017-07-31,sh.600036,23.4531131200,23.7366726000,23.2152890400,23.3890835600,23.5811722400,34195965,875073760.0000,2,0.165767,1,-0.814589,0
2017-08-01,sh.600036,23.3982306400,23.9196142000,23.1878478000,23.9104671200,23.3890835600,47806569,1237126960.0000,2,0.231745,1,2.229174,0
2017-08-02,sh.600036,23.8921729600,24.7702926400,23.8007021600,24.3495269600,23.9104671200,60628359,1619543968.0000,2,0.293899,1,1.836272,0
2017-08-03,sh.600036,24.2580561600,24.3861152800,23.6360547200,23.6817901200,24.3495269600,51028609,1338776400.0000,2,0.247364,1,-2.742305,0
2017-08-04,sh.600036,23.6634959600,23.8738788000,23.1604065600,23.3433481600,23.6817901200,48927096,1252754944.0000,2,0.237177,1,-1.429119,0
2017-08-07,sh.600036,23.2335832000,23.8738788000,23.2335832000,23.7641138400,23.3433481600,30913583,799024688.0000,2,0.149855,1,1.802504,0
2017-08-08,sh.600036,23.6909372000,23.8372904800,23.4714072800,23.6452018000,23.7641138400,22046346,569318272.0000,2,0.106871,1,-0.500382,0
2017-08-09,sh.600036,23.5811722400,23.8555846400,23.3342010800,23.3616423200,23.6452018000,29248590,754403232.0000,2,0.141784,1,-1.199224,0
2017-08-10,sh.600036,23.2976127600,23.5445839200,22.8494058400,22.9957591200,23.3616423200,46465133,1172008480.0000,2,0.225242,1,-1.566177,0
2017-08-11,sh.600036,22.8402587600,23.1055240800,22.3554635200,22.4011989200,22.9957591200,52173238,1295751456.0000,2,0.252913,1,-2.585520,0
2017-08-14,sh.600036,22.5018168000,22.7579350400,22.1816690000,22.6847584000,22.4011989200,53594772,1318539824.0000,2,0.259804,1,1.265821,0
2017-08-15,sh.600036,22.6847584000,23.6543488800,22.6664642400,23.3524952400,22.6847584000,53690010,1370978512.0000,2,0.260265,1,2.943554,0
2017-08-16,sh.600036,23.2427302800,23.2976127600,22.8859941600,23.0232003600,23.3524952400,29782847,750197216.0000,2,0.144374,1,-1.410108,0
2017-08-17,sh.600036,23.0414945200,23.1421124000,22.7304938000,22.9225824800,23.0232003600,32146044,803371856.0000,2,0.155830,1,-0.437031,0
2017-08-18,sh.600036,22.7853762800,23.4073777200,22.6847584000,23.2518773600,22.9225824800,39734426,1003556224.0000,2,0.192615,1,1.436555,0
2017-08-21,sh.600036,23.2518773600,23.3433481600,22.9134354000,23.1421124000,23.2518773600,31525364,796215296.0000,2,0.152821,1,-0.472073,0
2017-08-22,sh.600036,23.2518773600,23.7183784400,23.0323474400,23.6817901200,23.1421124000,50287937,1289000320.0000,2,0.243774,1,2.332016,0
2017-08-23,sh.600036,23.7641138400,24.5416156400,23.6269076400,24.2580561600,23.6817901200,60736801,1607392864.0000,2,0.294425,1,2.433376,0
2017-08-24,sh.600036,24.2397620000,24.5507627200,23.9744966800,24.4135565200,24.2580561600,46161550,1228209408.0000,2,0.223771,1,0.641026,0
2017-08-25,sh.600036,24.5141744000,25.2276466400,24.5141744000,25.1819112400,24.4135565200,66092014,1796548784.0000,2,0.320385,1,3.147247,0
2017-08-28,sh.600036,25.2276466400,25.5203532000,24.7062630800,24.9166459200,25.1819112400,54746121,1504650784.0000,2,0.265385,1,-1.053400,0
2017-08-29,sh.600036,24.9349400800,25.1178816800,24.7519984800,24.8251751200,24.9166459200,32870241,894606528.0000,2,0.159340,1,-0.367109,0
2017-08-30,sh.600036,25.0538521200,25.5752356800,24.6696747600,24.8434692800,24.8251751200,47205569,1292864160.0000,2,0.228832,1,0.073694,0
2017-08-31,sh.600036,24.8434692800,24.9532342400,24.1574382800,24.4684390000,24.8434692800,59081038,1576347728.0000,2,0.286399,1,-1.509572,0
2017-09-01,sh.600036,24.4592919200,24.8617634400,24.2672032400,24.4775860800,24.4684390000,47974643,1287996640.0000,2,0.232560,1,0.037384,0
2017-09-04,sh.600036,24.2763503200,24.6879689200,24.1665853600,24.6605276800,24.4775860800,35631693,953928880.0000,2,0.172727,1,0.747380,0
2017-09-05,sh.600036,24.6056452000,25.0355579600,24.4592919200,25.0081167200,24.6605276800,40573290,1101285040.0000,2,0.196681,1,1.409500,0
2017-09-06,sh.600036,24.9532342400,24.9532342400,24.4958802400,24.5873510400,25.0081167200,32948666,890348912.0000,2,0.159721,1,-1.682520,0
2017-09-07,sh.600036,24.6056452000,24.6056452000,24.0659674800,24.1025558000,24.5873510400,46675659,1237783136.0000,2,0.226263,1,-1.971722,0
2017-09-08,sh.600036,24.1117028800,24.3312328000,24.0476733200,24.1299970400,24.1025558000,29097213,768685712.0000,2,0.141050,1,0.113847,0
2017-09-11,sh.600036,24.3312328000,24.5964981200,23.8921729600,23.9470554400,24.1299970400,46759279,1236452288.0000,2,0.226668,1,-0.758146,0
2017-09-12,sh.600036,24.0385262400,24.2306149200,23.7458196800,24.1848795200,23.9470554400,42620226,1117346102.0000,2,0.206604,1,0.993125,0
2017-09-13,sh.600036,24.1848795200,24.2214678400,23.8281434000,23.9379083600,24.1848795200,32866866,861995110.0000,2,0.159324,1,-1.021182,0
2017-09-14,sh.600036,23.9470554400,24.0110850000,23.4622602000,23.6543488800,23.9379083600,47223452,1222804952.0000,2,0.228918,1,-1.184560,0
2017-09-15,sh.600036,23.5537310000,23.8555846400,23.4073777200,23.7549667600,23.6543488800,32786267,847804833.0000,2,0.158933,1,0.425362,0
2017-09-18,sh.600036,23.7549667600,23.8738788000,23.4988485200,23.5628780800,23.7549667600,51107728,1323656291.0000,2,0.247748,1,-0.808622,0
2017-09-19,sh.600036,23.5903193200,24.0110850000,23.4988485200,23.9379083600,23.5628780800,47274118,1228816253.0000,2,0.229164,1,1.591614,0
2017-09-20,sh.600036,23.8830258800,24.0751145600,23.6177605600,23.6817901200,23.9379083600,51785947,1350601225.0000,2,0.251035,1,-1.069930,0
2017-09-21,sh.600036,23.7366726000,24.0476733200,23.6452018000,23.8372904800,23.6817901200,40927253,1066972505.0000,2,0.198397,1,0.656625,0
2017-09-22,sh.600036,23.6909372000,24.0385262400,23.6269076400,23.7366726000,23.8372904800,28030992,729528084.0000,2,0.135882,1,-0.422098,0
2017-09-25,sh.600036,23.6543488800,23.8921729600,23.5079956000,23.6086134800,23.7366726000,32006496,829467446.0000,2,0.155153,1,-0.539504,0
2017-09-26,sh.600036,23.5171426800,23.6909372000,23.4531131200,23.5171426800,23.6086134800,22468076,578862322.0000,2,0.108915,1,-0.387448,0
2017-09-27,sh.600036,23.4805543600,23.5537310000,23.1604065600,23.2335832000,23.5171426800,33779155,861005161.0000,2,0.163746,1,-1.205755,0
2017-09-28,sh.600036,23.3067598400,23.3159069200,22.9774649600,23.0506416000,23.2335832000,34723219,875845413.0000,2,0.168323,1,-0.787397,0
2017-09-29,sh.600036,23.0506416000,23.5811722400,22.9866120400,23.3707894000,23.0506416000,47164183,1200679062.0000,2,0.228631,1,1.388883,0
2017-10-09,sh.600036,24.5141744000,24.6879689200,23.6817901200,23.8555846400,23.3707894000,100296537,2651928457.0000,2,0.486193,1,2.074367,0
2017-10-10,sh.600036,23.8281434000,24.2854974000,23.2518773600,23.8921729600,23.8555846400,105250662,2722110394.0000,2,0.510209,1,0.153378,0
2017-10-11,sh.600036,23.8281434000,24.0110850000,23.7000842800,23.8189963200,23.8921729600,48399977,1261376447.0000,2,0.234622,1,-0.306278,0
2017-10-12,sh.600036,23.9104671200,24.2854974000,23.8189963200,24.1208499600,23.8189963200,47842207,1257728399.0000,2,0.231918,1,1.267281,0
2017-10-13,sh.600036,24.1208499600,24.2854974000,23.9287612800,23.9653496000,24.1208499600,32734325,860203544.0000,2,0.158682,1,-0.644672,0
2017-10-16,sh.600036,24.0476733200,24.6513806000,23.9653496000,24.5782039600,23.9653496000,70703152,1886449497.0000,2,0.342738,1,2.557252,0
2017-10-17,sh.600036,24.4227036000,24.9989696400,24.4044094400,24.7245572400,24.5782039600,58293941,1577299201.0000,2,0.282583,1,0.595459,0
2017-10-18,sh.600036,24.7519984800,24.9623813200,24.6147922800,24.7977338800,24.7245572400,38327777,1037664392.0000,2,0.185796,1,0.295967,0
2017-10-19,sh.600036,24.8434692800,24.9715284000,24.6239393600,24.7885868000,24.7977338800,40809614,1107391135.0000,2,0.197827,1,-0.036888,0
2017-10-20,sh.600036,24.6605276800,24.7611455600,24.4227036000,24.4867331600,24.7885868000,28130262,755916482.0000,2,0.136363,1,-1.217712,0
2017-10-23,sh.600036,24.4867331600,24.5964981200,24.2123207600,24.2397620000,24.4867331600,34731342,925253803.0000,2,0.168362,1,-1.008593,0
2017-10-24,sh.600036,24.2580561600,24.5416156400,24.1574382800,24.3495269600,24.2397620000,37077931,988906813.0000,2,0.179737,1,0.452833,0
2017-10-25,sh.600036,24.3037915600,24.5964981200,24.1482912000,24.5141744000,24.3495269600,33931969,905316390.0000,2,0.164487,1,0.676177,0
2017-10-26,sh.600036,24.3861152800,24.8800576000,24.1665853600,24.2854974000,24.5141744000,68850233,1839713642.0000,2,0.333755,1,-0.932836,0
2017-10-27,sh.600036,24.4044094400,25.7398831200,24.4044094400,25.7032948000,24.2854974000,122858298,3388881803.0000,2,0.595563,1,5.838046,0
2017-10-30,sh.600036,25.4746178000,25.6667064800,25.1636170800,25.4197353200,25.7032948000,103998076,2890850820.0000,2,0.504137,1,-1.103201,0
2017-10-31,sh.600036,25.1544700000,25.2459408000,24.6147922800,24.7885868000,25.4197353200,62417334,1692746769.0000,2,0.302572,1,-2.482909,0
2017-11-01,sh.600036,24.7977338800,24.8617634400,24.3769682000,24.6056452000,24.7885868000,69513733,1866958998.0000,2,0.336972,1,-0.738010,0
2017-11-02,sh.600036,24.5141744000,24.7154101600,24.4227036000,24.7062630800,24.6056452000,36239453,974720024.0000,2,0.175673,1,0.408924,0
2017-11-03,sh.600036,24.6788218400,24.8434692800,24.3403798800,24.7519984800,24.7062630800,68086907,1829746496.0000,2,0.330055,1,0.185114,0
2017-11-06,sh.600036,24.6056452000,24.6422335200,24.0293791600,24.3403798800,24.7519984800,69959123,1854555217.0000,2,0.339131,1,-1.662967,0
2017-11-07,sh.600036,24.3312328000,24.9349400800,24.2672032400,24.7245572400,24.3403798800,73061456,1968881356.0000,2,0.354170,1,1.578354,0
2017-11-08,sh.600036,24.6971160000,25.0904404400,24.5141744000,24.7794397200,24.7245572400,72048087,1958201904.0000,2,0.349257,1,0.221974,0
2017-11-09,sh.600036,24.6879689200,25.1270287600,24.5507627200,24.7611455600,24.7794397200,35153936,952783904.0000,2,0.170411,1,-0.073830,0
2017-11-10,sh.600036,24.6147922800,24.8983517600,24.3220857200,24.7611455600,24.7611455600,70010839,1882008398.0000,2,0.339382,1,0.000000,0
2017-11-13,sh.600036,24.7977338800,25.9319718000,24.7977338800,25.3099703600,24.7611455600,136763738,3814308501.0000,2,0.662970,1,2.216477,0
2017-11-14,sh.600036,25.3831470000,25.8679422400,25.3191174400,25.6301181600,25.3099703600,84449909,2361867310.0000,2,0.409376,1,1.264909,0
2017-11-15,sh.600036,25.4197353200,25.8862364000,25.2550878800,25.5020590400,25.6301181600,69036414,1927570960.0000,2,0.334658,1,-0.499648,0
2017-11-16,sh.600036,25.4014411600,25.7307360400,25.1453229200,25.7032948000,25.5020590400,67948860,1892846691.0000,2,0.329386,1,0.789100,0
2017-11-17,sh.600036,25.8862364000,26.9838860000,25.8862364000,26.8741210400,25.7032948000,155197518,4524400131.0000,2,0.752329,1,4.555156,0
2017-11-20,sh.600036,26.8741210400,28.0815356000,26.6088557200,27.9260352400,26.8741210400,130959008,3912283987.0000,2,0.634831,1,3.914232,0
2017-11-21,sh.600036,27.7156524000,28.6303604000,27.5144166400,27.7705348800,27.9260352400,111984633,3439543678.0000,2,0.542852,1,-0.556830,0
2017-11-22,sh.600036,27.9351823200,28.9596552800,27.9351823200,28.2644772000,27.7705348800,97579050,3034245837.0000,2,0.473020,1,1.778653,0
2017-11-23,sh.600036,28.1730064000,28.4748600400,26.9838860000,27.4412400000,28.2644772000,89079547,2709651298.0000,2,0.431818,1,-2.912620,0
2017-11-24,sh.600036,27.6699170000,28.1638593200,27.1027980400,27.5235637200,27.4412400000,81263787,2447316075.0000,2,0.393931,1,0.300001,0
2017-11-27,sh.600036,27.3131808800,27.3955046000,26.4167670400,27.3314750400,27.5235637200,98541100,2899282314.0000,2,0.477684,1,-0.697910,0
2017-11-28,sh.600036,26.9472976800,27.1942688400,26.4350612000,26.7003265200,27.3314750400,61627096,1801453860.0000,2,0.298741,1,-2.309232,0
2017-11-29,sh.600036,26.8100914800,27.1576805200,26.3527374800,27.0387684800,26.7003265200,58019644,1699268388.0000,2,0.281254,1,1.267554,0
2017-11-30,sh.600036,26.8192385600,26.9472976800,26.2887079200,26.5173849200,27.0387684800,50183802,1458283316.0000,2,0.243269,1,-1.928280,0
2017-12-01,sh.600036,26.5173849200,26.6271498800,25.9319718000,26.1697958800,26.5173849200,67577561,1936547906.0000,2,0.327586,1,-1.310794,0
2017-12-04,sh.600036,26.0051484400,26.5905615600,25.9960013600,26.2704137600,26.1697958800,41607547,1197481935.0000,2,0.201695,1,0.384476,0
2017-12-05,sh.600036,26.2704137600,27.0662097200,26.2704137600,26.9747389200,26.2704137600,88452920,2588555823.0000,2,0.428781,1,2.681060,0
2017-12-06,sh.600036,26.8466798000,26.8466798000,26.0783250800,26.4625024400,26.9747389200,55265542,1602158000.0000,2,0.267903,1,-1.898947,0
2017-12-07,sh.600036,26.2521196000,26.5905615600,25.4746178000,25.8405010000,26.4625024400,65215249,1846806140.0000,2,0.316135,1,-2.350502,0
2017-12-08,sh.600036,25.7215889600,26.1423546400,25.5295002800,26.0874721600,25.8405010000,52147804,1476432452.0000,2,0.252789,1,0.955754,0
2017-12-11,sh.600036,26.0142955200,26.5265320000,25.5752356800,26.4625024400,26.0874721600,79743013,2266771061.0000,2,0.386559,1,1.437587,0
2017-12-12,sh.600036,26.2521196000,26.5905615600,25.9136776400,25.9319718000,26.4625024400,55109715,1579380952.0000,2,0.267148,1,-2.004839,0
2017-12-13,sh.600036,25.9319718000,26.3252962400,25.5660886000,26.1606488000,25.9319718000,53615880,1517011706.0000,2,0.259906,1,0.881834,0
2017-12-14,sh.600036,26.0966192400,26.5265320000,26.0234426000,26.1880900400,26.1606488000,52939187,1520833399.0000,2,0.256626,1,0.104891,0
2017-12-15,sh.600036,26.1332075600,26.1606488000,25.6118240000,25.6667064800,26.1880900400,48806521,1378078334.0000,2,0.236592,1,-1.990918,0
2017-12-18,sh.600036,25.7032948000,26.0783250800,25.6575594000,25.9136776400,25.6667064800,37389497,1058596842.0000,2,0.181248,1,0.962225,0
2017-12-19,sh.600036,26.0417367600,26.9838860000,25.9228247200,26.8558268800,25.9136776400,77123200,2238122922.0000,2,0.373859,1,3.635724,0
2017-12-20,sh.600036,26.9015622800,27.2125630000,26.5997086400,26.9564447600,26.8558268800,55439985,1631568151.0000,2,0.268749,1,0.374655,0
2017-12-21,sh.600036,26.8649739600,27.4412400000,26.7094736000,27.1119451200,26.9564447600,56738026,1684770426.0000,2,0.275041,1,0.576858,0
2017-12-22,sh.600036,26.9930330800,27.1119451200,26.6728852800,26.7917973200,27.1119451200,44313847,1301573567.0000,2,0.214814,1,-1.180832,0
2017-12-25,sh.600036,26.7003265200,27.4137987600,26.6362969600,26.7917973200,26.7917973200,60107575,1777969130.0000,2,0.291375,1,0.000000,0
2017-12-26,sh.600036,26.7277677600,27.2582984000,26.7186206800,27.1759746800,26.7917973200,61399980,1817411822.0000,2,0.297640,1,1.433930,0
2017-12-27,sh.600036,26.9838860000,27.2400042400,26.1423546400,26.3070020800,27.1759746800,63393214,1845505286.0000,2,0.307302,1,-3.197573,0
2017-12-28,sh.600036,26.2978550000,26.4533553600,26.0234426000,26.1880900400,26.3070020800,42120227,1209920394.0000,2,0.204180,1,-0.452020,0
2017-12-29,sh.600036,26.1880900400,26.5631203200,26.1697958800,26.5448261600,26.1880900400,32904289,950964505.0000,2,0.159505,1,1.362212,0
2018-01-02,sh.600036,26.5448261600,27.4961224800,26.5448261600,27.0936509600,26.5448261600,67591307,2009147017.0000,2,0.327653,1,2.067541,0
2018-01-03,sh.600036,27.2034159200,27.8802998400,27.1119451200,27.4137987600,27.0936509600,71850339,2161448686.0000,2,0.348299,1,1.181629,0
2018-01-04,sh.600036,27.6973582400,27.7705348800,26.8924152000,27.1210922000,27.4137987600,51686593,1540869738.0000,2,0.250554,1,-1.067733,0
2018-01-05,sh.600036,27.3223279600,27.6699170000,26.9472976800,27.5327108000,27.1210922000,47990820,1435732659.0000,2,0.232638,1,1.517709,0
2018-01-08,sh.600036,27.3680633600,27.4869754000,26.8100914800,26.9564447600,27.5327108000,65857890,1943542230.0000,2,0.319250,1,-2.093027,0
2018-01-09,sh.600036,27.0021801600,27.3589162800,26.8466798000,27.2308571600,26.9564447600,39867797,1179590638.0000,2,0.193261,1,1.017988,0
2018-01-10,sh.600036,27.1302392800,28.1455651600,27.0570626400,27.9260352400,27.2308571600,79928286,2428313433.0000,2,0.387457,1,2.552907,0
2018-01-11,sh.600036,27.9168881600,28.4931542000,27.8071232000,28.2827713600,27.9260352400,54074486,1668764826.0000,2,0.262129,1,1.277430,0
2018-01-12,sh.600036,28.4657129600,28.8864786400,28.3742421600,28.8224490800,28.2827713600,48734315,1528109286.0000,2,0.236242,1,1.908151,0
2018-01-15,sh.600036,28.7950078400,29.6365392000,28.6303604000,29.2157735200,28.8224490800,67314601,2148679981.0000,2,0.326311,1,1.364647,0
2018-01-16,sh.600036,29.0877144000,29.5267742400,28.8498903200,29.1700381200,29.2157735200,65281903,2080015556.0000,2,0.316458,1,-0.156547,0
2018-01-17,sh.600036,29.3621268000,30.2859818800,28.8133020000,28.9870965200,29.1700381200,102654638,3328493188.0000,2,0.497624,1,-0.627152,0
2018-01-18,sh.600036,29.3621268000,29.9566870000,29.3621268000,29.5633625600,28.9870965200,81103971,2628880183.0000,2,0.393156,1,1.988006,0
2018-01-19,sh.600036,29.8743632800,30.5055118000,29.4627446800,29.6914216800,29.5633625600,84132890,2769050365.0000,2,0.407839,1,0.433166,0
2018-01-22,sh.600036,29.4353034400,30.7707771200,29.4078622000,30.2585406400,29.6914216800,94572955,3131534666.0000,2,0.458448,1,1.910052,0
2018-01-23,sh.600036,30.3683056000,31.2555723600,30.3683056000,31.1458074000,30.2585406400,86899482,2940790081.0000,2,0.421250,1,2.932277,0
2018-01-24,sh.600036,31.3287490000,32.3349278000,30.5969826000,30.9628658000,31.1458074000,117648367,4066613177.0000,2,0.570307,1,-0.587374,0
2018-01-25,sh.600036,31.1092190800,31.1183661600,30.0938932000,30.5603942800,30.9628658000,78904029,2631028018.0000,2,0.382492,1,-1.299848,0
2018-01-26,sh.600036,30.3591585200,31.3744844000,30.3591585200,30.6152767600,30.5603942800,70667394,2386060809.0000,2,0.342564,1,0.179591,0
2018-01-29,sh.600036,30.6427180000,31.1732486400,30.0115694800,30.1670698400,30.6152767600,68492095,2299932912.0000,2,0.332019,1,-1.464003,0
2018-01-30,sh.600036,30.0938932000,30.3317172800,29.6456862800,29.7920395600,30.1670698400,36571313,1196780358.0000,2,0.177282,1,-1.243177,0
2018-01-31,sh.600036,29.5816567200,31.0909249200,29.4718917600,31.0451895200,29.7920395600,66479420,2209958335.0000,2,0.322263,1,4.206322,0
2018-02-01,sh.600036,31.1458074000,31.9416033600,30.9628658000,31.5116906000,31.0451895200,69284961,2378431192.0000,2,0.335863,1,1.502658,0
2018-02-02,sh.600036,31.1366603200,31.6306026400,30.8165125200,31.5574260000,31.5116906000,49473207,1690289981.0000,2,0.239824,1,0.145136,0
2018-02-05,sh.600036,30.9445716400,32.1153978800,30.9171304000,31.9141621200,31.5574260000,74328591,2570911068.0000,2,0.360312,1,1.130433,0
2018-02-06,sh.600036,31.1915428000,31.7312205200,30.6335709200,31.6671909600,31.9141621200,141691337,4822983754.0000,2,0.686857,1,-0.773862,0
2018-02-07,sh.600036,31.6306026400,31.9507504400,29.3621268000,29.6273921200,31.6671909600,150288262,4982015761.0000,2,0.728531,1,-6.441362,0
2018-02-08,sh.600036,29.2249206000,29.6182450400,28.2004476400,28.6120662400,29.6273921200,106982961,3355653733.0000,2,0.518606,1,-3.426980,0
2018-02-09,sh.600036,27.7430936400,28.1821534800,26.1606488000,28.0906826800,28.6120662400,132753969,3963446850.0000,2,0.643533,1,-1.822256,0
2018-02-12,sh.600036,27.8071232000,28.0266531200,26.8924152000,27.4869754000,28.0906826800,87696616,2637441867.0000,2,0.425114,1,-2.149137,0
2018-02-13,sh.600036,27.7888290400,28.6029191600,27.7613878000,28.2736242800,27.4869754000,79926773,2463683749.0000,2,0.387450,1,2.861899,0
2018-02-14,sh.600036,28.3102126000,28.7858607600,27.8254173600,28.6943899600,28.2736242800,33494293,1042018691.0000,2,0.162366,1,1.488195,0
2018-02-22,sh.600036,29.1608910400,29.4535976000,28.5205954400,28.8133020000,28.6943899600,67768109,2144014339.0000,2,0.328510,1,0.414406,0
2018-02-23,sh.600036,28.8133020000,29.3621268000,28.5571837600,29.0694202400,28.8133020000,51500754,1626590713.0000,2,0.249653,1,0.888891,0
2018-02-26,sh.600036,29.1700381200,29.5908038000,28.5663308400,28.8224490800,29.0694202400,71861812,2272643325.0000,2,0.348354,1,-0.849592,0
2018-02-27,sh.600036,28.8773315600,28.9505082000,28.0358002000,28.2370359600,28.8224490800,71533820,2216705983.0000,2,0.346764,1,-2.031099,0
2018-02-28,sh.600036,27.7888290400,28.1272710000,27.4503870800,27.7156524000,28.2370359600,53257706,1612634053.0000,2,0.258170,1,-1.846458,0
2018-03-01,sh.600036,27.4686812400,28.2278888800,27.4503870800,27.8071232000,27.7156524000,40276961,1226158291.0000,2,0.195245,1,0.330034,0
2018-03-02,sh.600036,27.5510049600,27.8620056800,27.4595341600,27.4686812400,27.8071232000,33875997,1021219184.0000,2,0.164216,1,-1.217102,0
2018-03-05,sh.600036,27.5327108000,27.9717706400,27.3680633600,27.5784462000,27.4686812400,33620119,1013168739.0000,2,0.162975,1,0.399597,0
2018-03-06,sh.600036,27.7979761200,27.8711527600,26.9747389200,27.4778283200,27.5784462000,61883656,1851222444.0000,2,0.299985,1,-0.364838,0
2018-03-07,sh.600036,27.8985940000,28.4291246400,27.7613878000,28.1455651600,27.4778283200,84233444,2596877499.0000,2,0.408326,1,2.430092,0
2018-03-08,sh.600036,28.2187418000,28.4108304800,27.8162702800,28.2827713600,28.1455651600,40500723,1247826582.0000,2,0.196330,1,0.487486,0
2018-03-09,sh.600036,28.5388896000,28.8133020000,28.3376538400,28.4931542000,28.2827713600,35510045,1108939311.0000,2,0.172137,1,0.743854,0
2018-03-12,sh.600036,28.7584195200,28.8041549200,28.1730064000,28.2095947200,28.4931542000,58173696,1807020723.0000,2,0.282000,1,-0.995183,0
2018-03-13,sh.600036,28.2644772000,28.7035370400,28.0175060400,28.1089768400,28.2095947200,37374686,1158438690.0000,2,0.181176,1,-0.356682,0
2018-03-14,sh.600036,27.9626235600,27.9900648000,27.6333286800,27.7979761200,28.1089768400,26317599,798808451.0000,2,0.127576,1,-1.106411,0
2018-03-15,sh.600036,27.6333286800,28.0632414400,27.6333286800,27.9168881600,27.7979761200,24195976,737285318.0000,2,0.117291,1,0.427776,0
2018-03-16,sh.600036,27.9626235600,28.0632414400,27.5327108000,27.5601520400,27.9168881600,36802429,1116503072.0000,2,0.178402,1,-1.277855,0
2018-03-19,sh.600036,27.4503870800,28.1181239200,27.3497692000,28.0906826800,27.5601520400,32273332,980755532.0000,2,0.156447,1,1.924991,0
2018-03-20,sh.600036,27.9443294000,28.4474188000,27.9077410800,28.3468009200,28.0906826800,38239459,1181777239.0000,2,0.185368,1,0.911757,0
2018-03-21,sh.600036,28.6120662400,29.0877144000,28.4657129600,28.5937720800,28.3468009200,58514545,1841756794.0000,2,0.283653,1,0.871250,0
2018-03-22,sh.600036,28.6120662400,28.8407432400,27.9534764800,28.5663308400,28.5937720800,44627524,1386451117.0000,2,0.216335,1,-0.095971,0
2018-03-23,sh.600036,27.7156524000,27.8071232000,27.3040338000,27.7247994800,28.5663308400,86642819,2611002881.0000,2,0.420006,1,-2.945886,0
2018-03-26,sh.600036,27.6790640800,27.6790640800,26.2978550000,26.6271498800,27.7247994800,90578029,2654133430.0000,2,0.439082,1,-3.959086,0
2018-03-27,sh.600036,27.0296214000,27.1576805200,26.0691780000,26.2704137600,26.6271498800,80543133,2327605805.0000,2,0.390437,1,-1.339750,0
2018-03-28,sh.600036,25.9777072000,26.9290035200,25.8405010000,26.2521196000,26.2704137600,78797873,2274733768.0000,2,0.381977,1,-0.069633,0
2018-03-29,sh.600036,26.2795608400,27.2491513200,25.7947656000,26.8100914800,26.2521196000,67949417,1972338359.0000,2,0.329389,1,2.125431,0
2018-03-30,sh.600036,26.8649739600,26.9838860000,26.5082378400,26.6088557200,26.8100914800,35675322,1039897303.0000,2,0.172938,1,-0.750595,0
2018-04-02,sh.600036,26.5265320000,27.0845038800,26.4350612000,26.5356790800,26.6088557200,47738697,1396102301.0000,2,0.231416,1,-0.275008,0
2018-04-03,sh.600036,26.3984728800,26.4990907600,26.1149134000,26.3527374800,26.5356790800,30225398,868475037.0000,2,0.146519,1,-0.689420,0
2018-04-04,sh.600036,26.4167670400,26.7735031600,26.1789429600,26.3070020800,26.3527374800,37782179,1095425767.0000,2,0.183151,1,-0.173548,0
2018-04-09,sh.600036,26.3984728800,26.6820323600,26.1972371200,26.3801787200,26.3070020800,27742411,801133246.0000,2,0.134483,1,0.278164,0
2018-04-10,sh.600036,26.3801787200,27.7339465600,26.1697958800,27.7065053200,26.3801787200,58601460,1731213197.0000,2,0.284074,1,5.027742,0
2018-04-11,sh.600036,27.7522407200,28.3102126000,27.4869754000,27.8894469200,27.7065053200,56043306,1709631521.0000,2,0.271673,1,0.660280,0
2018-04-12,sh.600036,27.8985940000,27.8985940000,27.2491513200,27.3772104400,27.8894469200,33767498,1015562874.0000,2,0.163690,1,-1.836666,0
2018-04-13,sh.600036,27.4869754000,27.7613878000,27.0021801600,27.0204743200,27.3772104400,26010873,775003205.0000,2,0.126089,1,-1.303038,0
2018-04-16,sh.600036,26.7094736000,26.7186206800,25.5660886000,25.7124418800,27.0204743200,91462703,2595816036.0000,2,0.443371,1,-4.840894,0
2018-04-17,sh.600036,25.8405010000,25.8770893200,25.2276466400,25.3282645200,25.7124418800,61074971,1702375258.0000,2,0.296064,1,-1.494130,0
2018-04-18,sh.600036,25.8679422400,25.9319718000,25.0264108800,25.7398831200,25.3282645200,65977970,1841953006.0000,2,0.319832,1,1.625131,0
2018-04-19,sh.600036,25.7764714400,26.2978550000,25.6301181600,25.8313539200,25.7398831200,42432862,1205816213.0000,2,0.205696,1,0.355367,0
2018-04-20,sh.600036,25.6575594000,25.8405010000,25.4288824000,25.8039126800,25.8313539200,39799455,1116482350.0000,2,0.192930,1,-0.106235,0
2018-04-23,sh.600036,25.5477944400,26.0234426000,25.5295002800,25.8770893200,25.8039126800,30152180,851443561.0000,2,0.146164,1,0.283594,0
2018-04-24,sh.600036,25.8862364000,26.9838860000,25.8862364000,26.3984728800,25.8770893200,67026412,1951397596.0000,2,0.324914,1,2.014845,0
2018-04-25,sh.600036,26.3984728800,26.6088557200,26.1697958800,26.3618845600,26.3984728800,25167546,726053661.0000,2,0.122001,1,-0.138603,0
2018-04-26,sh.600036,26.6180028000,26.8192385600,26.1149134000,26.3435904000,26.3618845600,33960749,975939725.0000,2,0.164627,1,-0.069398,0
2018-04-27,sh.600036,26.4350612000,26.9290035200,25.9228247200,26.8283856400,26.3435904000,57507932,1664707507.0000,2,0.278773,1,1.840280,0
2018-05-02,sh.600036,27.4229458400,27.5327108000,26.8649739600,27.0387684800,26.8283856400,49057035,1455786499.0000,2,0.237807,1,0.784178,0
2018-05-03,sh.600036,26.8375327200,27.1485334400,26.2978550000,26.8009444000,27.0387684800,32174138,938929851.0000,2,0.155966,1,-0.879568,0
2018-05-04,sh.600036,26.7826502400,26.7917973200,26.1697958800,26.2887079200,26.8009444000,33769717,975938248.0000,2,0.163701,1,-1.911261,0
2018-05-07,sh.600036,26.3161491600,26.5265320000,26.0874721600,26.4625024400,26.2887079200,30749361,885770341.0000,2,0.149059,1,0.661101,0
2018-05-08,sh.600036,26.5265320000,27.3406221200,26.4167670400,27.1485334400,26.4625024400,50312902,1489149737.0000,2,0.243895,1,2.592464,0
2018-05-09,sh.600036,27.1668276000,27.3497692000,27.0113272400,27.2125630000,27.1485334400,22262572,661356498.0000,2,0.107919,1,0.235848,0
2018-05-10,sh.600036,27.4412400000,27.6150345200,26.8924152000,27.2948867200,27.2125630000,32219188,957420602.0000,2,0.156184,1,0.302521,0
2018-05-11,sh.600036,27.1942688400,27.6241816000,27.1485334400,27.5144166400,27.2948867200,43534500,1307245991.0000,2,0.211036,1,0.804289,0
2018-05-14,sh.600036,27.8985940000,28.5480366800,27.7156524000,28.1913005600,27.5144166400,70766757,2175818347.0000,2,0.343046,1,2.460106,0
2018-05-15,sh.600036,28.2187418000,28.2644772000,27.7339465600,27.9534764800,28.1913005600,32987550,1007130845.0000,2,0.159909,1,-0.843609,0
2018-05-16,sh.600036,27.7888290400,27.8162702800,27.3314750400,27.4137987600,27.9534764800,34451912,1038605796.0000,2,0.167008,1,-1.930629,0
2018-05-17,sh.600036,27.4412400000,27.6333286800,27.0753568000,27.2582984000,27.4137987600,29046705,867844690.0000,2,0.140806,1,-0.567234,0
2018-05-18,sh.600036,27.2308571600,27.9626235600,27.0479155600,27.8620056800,27.2582984000,39401791,1188037515.0000,2,0.191002,1,2.214765,0
2018-05-21,sh.600036,28.0998297600,28.3468009200,27.5692991200,27.6882111600,27.8620056800,41521642,1267521731.0000,2,0.201279,1,-0.623764,0
2018-05-22,sh.600036,27.5692991200,27.6607699200,27.1027980400,27.2765925600,27.6882111600,36542624,1088792950.0000,2,0.177142,1,-1.486623,0
2018-05-23,sh.600036,27.2582984000,27.3680633600,26.9930330800,27.0845038800,27.2765925600,29651343,880162330.0000,2,0.143737,1,-0.704222,0
2018-05-24,sh.600036,27.0753568000,27.1485334400,26.5265320000,26.6180028000,27.0845038800,35522498,1041219094.0000,2,0.172197,1,-1.722392,0
2018-05-25,sh.600036,26.5997086400,26.9198564400,26.5173849200,26.7186206800,26.6180028000,25150520,734119737.0000,2,0.121919,1,0.378002,0
2018-05-28,sh.600036,26.7369148400,26.8192385600,25.9868542800,26.3435904000,26.7186206800,60507216,1741562593.0000,2,0.293312,1,-1.403628,0
2018-05-29,sh.600036,26.2063842000,26.5082378400,25.9868542800,26.4716495200,26.3435904000,48053415,1376604969.0000,2,0.232942,1,0.486116,0
2018-05-30,sh.600036,26.0691780000,26.1880900400,25.8679422400,25.8862364000,26.4716495200,33958888,966502631.0000,2,0.164618,1,-2.211477,0
2018-05-31,sh.600036,25.9685601200,26.5448261600,25.9411188800,26.3252962400,25.8862364000,52292583,1500473743.0000,2,0.253491,1,1.696118,0
2018-06-01,sh.600036,26.3252962400,26.5082378400,26.0691780000,26.1606488000,26.3252962400,29325987,841358587.0000,2,0.142159,1,-0.625435,0
2018-06-04,sh.600036,26.4442082800,26.7826502400,26.1789429600,26.7552090000,26.1606488000,43334396,1257114616.0000,2,0.210066,1,2.272726,0
2018-06-05,sh.600036,26.6820323600,26.8466798000,26.4350612000,26.7643560800,26.7552090000,37288225,1087160936.0000,2,0.180757,1,0.034189,0
2018-06-06,sh.600036,26.6820323600,26.7643560800,26.3070020800,26.3435904000,26.7643560800,34560815,1000091941.0000,2,0.167536,1,-1.572116,0
2018-06-07,sh.600036,26.4350612000,26.7735031600,26.3070020800,26.4350612000,26.3435904000,49443068,1435268845.0000,2,0.239678,1,0.347224,0
2018-06-08,sh.600036,26.2978550000,26.3252962400,25.7764714400,25.7947656000,26.4350612000,42621627,1209479170.0000,2,0.206611,1,-2.422142,0
2018-06-11,sh.600036,25.7947656000,26.2063842000,25.5569415200,26.1880900400,25.7947656000,37833156,1070796378.0000,2,0.183398,1,1.524817,0
2018-06-12,sh.600036,26.1789429600,26.4899436800,26.1789429600,26.2887079200,26.1880900400,31197155,898564345.0000,2,0.151230,1,0.384215,0
2018-06-13,sh.600036,26.2978550000,26.4990907600,26.1606488000,26.2612666800,26.2887079200,26753233,770378532.0000,2,0.129688,1,-0.104386,0
2018-06-14,sh.600036,26.2063842000,26.5722674000,26.0051484400,26.1332075600,26.2612666800,34338356,984047476.0000,2,0.166457,1,-0.487633,0
2018-06-15,sh.600036,26.0417367600,26.5997086400,25.9960013600,26.4716495200,26.1332075600,41954931,1213019309.0000,2,0.203379,1,1.295068,0
2018-06-19,sh.600036,26.1972371200,26.7460619200,26.0234426000,26.5173849200,26.4716495200,120609433,3483188942.0000,2,0.584661,1,0.172769,0
2018-06-20,sh.600036,26.3252962400,26.4167670400,25.9045305600,26.0783250800,26.5173849200,36452637,1040634032.0000,2,0.176706,1,-1.655742,0
2018-06-21,sh.600036,26.0874721600,26.5814144800,26.0691780000,26.2063842000,26.0783250800,31621666,910748282.0000,2,0.153288,1,0.491054,0
2018-06-22,sh.600036,26.2246783600,26.3252962400,25.8679422400,26.1789429600,26.2063842000,22199749,634077528.0000,2,0.107615,1,-0.104708,0
2018-06-25,sh.600036,26.2338254400,26.2612666800,25.2916762000,25.3099703600,26.1789429600,48216015,1355187817.0000,2,0.233730,1,-3.319360,0
2018-06-26,sh.600036,25.1361758400,25.1453229200,23.9653496000,24.6056452000,25.3099703600,62322818,1669754262.0000,2,0.302113,1,-2.782799,0
2018-06-27,sh.600036,24.4044094400,24.5873510400,23.8738788000,24.0842616400,24.6056452000,44268936,1171600530.0000,2,0.214596,1,-2.118958,0
2018-06-28,sh.600036,24.0110850000,24.0568204000,23.4165248000,23.6452018000,24.0842616400,43970014,1140542154.0000,2,0.213147,1,-1.823014,0
2018-06-29,sh.600036,23.7641138400,24.3220857200,23.7549667600,24.1848795200,23.6452018000,30911069,814179727.0000,2,0.149843,1,2.282399,0
2018-07-02,sh.600036,24.1848795200,24.4501448400,23.1421124000,23.2701715200,24.1848795200,43518710,1124749500.0000,2,0.210959,1,-3.782148,0
2018-07-03,sh.600036,23.2701715200,23.2976127600,22.5932876000,23.0689357600,23.2701715200,65858403,1654664571.0000,2,0.319252,1,-0.864785,0
2018-07-04,sh.600036,23.0323474400,23.3342010800,22.8311116800,22.9134354000,23.0689357600,36964950,930211549.0000,2,0.179190,1,-0.674068,0
2018-07-05,sh.600036,23.0232003600,23.3433481600,22.8128175200,23.2701715200,22.9134354000,49592511,1252366553.0000,2,0.240403,1,1.556891,0
2018-07-06,sh.600036,23.3159069200,23.9470554400,22.8494058400,23.6360547200,23.2701715200,44125891,1131470156.0000,2,0.213903,1,1.572325,0
2018-07-09,sh.600036,23.7824080000,24.7154101600,23.7824080000,24.6513806000,23.6360547200,52705816,1412279854.0000,2,0.255494,1,4.295668,0
2018-07-10,sh.600036,24.7062630800,24.7885868000,24.2946444800,24.5141744000,24.6513806000,32684186,875889897.0000,2,0.158438,1,-0.556592,0
2018-07-11,sh.600036,23.8555846400,24.5050273200,23.7824080000,24.3312328000,24.5141744000,31671258,839272378.0000,2,0.153528,1,-0.746264,0
2018-07-12,sh.600036,24.3690288000,24.9829772000,24.0856680000,24.5957174400,24.3312473600,46942652,1225745783.0000,2,0.227557,1,1.086959,0
2018-07-13,sh.600036,24.8224060800,24.8412968000,24.5295999200,24.7751792800,24.5957174400,24706106,646322656.0000,2,0.119764,1,0.729641,0
2018-07-16,sh.600036,24.7185071200,25.1057668800,24.1612308800,24.2462391200,24.7751792800,35932194,931706273.0000,2,0.174183,1,-2.134958,0
2018-07-17,sh.600036,24.0856680000,24.2462391200,23.7078536000,23.9628783200,24.2462391200,28936901,732402036.0000,2,0.140273,1,-1.168676,0
2018-07-18,sh.600036,24.1517855200,24.5012638400,23.8117525600,23.8873154400,23.9628783200,33235525,849465221.0000,2,0.161111,1,-0.315333,0
2018-07-19,sh.600036,24.1612308800,24.4540370400,24.0856680000,24.1990123200,23.8873154400,39528670,1016389267.0000,2,0.191618,1,1.304863,0
2018-07-20,sh.600036,24.1990123200,25.9275132000,23.9912144000,25.8613956800,24.1990123200,101089231,2704374608.0000,2,0.490036,1,6.869626,0
2018-07-23,sh.600036,25.8708410400,26.5886884000,25.4835812800,26.3147729600,25.8613956800,92410884,2550106045.0000,2,0.447967,1,1.753110,0
2018-07-24,sh.600036,26.3147729600,27.0137296000,26.0408575200,26.2108740000,26.3147729600,69453892,1944728340.0000,2,0.336682,1,-0.394833,0
2018-07-25,sh.600036,26.6359152000,26.8720492000,26.3053276000,26.6548059200,26.2108740000,43021684,1212914508.0000,2,0.208550,1,1.693691,0
2018-07-26,sh.600036,26.7870409600,27.3443172000,26.3336636800,26.5603523200,26.6548059200,45865724,1299264844.0000,2,0.222337,1,-0.354353,0
2018-07-27,sh.600036,26.5603523200,26.9003852800,26.0786389600,26.5320162400,26.5603523200,30843001,864315734.0000,2,0.149513,1,-0.106688,0
2018-07-30,sh.600036,26.5320162400,27.2498636000,26.3525544000,27.0231749600,26.5320162400,38339128,1086965824.0000,2,0.185851,1,1.851194,0
2018-07-31,sh.600036,27.0137296000,27.1365192800,26.3997812000,26.8153770400,27.0231749600,34827776,987037630.0000,2,0.168830,1,-0.768966,0
2018-08-01,sh.600036,27.0987378400,27.4765522400,26.3053276000,26.3242183200,26.8153770400,53686611,1531776020.0000,2,0.260249,1,-1.831626,0
2018-08-02,sh.600036,26.2581008000,26.5414616000,25.5024720000,25.6724884800,26.3242183200,57192390,1566477322.0000,2,0.277243,1,-2.475782,0
2018-08-03,sh.600036,25.8141688800,26.2014286400,25.6724884800,25.7291606400,25.6724884800,29811645,819624634.0000,2,0.144514,1,0.220749,0
2018-08-06,sh.600036,25.8613956800,26.5320162400,25.6913792000,26.0597482400,25.7291606400,38596405,1069702810.0000,2,0.187098,1,1.284877,0
2018-08-07,sh.600036,26.0597482400,26.9192760000,25.9652946400,26.9003852800,26.0597482400,51396000,1445089051.0000,2,0.249145,1,3.225804,0
2018-08-08,sh.600036,27.0137296000,27.0137296000,26.4564533600,26.5509069600,26.9003852800,28244143,798263714.0000,2,0.136915,1,-1.299154,0
2018-08-09,sh.600036,26.3903358400,27.3537625600,26.3525544000,27.1743007200,26.5509069600,40392118,1153671635.0000,2,0.195803,1,2.347918,0
2018-08-10,sh.600036,27.2120821600,27.2498636000,26.5697976800,26.8626038400,27.1743007200,27144565,771539712.0000,2,0.131585,1,-1.147028,0
2018-08-13,sh.600036,26.5603523200,26.5603523200,25.7386060000,26.1730925600,26.8626038400,46760018,1288408920.0000,2,0.226672,1,-2.566812,0
2018-08-14,sh.600036,26.1258657600,26.2486554400,25.7291606400,25.9841853600,26.1730925600,26591733,730077525.0000,2,0.128905,1,-0.721757,0
2018-08-15,sh.600036,25.9841853600,26.0030760800,25.0963215200,25.2191112000,25.9841853600,38443306,1035868466.0000,2,0.186356,1,-2.944382,0
2018-08-16,sh.600036,24.8318514400,25.6347070400,24.7468432000,25.2568926400,25.2191112000,38370246,1024991052.0000,2,0.186002,1,0.149809,0
2018-08-17,sh.600036,25.5969256000,25.6913792000,24.9735318400,25.0490947200,25.2568926400,25936325,697067989.0000,2,0.125728,1,-0.822735,0
2018-08-20,sh.600036,25.4930266400,25.6063709600,24.9546411200,25.4646905600,25.0490947200,36955056,992571277.0000,2,0.179142,1,1.659120,0
2018-08-21,sh.600036,25.5402534400,25.8991771200,25.3985730400,25.5969256000,25.4646905600,36990629,1005654829.0000,2,0.179314,1,0.519293,0
2018-08-22,sh.600036,25.6819338400,25.6913792000,25.3324555200,25.5402534400,25.5969256000,20268137,548067472.0000,2,0.098251,1,-0.221400,0
2018-08-23,sh.600036,25.6347070400,25.9275132000,25.3324555200,25.7858328000,25.5402534400,32131989,874029537.0000,2,0.155762,1,0.961532,0
2018-08-24,sh.600036,25.6441524000,26.7303688000,25.4646905600,26.1636472000,25.7858328000,48026975,1325865555.0000,2,0.232814,1,1.465207,0
2018-08-27,sh.600036,26.4942348000,27.0231749600,26.3053276000,26.9570574400,26.1636472000,51080755,1443348642.0000,2,0.247617,1,3.032491,0
2018-08-28,sh.600036,26.9853935200,27.4009893600,26.9570574400,27.0326203200,26.9570574400,36844355,1060897270.0000,2,0.178605,1,0.280308,0
2018-08-29,sh.600036,27.0420656800,27.3915440000,26.8720492000,27.1648553600,27.0326203200,26096941,749530161.0000,2,0.126506,1,0.489166,0
2018-08-30,sh.600036,27.1365192800,27.2687543200,26.5225708800,26.5792430400,27.1648553600,27257333,772976674.0000,2,0.132131,1,-2.155775,0
2018-08-31,sh.600036,26.4564533600,27.1554100000,26.4281172800,26.7209234400,26.5792430400,46088148,1309258982.0000,2,0.223415,1,0.533054,0
2018-09-03,sh.600036,26.7492595200,26.8626038400,26.4092265600,26.5792430400,26.7209234400,26070101,734063563.0000,2,0.126376,1,-0.530228,0
2018-09-04,sh.600036,26.6170244800,27.1554100000,26.3808904800,27.0515110400,26.5792430400,32822355,931947242.0000,2,0.159108,1,1.776830,0
2018-09-05,sh.600036,26.7775956000,26.9003852800,26.1447564800,26.1542018400,27.0515110400,35940314,1008629733.0000,2,0.174223,1,-3.317035,0
2018-09-06,sh.600036,26.1636472000,26.3053276000,25.9086224800,25.9747400000,26.1542018400,24591932,679321762.0000,2,0.119211,1,-0.686170,0
2018-09-07,sh.600036,26.1164204000,26.6359152000,26.0691936000,26.6075791200,25.9747400000,39719587,1111287760.0000,2,0.192543,1,2.436364,0
2018-09-10,sh.600036,26.4092265600,26.7303688000,26.2392100800,26.3525544000,26.6075791200,26378471,739029722.0000,2,0.127871,1,-0.958468,0
2018-09-11,sh.600036,26.3997812000,26.5414616000,25.6347070400,25.8802864000,26.3525544000,33469330,923390421.0000,2,0.162245,1,-1.792115,0
2018-09-12,sh.600036,25.7102699200,26.0691936000,25.5119173600,25.8802864000,25.8802864000,22987613,626631245.0000,2,0.111434,1,0.000000,0
2018-09-13,sh.600036,26.3903358400,26.4658987200,25.7763874400,26.2203193600,25.8802864000,30676478,847633415.0000,2,0.148706,1,1.313871,0
2018-09-14,sh.600036,26.4375626400,26.4375626400,26.1447564800,26.3336636800,26.2203193600,17546004,488249006.0000,2,0.085055,1,0.432273,0
2018-09-17,sh.600036,26.1919832800,26.2581008000,25.8519503200,25.9275132000,26.3336636800,16220219,446801683.0000,2,0.078628,1,-1.542318,0
2018-09-18,sh.600036,25.9275132000,26.6831420000,25.8613956800,26.6170244800,25.9275132000,39937229,1112244774.0000,2,0.193598,1,2.659379,0
2018-09-19,sh.600036,26.5981337600,27.0609564000,26.4092265600,26.8248224000,26.6170244800,43273486,1227422967.0000,2,0.209771,1,0.780693,0
2018-09-20,sh.600036,26.9948388800,27.2498636000,26.7964863200,26.9287213600,26.8248224000,28658273,818977671.0000,2,0.138923,1,0.387326,0
2018-09-21,sh.600036,27.1081832000,28.6194408000,26.8720492000,28.6194408000,26.9287213600,77837295,2295785053.0000,2,0.377321,1,6.278495,0
2018-09-25,sh.600036,28.1755088800,28.4210882400,27.6937955200,27.9771563200,28.6194408000,52738186,1567282266.0000,2,0.255651,1,-2.244219,0
2018-09-26,sh.600036,28.0999460000,29.2711706400,27.7788037600,28.7611212000,27.9771563200,74931799,2270642277.0000,2,0.363236,1,2.802160,0
2018-09-27,sh.600036,28.5816593600,28.9878098400,28.3455253600,28.7422304800,28.7611212000,40257193,1221936467.0000,2,0.195149,1,-0.065683,0
2018-09-28,sh.600036,28.9689191200,29.3845149600,28.6194408000,28.9878098400,28.7422304800,55600815,1709812847.0000,2,0.269528,1,0.854421,0
2018-10-08,sh.600036,28.0527192000,28.4210882400,27.7315769600,27.7976944800,28.9878098400,62333382,1851291903.0000,2,0.302165,1,-4.105572,0
2018-10-09,sh.600036,27.7032408800,28.0432738400,27.3915440000,27.7693584000,27.7976944800,42149330,1233995871.0000,2,0.204321,1,-0.101939,0
2018-10-10,sh.600036,27.7221316000,28.2321810400,27.5332244000,27.9582656000,27.7693584000,39000377,1152179444.0000,2,0.189057,1,0.680275,0
2018-10-11,sh.600036,27.0704017600,27.4576615200,26.5509069600,26.8720492000,27.9582656000,61547691,1764499442.0000,2,0.298356,1,-3.885134,0
2018-10-12,sh.600036,27.1081832000,27.7410223200,26.8814945600,27.5426697600,26.8720492000,66130702,1910801822.0000,2,0.320572,1,2.495603,0
2018-10-15,sh.600036,27.5426697600,27.5615604800,26.9665028000,27.1459646400,27.5426697600,34999884,1009163706.0000,2,0.169664,1,-1.440329,0
2018-10-16,sh.600036,27.2215275200,28.1471728000,27.1459646400,27.4859976000,27.1459646400,57769191,1688042114.0000,2,0.280039,1,1.252612,0
2018-10-17,sh.600036,27.7693584000,27.8638120000,26.6170244800,27.3915440000,27.4859976000,66876404,1934456824.0000,2,0.324187,1,-0.343644,0
2018-10-18,sh.600036,27.1837460800,27.2498636000,26.3336636800,26.3525544000,27.3915440000,57441873,1625603167.0000,2,0.278453,1,-3.793105,0
2018-10-19,sh.600036,26.2108740000,27.7504676800,25.9747400000,27.5898965600,26.3525544000,76703229,2193187127.0000,2,0.371823,1,4.695339,0
2018-10-22,sh.600036,27.8921480800,28.8461294400,27.8921480800,28.3360800000,27.5898965600,84079684,2533871247.0000,2,0.407581,1,2.704556,0
2018-10-23,sh.600036,28.4872057600,28.4872057600,27.1554100000,27.4104347200,28.3360800000,59411438,1750813038.0000,2,0.288000,1,-3.266665,0
2018-10-24,sh.600036,27.4954429600,28.6383315200,27.4765522400,27.7599130400,27.4104347200,63582428,1887867932.0000,2,0.308219,1,1.274979,0
2018-10-25,sh.600036,27.1743007200,28.0716099200,27.1459646400,28.0149377600,27.7599130400,55841884,1628677952.0000,2,0.270697,1,0.918681,0
2018-10-26,sh.600036,27.9960470400,28.2605171200,27.3726532800,27.9582656000,28.0149377600,49576295,1453919756.0000,2,0.240324,1,-0.202291,0
2018-10-29,sh.600036,28.1471728000,28.1471728000,25.8991771200,26.3053276000,27.9582656000,95487744,2704530876.0000,2,0.462882,1,-5.912162,0
2018-10-30,sh.600036,26.5603523200,27.2593089600,26.0503028800,26.7775956000,26.3053276000,74357588,2108423543.0000,2,0.360453,1,1.795332,0
2018-10-31,sh.600036,27.2026368000,27.3726532800,26.8153770400,27.3065357600,26.7775956000,66601308,1914657674.0000,2,0.322854,1,1.975307,0
2018-11-01,sh.600036,27.8165852000,28.0054924000,27.0704017600,27.4387708000,27.3065357600,68260026,1983324170.0000,2,0.330894,1,0.484259,0
2018-11-02,sh.600036,28.2416264000,28.7611212000,27.7788037600,28.6477768800,27.4387708000,122005102,3665161770.0000,2,0.591427,1,4.406199,0
2018-11-05,sh.600036,28.1943996000,28.5533232800,28.0621645600,28.3360800000,28.6477768800,42833488,1283209565.0000,2,0.207638,1,-1.088031,0
2018-11-06,sh.600036,28.3360800000,28.4399789600,27.7315769600,28.2132903200,28.3360800000,37506553,1116052434.0000,2,0.181815,1,-0.433331,0
2018-11-07,sh.600036,28.2227356800,28.5249872000,27.8921480800,27.9299295200,28.2132903200,54986767,1639026340.0000,2,0.266552,1,-1.004356,0
2018-11-08,sh.600036,28.3549707200,28.6855583200,28.1471728000,28.3455253600,27.9299295200,47914976,1440021978.0000,2,0.232271,1,1.487996,0
2018-11-09,sh.600036,27.9582656000,27.9582656000,26.9098306400,27.0137296000,28.3455253600,119302121,3429467883.0000,2,0.578324,1,-4.698433,0
2018-11-12,sh.600036,26.8248224000,27.1081832000,26.6642512800,26.9759481600,27.0137296000,68397744,1942560148.0000,2,0.331562,1,-0.139863,0
2018-11-13,sh.600036,26.5414616000,27.1743007200,26.4942348000,26.9948388800,26.9759481600,50035645,1424073098.0000,2,0.242551,1,0.070030,0
2018-11-14,sh.600036,26.9948388800,27.0609564000,26.4470080000,26.5981337600,26.9948388800,53587479,1513190239.0000,2,0.259768,1,-1.469559,0
2018-11-15,sh.600036,26.6736966400,26.8909399200,26.5225708800,26.8059316800,26.5981337600,35412435,1002719255.0000,2,0.171664,1,0.781248,0
2018-11-16,sh.600036,26.8059316800,27.0892924800,26.6264698400,26.9003852800,26.8059316800,49695528,1413615056.0000,2,0.240902,1,0.352362,0
2018-11-19,sh.600036,27.1081832000,27.4293254400,26.8720492000,27.3443172000,26.9003852800,50288177,1450517213.0000,2,0.243775,1,1.650285,0
2018-11-20,sh.600036,27.1931914400,27.2404182400,26.7398141600,26.8437131200,27.3443172000,33827788,963552925.0000,2,0.163982,1,-1.830745,0
2018-11-21,sh.600036,26.6359152000,26.8531584800,26.5414616000,26.8248224000,26.8437131200,32337787,914660533.0000,2,0.156759,1,-0.070375,0
2018-11-22,sh.600036,26.8342677600,26.8720492000,26.5414616000,26.7303688000,26.8248224000,27585849,778816956.0000,2,0.133724,1,-0.352114,0
2018-11-23,sh.600036,26.7209234400,26.7775956000,26.3336636800,26.3336636800,26.7303688000,32538936,912620571.0000,2,0.157734,1,-1.484099,0
2018-11-26,sh.600036,26.4470080000,26.7775956000,26.3619997600,26.7020327200,26.3336636800,27546954,775964832.0000,2,0.133535,1,1.398857,0
2018-11-27,sh.600036,26.6548059200,26.8059316800,26.3053276000,26.4375626400,26.7020327200,33765856,949634239.0000,2,0.163682,1,-0.990452,0
2018-11-28,sh.600036,26.5131255200,26.7775956000,26.4942348000,26.7114780800,26.4375626400,29087389,821440564.0000,2,0.141003,1,1.036088,0
2018-11-29,sh.600036,26.9192760000,27.0137296000,26.7303688000,26.7303688000,26.7114780800,39794993,1132138876.0000,2,0.192909,1,0.070716,0
2018-11-30,sh.600036,26.6925873600,26.9948388800,26.6453605600,26.9665028000,26.7303688000,25438081,724904871.0000,2,0.123313,1,0.883392,0
2018-12-03,sh.600036,27.8543666400,27.9866016800,27.3254264800,27.8260305600,26.9665028000,69025556,2026234683.0000,2,0.334605,1,3.187390,0
2018-12-04,sh.600036,27.7882491200,27.9866016800,27.6843501600,27.9299295200,27.8260305600,32368558,954515438.0000,2,0.156908,1,0.373390,0
2018-12-05,sh.600036,27.5426697600,27.9299295200,27.3915440000,27.7410223200,27.9299295200,26230736,771310493.0000,2,0.127155,1,-0.676357,0
2018-12-06,sh.600036,27.2970904000,27.5332244000,27.1837460800,27.2970904000,27.7410223200,37338023,1079103636.0000,2,0.180998,1,-1.600276,0
2018-12-07,sh.600036,27.4765522400,27.5710058400,26.9476120800,26.9948388800,27.2970904000,30522873,878968664.0000,2,0.147961,1,-1.107265,0
2018-12-10,sh.600036,26.7303688000,26.9192760000,26.6548059200,26.7681502400,26.9948388800,26698642,756722667.0000,2,0.129423,1,-0.839747,0
2018-12-11,sh.600036,26.7775956000,26.9665028000,26.7114780800,26.9287213600,26.7681502400,22729013,645883574.0000,2,0.110180,1,0.599859,0
2018-12-12,sh.600036,27.3915440000,27.3915440000,26.8342677600,26.8814945600,26.9287213600,20209393,577042564.0000,2,0.097966,1,-0.175381,0
2018-12-13,sh.600036,26.9476120800,27.4576615200,26.8342677600,27.1554100000,26.8814945600,55152033,1586329607.0000,2,0.267353,1,1.018977,0
2018-12-14,sh.600036,26.9853935200,27.0231749600,26.6359152000,26.7587048800,27.1554100000,39815540,1127759787.0000,2,0.193008,1,-1.460870,0
2018-12-17,sh.600036,26.7587048800,26.9192760000,26.5414616000,26.7209234400,26.7587048800,31130374,879889477.0000,2,0.150906,1,-0.141190,0
2018-12-18,sh.600036,26.4942348000,26.6925873600,26.3053276000,26.3619997600,26.7209234400,41460993,1161523690.0000,2,0.200985,1,-1.343235,0
2018-12-19,sh.600036,26.3714451200,26.4375626400,25.1057668800,25.2852287200,26.3619997600,82965478,2246838162.0000,2,0.402180,1,-4.084556,0
2018-12-20,sh.600036,25.0113132800,25.1246576000,24.2273484000,24.4729277600,25.2852287200,101575505,2632662123.0000,2,0.492393,1,-3.212554,0
2018-12-21,sh.600036,24.4351463200,24.4351463200,23.8495340000,23.9817690400,24.4729277600,87574990,2225709247.0000,2,0.424525,1,-2.006949,0
2018-12-24,sh.600036,23.8023072000,24.0478865600,23.5378371200,24.0384412000,23.9817690400,64971791,1638937336.0000,2,0.314955,1,0.236319,0
2018-12-25,sh.600036,23.6134000000,24.1423401600,23.3961567200,23.8873154400,24.0384412000,74992294,1882663785.0000,2,0.363529,1,-0.628683,0
2018-12-26,sh.600036,23.8023072000,23.8306432800,23.4717196000,23.4717196000,23.8873154400,44678702,1116595176.0000,2,0.216583,1,-1.739820,0
2018-12-27,sh.600036,23.7928618400,23.8211979200,23.4433835200,23.4717196000,23.4717196000,64018096,1597992608.0000,2,0.310331,1,0.000000,0
2018-12-28,sh.600036,23.5661732000,23.9534329600,23.5283917600,23.8023072000,23.4717196000,61338228,1542017662.0000,2,0.297341,1,1.408452,0
2019-01-02,sh.600036,23.7550804000,23.8023072000,23.0466784000,23.2072495200,23.8023072000,55516612,1368988405.0000,2,0.269120,1,-2.500004,0
2019-01-03,sh.600036,23.0466784000,23.6606268000,23.0277876800,23.5000556800,23.2072495200,37410758,929035565.0000,2,0.181351,1,1.261699,0
2019-01-04,sh.600036,23.3867113600,24.2273484000,23.2828124000,24.0951133600,23.5000556800,66853140,1690412096.0000,2,0.324074,1,2.532159,0
2019-01-07,sh.600036,24.0951133600,24.3406927200,23.8873154400,24.1045587200,24.0951133600,45604029,1162564002.0000,2,0.221068,1,0.039201,0
2019-01-08,sh.600036,24.0856680000,24.1045587200,23.7645257600,23.8211979200,24.1045587200,26928031,680284501.0000,2,0.130535,1,-1.175553,0
2019-01-09,sh.600036,23.8211979200,24.6523896000,23.8211979200,24.2745752000,23.8211979200,63820048,1644588152.0000,2,0.309371,1,1.903257,0
2019-01-10,sh.600036,24.0856680000,24.6334988800,24.0573319200,24.4162556000,24.2745752000,42630689,1101271158.0000,2,0.206655,1,0.583656,0
2019-01-11,sh.600036,24.4162556000,25.1057668800,24.3218020000,24.9924225600,24.4162556000,49391033,1299657728.0000,2,0.239426,1,2.359763,0
2019-01-14,sh.600036,24.9924225600,25.0868761600,24.7657339200,24.8507421600,24.9924225600,29424462,776229254.0000,2,0.142637,1,-0.566892,0
2019-01-15,sh.600036,24.8507421600,25.3419008800,24.8412968000,25.3135648000,24.8507421600,36671891,976628108.0000,2,0.177769,1,1.862409,0
2019-01-16,sh.600036,25.2191112000,25.3891276800,25.1341029600,25.3607916000,25.3135648000,22995524,615072738.0000,2,0.111472,1,0.186571,0
2019-01-17,sh.600036,25.3607916000,25.3607916000,24.9640864800,25.0018679200,25.3607916000,32368214,862634819.0000,2,0.156907,1,-1.415274,0
2019-01-18,sh.600036,25.0018679200,25.7480513600,24.9924225600,25.5969256000,25.0018679200,54639785,1474685187.0000,2,0.264870,1,2.380057,0
2019-01-21,sh.600036,25.5780348800,26.1636472000,25.5308080800,25.8141688800,25.5969256000,41558808,1136772654.0000,2,0.201459,1,0.848707,0
2019-01-22,sh.600036,25.7858328000,25.9275132000,25.2757833600,25.4835812800,25.8141688800,34907241,942772504.0000,2,0.169215,1,-1.280645,0
2019-01-23,sh.600036,25.4552452000,25.8991771200,25.4269091200,25.6535977600,25.4835812800,27325047,742831971.0000,2,0.132460,1,0.667162,0
2019-01-24,sh.600036,25.6724884800,26.4847894400,25.6724884800,26.3242183200,25.6535977600,54340953,1507548458.0000,2,0.263421,1,2.614142,0
2019-01-25,sh.600036,26.3242183200,27.0420656800,26.3053276000,26.9381667200,26.3242183200,53648170,1525048705.0000,2,0.260063,1,2.332255,0
2019-01-28,sh.600036,26.9381667200,27.5237790400,26.9192760000,27.0704017600,26.9381667200,57736588,1665507650.0000,2,0.279881,1,0.490881,0
2019-01-29,sh.600036,26.9759481600,27.2309728800,26.8909399200,27.0515110400,27.0704017600,34662858,993511466.0000,2,0.168030,1,-0.069785,0
2019-01-30,sh.600036,27.0137296000,27.1931914400,26.7492595200,26.8437131200,27.0515110400,26689204,761698908.0000,2,0.129377,1,-0.768154,0
2019-01-31,sh.600036,26.8720492000,27.6654594400,26.8720492000,27.5898965600,26.8437131200,57142036,1657359517.0000,2,0.276999,1,2.779729,0
2019-02-01,sh.600036,27.5898965600,27.7976944800,27.2781996800,27.6749048000,27.5898965600,39652160,1156418914.0000,2,0.192216,1,0.308114,0
2019-02-11,sh.600036,27.4859976000,27.8921480800,27.2970904000,27.7599130400,27.6749048000,35363599,1034587928.0000,2,0.171427,1,0.307168,0
2019-02-12,sh.600036,27.7599130400,27.9393748800,27.3726532800,27.6937955200,27.7599130400,39582711,1157190462.0000,2,0.191879,1,-0.238175,0
2019-02-13,sh.600036,27.6937955200,28.3738614400,27.5048883200,28.1849542400,27.6937955200,53577589,1579966914.0000,2,0.259720,1,1.773535,0
2019-02-14,sh.600036,28.0054924000,28.4305336000,27.8543666400,28.2038449600,28.1849542400,45238656,1349953528.0000,2,0.219297,1,0.067026,0
2019-02-15,sh.600036,28.0905006400,28.1943996000,27.3065357600,27.5332244000,28.2038449600,49566659,1450557701.0000,2,0.240277,1,-2.377766,0
2019-02-18,sh.600036,27.7221316000,28.3266346400,27.7221316000,28.2132903200,27.5332244000,44664584,1330843104.0000,2,0.216514,1,2.469987,0
2019-02-19,sh.600036,28.2038449600,28.9311376800,28.0716099200,28.2227356800,28.2132903200,49367644,1483350105.0000,2,0.239313,1,0.033473,0
2019-02-20,sh.600036,28.5911047200,28.7516758400,28.3171892800,28.4777604000,28.2227356800,33434029,1010101525.0000,2,0.162073,1,0.903616,0
2019-02-21,sh.600036,28.5060964800,28.9405830400,28.1849542400,28.4116428800,28.4777604000,45313976,1367327564.0000,2,0.219662,1,-0.232171,0
2019-02-22,sh.600036,28.4021975200,28.9405830400,28.1471728000,28.9311376800,28.4116428800,41487507,1252498181.0000,2,0.201113,1,1.828455,0
2019-02-25,sh.600036,29.2806160000,31.0752344000,29.2522799200,30.7163107200,28.9311376800,110184676,3503029739.0000,2,0.534127,1,6.170425,0
2019-02-26,sh.600036,30.4990674400,31.1696880000,29.5828675200,29.7434386400,30.7163107200,94856286,3028023006.0000,2,0.459821,1,-3.167284,0
2019-02-27,sh.600036,29.9417912000,30.5274035200,29.6584304000,29.9512365600,29.7434386400,80834244,2568322892.0000,2,0.391849,1,0.698632,0
2019-02-28,sh.600036,29.9417912000,30.3196056000,29.7056572000,29.9795726400,29.9512365600,48764347,1547972358.0000,2,0.236388,1,0.094610,0
2019-03-01,sh.600036,30.2723788000,31.1035704800,29.8945644000,31.0752344000,29.9795726400,68267071,2200500068.0000,2,0.330929,1,3.654700,0
2019-03-04,sh.600036,31.1696880000,31.9158714400,30.6974200000,30.8768818400,31.0752344000,95646115,3151361469.0000,2,0.463650,1,-0.638307,0
2019-03-05,sh.600036,31.0374529600,31.0374529600,30.3196056000,30.5557396000,30.8768818400,67380367,2188597546.0000,2,0.326630,1,-1.040074,0
2019-03-06,sh.600036,30.5179581600,30.8013189600,30.0173540800,30.4329499200,30.5557396000,54673630,1758476276.0000,2,0.265034,1,-0.401846,0
2019-03-07,sh.600036,30.2345973600,30.3196056000,29.2522799200,29.5639768000,30.4329499200,70772728,2227173172.0000,2,0.343075,1,-2.855375,0
2019-03-08,sh.600036,29.0350366400,29.4789685600,28.6761129600,29.0728180800,29.5639768000,77006601,2368272351.0000,2,0.373294,1,-1.661337,0
2019-03-11,sh.600036,28.8744655200,29.1200448800,28.5060964800,28.8366840800,29.0728180800,67530995,2056842749.0000,2,0.327360,1,-0.812216,0
2019-03-12,sh.600036,29.1956077600,29.5923128800,28.7611212000,28.9594737600,28.8366840800,83869724,2593572147.0000,2,0.406563,1,0.425808,0
2019-03-13,sh.600036,29.0822634400,29.5828675200,28.5722140000,29.3183974400,28.9594737600,66661144,2057062461.0000,2,0.323144,1,1.239403,0
2019-03-14,sh.600036,29.2617252800,30.1306984000,29.1861624000,29.7056572000,29.3183974400,68494240,2162754036.0000,2,0.332030,1,1.320876,0
2019-03-15,sh.600036,29.6773211200,30.1779252000,29.4695232000,29.9134551200,29.7056572000,59594269,1888156823.0000,2,0.288887,1,0.699521,0
2019-03-18,sh.600036,30.0267994400,30.7540921600,29.8378922400,30.5651849600,29.9134551200,59313092,1902942879.0000,2,0.287524,1,2.178720,0
2019-03-19,sh.600036,30.6029664000,30.8107643200,30.1590344800,30.2534880800,30.5651849600,48675050,1565782395.0000,2,0.235955,1,-1.019783,0
2019-03-20,sh.600036,30.1118076800,30.6690839200,29.9417912000,30.4801767200,30.2534880800,46537913,1492217313.0000,2,0.225595,1,0.749303,0
2019-03-21,sh.600036,30.3479416800,30.6029664000,30.1495891200,30.2062612800,30.4801767200,38622372,1240270281.0000,2,0.187224,1,-0.898670,0
2019-03-22,sh.600036,30.3007148800,30.5840756800,29.9512365600,30.5557396000,30.2062612800,43026848,1380682468.0000,2,0.208575,1,1.156970,0
2019-03-25,sh.600036,30.2251520000,30.3196056000,29.3750696000,29.4411871200,30.5557396000,63921055,2018228647.0000,2,0.309861,1,-3.647599,0
2019-03-26,sh.600036,29.8378922400,29.8945644000,29.4789685600,29.7434386400,29.4411871200,40336190,1268771627.0000,2,0.195532,1,1.026627,0
2019-03-27,sh.600036,29.9323458400,30.7352014400,29.7056572000,30.6029664000,29.7434386400,59415447,1915279543.0000,2,0.288020,1,2.889812,0
2019-03-28,sh.600036,30.3857231200,30.8391004000,30.1779252000,30.7163107200,30.6029664000,38742255,1251752176.0000,2,0.187805,1,0.370367,0
2019-03-29,sh.600036,30.7163107200,32.4164755200,30.6124117600,32.0386611200,30.7163107200,116415221,3924014336.0000,2,0.564330,1,4.305036,0
2019-04-01,sh.600036,32.3031312000,33.1059868000,32.0197704000,32.1897868800,32.0386611200,104639618,3595503205.0000,2,0.507247,1,0.471709,0
2019-04-02,sh.600036,32.2086776000,32.6715002400,32.1992322400,32.5770466400,32.1897868800,69428666,2385380768.0000,2,0.336559,1,1.203051,0
2019-04-03,sh.600036,32.4920384000,33.0115332000,32.4070301600,32.9265249600,32.5770466400,58160643,2016043612.0000,2,0.281937,1,1.072772,0
2019-04-04,sh.600036,32.9643064000,34.0505228000,32.9643064000,33.6160362400,32.9265249600,82285226,2919598558.0000,2,0.398882,1,2.094089,0
2019-04-08,sh.600036,33.7199352000,34.2583207200,33.6727084000,33.9371784800,33.6160362400,81066201,2913400186.0000,2,0.392973,1,0.955325,0
2019-04-09,sh.600036,33.9088424000,33.9182877600,33.1154321600,33.2760032800,33.9371784800,51123625,1811302889.0000,2,0.247825,1,-1.948235,0
2019-04-10,sh.600036,33.1059868000,33.4649104800,32.6053827200,33.1248775200,33.2760032800,67454117,2358129547.0000,2,0.326988,1,-0.454158,0
2019-04-11,sh.600036,33.2382218400,33.6727084000,32.7942899200,33.0209785600,33.1248775200,57251604,2008064351.0000,2,0.277530,1,-0.313660,0
2019-04-12,sh.600036,32.9265249600,33.0587600000,32.6809456000,32.8698528000,33.0209785600,36335801,1264673345.0000,2,0.176140,1,-0.457666,0
2019-04-15,sh.600036,33.4554651200,34.2110939200,32.8887435200,32.8887435200,32.8698528000,92492092,3299629416.0000,2,0.448361,1,0.057473,0
2019-04-16,sh.600036,32.7753992000,34.0977496000,32.6809456000,34.0032960000,32.8887435200,84081516,2991158275.0000,2,0.407590,1,3.388858,0
2019-04-17,sh.600036,33.8993970400,34.4566732800,33.6538176800,33.8427248800,34.0032960000,49478982,1778194094.0000,2,0.239852,1,-0.472217,0
2019-04-18,sh.600036,33.8143888000,33.8143888000,33.1815496800,33.5310280000,33.8427248800,32274070,1143221193.0000,2,0.156450,1,-0.921021,0
2019-04-19,sh.600036,33.6254816000,34.4283372000,33.6065908800,34.0032960000,33.5310280000,41174863,1481680330.0000,2,0.199598,1,1.408451,0
2019-04-22,sh.600036,33.8143888000,34.1449764000,32.4920384000,32.8698528000,34.0032960000,71582971,2512863629.0000,2,0.347003,1,-3.333335,0
2019-04-23,sh.600036,32.7753992000,33.6160362400,32.7470631200,33.2760032800,32.8698528000,49569211,1748713750.0000,2,0.240290,1,1.235633,0
2019-04-24,sh.600036,33.5593640800,33.9088424000,32.8887435200,33.8143888000,33.2760032800,54009831,1922166631.0000,2,0.261816,1,1.617939,0
2019-04-25,sh.600036,33.3893476000,33.8710609600,33.3232300800,33.4649104800,33.8143888000,43378827,1542369865.0000,2,0.210281,1,-1.033517,0
2019-04-26,sh.600036,33.2098857600,33.2476672000,32.4353662400,32.4542569600,33.4649104800,51734443,1797598594.0000,2,0.250786,1,-3.020039,0
2019-04-29,sh.600036,32.6526095200,33.7482712800,32.5109291200,33.3704568800,32.4542569600,55033176,1937765299.0000,2,0.266777,1,2.823054,0
2019-04-30,sh.600036,32.6526095200,32.9643064000,31.9725436000,32.5392652000,33.3704568800,95371197,3274708143.0000,2,0.462317,1,-2.490804,0
2019-05-06,sh.600036,31.3585952000,32.1614508000,31.0563436800,32.0292157600,32.5392652000,113367874,3784588227.0000,2,0.549557,1,-1.567492,0
2019-05-07,sh.600036,32.2842404800,32.2842404800,31.5097209600,31.8403085600,32.0292157600,61747624,2078552508.0000,2,0.299325,1,-0.589799,0
2019-05-08,sh.600036,31.4530488000,31.7175188800,31.1696880000,31.2924776800,31.8403085600,48174511,1601956981.0000,2,0.233529,1,-1.720552,0
2019-05-09,sh.600036,31.1696880000,31.4058220000,30.2440427200,30.6218571200,31.2924776800,58110375,1893434384.0000,2,0.281693,1,-2.143081,0
2019-05-10,sh.600036,31.0374529600,31.9253168000,31.0374529600,31.7458549600,30.6218571200,65477578,2191300330.0000,2,0.317406,1,3.670581,0
2019-05-13,sh.600036,31.2169148000,31.4436034400,30.8202096800,30.9807808000,31.7458549600,34340859,1130792902.0000,2,0.166469,1,-2.410001,0
2019-05-14,sh.600036,30.5085128000,31.3585952000,30.4990674400,30.7540921600,30.9807808000,48864253,1599744262.0000,2,0.236872,1,-0.731701,0
2019-05-15,sh.600036,31.1696880000,31.9725436000,30.9713354400,31.7647456800,30.7540921600,44059100,1471301765.0000,2,0.213579,1,3.286240,0
2019-05-16,sh.600036,31.7647456800,32.0575518400,31.5569477600,31.8025271200,31.7647456800,33464291,1128388770.0000,2,0.162220,1,0.118933,0
2019-05-17,sh.600036,31.8308632000,31.9253168000,31.1413519200,31.4624941600,31.8025271200,35925693,1196233846.0000,2,0.174152,1,-1.069192,0
2019-05-20,sh.600036,31.4530488000,31.9158714400,30.9996715200,31.4341580800,31.4624941600,41830436,1388670239.0000,2,0.202775,1,-0.090071,0
2019-05-21,sh.600036,31.4436034400,32.2086776000,31.3019230400,31.7647456800,31.4341580800,50344418,1699238453.0000,2,0.244047,1,1.051690,0
2019-05-22,sh.600036,31.7647456800,31.9725436000,31.4530488000,31.6702920800,31.7647456800,34508085,1157944609.0000,2,0.167280,1,-0.297360,0
2019-05-23,sh.600036,31.4624941600,31.7364096000,31.1224612000,31.5002756000,31.6702920800,38386013,1277508313.0000,2,0.186078,1,-0.536834,0
2019-05-24,sh.600036,31.7175188800,32.2370136800,31.5380570400,31.7364096000,31.5002756000,42990884,1449787998.0000,2,0.208401,1,0.749625,0
2019-05-27,sh.600036,31.6230652800,32.0669972000,30.9807808000,31.9064260800,31.7364096000,47725947,1592620302.0000,2,0.231354,1,0.535715,0
2019-05-28,sh.600036,31.8780900000,32.6809456000,31.7553003200,32.4731476800,31.9064260800,69457087,2375260224.0000,2,0.336697,1,1.776206,0
2019-05-29,sh.600036,32.0292157600,32.7659538400,31.9725436000,32.3503580000,32.4731476800,37682884,1292718402.0000,2,0.182670,1,-0.378130,0
2019-05-30,sh.600036,32.5014837600,32.5959373600,31.9819889600,32.3975848000,32.3503580000,29730764,1016453738.0000,2,0.144122,1,0.145983,0
2019-05-31,sh.600036,32.3031312000,32.7753992000,32.1236693600,32.3125765600,32.3975848000,30522399,1048608820.0000,2,0.147959,1,-0.262391,0
2019-06-03,sh.600036,32.3503580000,32.7281724000,32.0008796800,32.4920384000,32.3125765600,39481401,1351932252.0000,2,0.191388,1,0.555400,0
2019-06-04,sh.600036,32.4920384000,32.5014837600,31.8875353600,32.1425600800,32.4920384000,32789127,1113572392.0000,2,0.158947,1,-1.075589,0
2019-06-05,sh.600036,32.4259208800,32.5487105600,32.0386611200,32.0669972000,32.1425600800,26927425,919338240.0000,2,0.130532,1,-0.235081,0
2019-06-06,sh.600036,32.2370136800,32.2370136800,31.5286116800,32.0197704000,32.0669972000,30232510,1024276660.0000,2,0.146554,1,-0.147273,0
2019-06-10,sh.600036,32.1425600800,32.9643064000,32.1236693600,32.8131806400,32.0197704000,49305517,1707698127.0000,2,0.239011,1,2.477876,0
2019-06-11,sh.600036,32.8131806400,33.5688094400,32.8131806400,33.4554651200,32.8131806400,52369707,1840362215.0000,2,0.253865,1,1.957388,0
2019-06-12,sh.600036,33.4271290400,33.5404733600,33.1059868000,33.3704568800,33.4554651200,27091558,956824031.0000,2,0.131328,1,-0.254083,0
2019-06-13,sh.600036,33.3704568800,33.5310280000,32.9454156800,33.2948940000,33.3704568800,25623223,901854016.0000,2,0.124210,1,-0.226442,0
2019-06-14,sh.600036,33.3704568800,33.5971455200,33.2287764800,33.3893476000,33.2948940000,34183657,1207793174.0000,2,0.165707,1,0.283684,0
2019-06-17,sh.600036,33.3421208000,33.9844052800,33.3043393600,33.6254816000,33.3893476000,26237633,935672872.0000,2,0.127188,1,0.707214,0
2019-06-18,sh.600036,33.7199352000,34.0221867200,33.5404733600,34.0221867200,33.6254816000,30228448,1084120436.0000,2,0.146534,1,1.179781,0
2019-06-19,sh.600036,34.9383866400,35.2311928000,34.5416815200,34.7589248000,34.0221867200,65238879,2411603687.0000,2,0.316249,1,2.165460,0
2019-06-20,sh.600036,34.8155969600,36.3457452800,34.8155969600,36.2512916800,34.7589248000,74229868,2808109447.0000,2,0.359834,1,4.293484,0
2019-06-21,sh.600036,36.2512916800,36.3646360000,35.4201000000,35.5995618400,36.2512916800,59617631,2257474698.0000,2,0.289000,1,-1.797818,0
2019-06-24,sh.600036,35.4389907200,35.8829226400,35.4012092800,35.8545865600,35.5995618400,30881629,1166862209.0000,2,0.149700,1,0.716372,0
2019-06-25,sh.600036,35.4295453600,35.4295453600,32.8226260000,34.1260856800,35.8545865600,243512152,8747563858.0000,2,1.180439,1,-4.820859,0
2019-06-26,sh.600036,33.1248775200,33.9371784800,33.0776507200,33.5026919200,34.1260856800,104997810,3729647597.0000,2,0.508983,1,-1.826736,0
2019-06-27,sh.600036,33.8899516800,34.5322361600,33.7671620000,34.4283372000,33.5026919200,92805629,3369234270.0000,2,0.449881,1,2.762897,0
2019-06-28,sh.600036,34.3338836000,34.5039000800,33.8521702400,33.9844052800,34.4283372000,53062339,1914139579.0000,2,0.257223,1,-1.289441,0
2019-07-01,sh.600036,34.7116980000,35.1650752800,34.6644712000,34.8533784000,33.9844052800,81245491,2997920556.0000,2,0.393842,1,2.556982,0
2019-07-02,sh.600036,34.8722691200,34.8722691200,34.2866568000,34.4944547200,34.8533784000,61223395,2235226043.0000,2,0.296784,1,-1.029813,0
2019-07-03,sh.600036,34.3716650400,34.4661186400,34.0599681600,34.1449764000,34.4944547200,47928441,1735338347.0000,2,0.232336,1,-1.013141,0
2019-07-04,sh.600036,34.3527743200,34.4188918400,34.0127413600,34.0788588800,34.1449764000,37917354,1371454234.0000,2,0.183807,1,-0.193637,0
2019-07-05,sh.600036,34.1922032000,34.5983536800,34.0032960000,34.4472279200,34.0788588800,36451591,1325134309.0000,2,0.176701,1,1.080930,0
2019-07-08,sh.600036,34.0788588800,34.1922032000,33.3987929600,33.5877001600,34.4472279200,50610541,1805159246.0000,2,0.245338,1,-2.495201,0
2019-07-09,sh.600036,33.6065908800,33.7199352000,33.2476672000,33.3326754400,33.5877001600,28106075,993475022.0000,2,0.136246,1,-0.759281,0
2019-07-10,sh.600036,33.6254816000,33.6727084000,33.0398692800,33.1721043200,33.3326754400,44487076,1564014123.0000,2,0.215654,1,-0.481729,0
2019-07-11,sh.600036,33.4932465600,34.0599681600,33.3515661600,33.9088424000,33.1721043200,59828966,2141800970.0000,2,0.290024,1,2.220964,0
2019-07-12,sh.600036,34.1222077600,34.5295792000,33.9670186400,34.3355928000,33.9088227200,49746675,1759080553.0000,2,0.241150,1,1.258588,0
2019-07-15,sh.600036,33.9573193200,34.6071737600,33.4626540000,34.2385996000,34.3355928000,42271763,1482173720.0000,2,0.204915,1,-0.282492,0
2019-07-16,sh.600036,34.3064948400,34.4325860000,34.0931098000,34.2482989200,34.2385996000,27014554,955308164.0000,2,0.130955,1,0.028335,0
2019-07-17,sh.600036,34.0543125200,34.3549914400,33.9573193200,34.1513057200,34.2482989200,22637619,796929618.0000,2,0.109737,1,-0.283212,0
2019-07-18,sh.600036,34.2385996000,34.5101805600,34.0155152400,34.2579982400,34.1513057200,33890048,1198433942.0000,2,0.164284,1,0.312413,0
2019-07-19,sh.600036,34.6071737600,35.3928186800,34.5101805600,35.2764268400,34.2579982400,49864204,1804011550.0000,2,0.241720,1,2.972818,0
2019-07-22,sh.600036,35.2667275200,35.6643996400,35.0048458800,35.2764268400,35.2764268400,33732997,1230690061.0000,2,0.163523,1,0.000000,0
2019-07-23,sh.600036,35.2764268400,35.4025180000,34.9272513200,35.1212377200,35.2764268400,25079506,909838723.0000,2,0.121574,1,-0.439923,0
2019-07-24,sh.600036,35.3443220800,35.8486867200,35.1503356800,35.3346227600,35.1212377200,34263449,1254224791.0000,2,0.166094,1,0.607570,0
2019-07-25,sh.600036,35.6450010000,36.3530513600,35.6450010000,36.1396663200,35.3346227600,50994342,1896150462.0000,2,0.247198,1,2.278337,0
2019-07-26,sh.600036,35.9359806000,36.2463588400,35.9165819600,36.1008690400,36.1396663200,23391862,870022305.0000,2,0.113400,1,-0.107300,0
2019-07-29,sh.600036,36.0814704000,36.0814704000,35.4995112000,35.7225955600,36.1008690400,31750358,1170614801.0000,2,0.153912,1,-1.047822,0
2019-07-30,sh.600036,35.6934976000,36.0523724400,35.5965044000,35.6643996400,35.7225955600,26183718,966377345.0000,2,0.126900,1,-0.162900,0
2019-07-31,sh.600036,35.4025180000,35.6934976000,35.3540214000,35.4607139200,35.6643996400,27306707,998321822.0000,2,0.132400,1,-0.571100,0
2019-08-01,sh.600036,35.3055248000,35.4898118800,34.8302581200,35.1115384000,35.4607139200,32231581,1166692625.0000,2,0.156200,1,-0.984700,0
2019-08-02,sh.600036,34.4810826000,34.8787547200,34.3355928000,34.6750690000,35.1115384000,48948013,1744741168.0000,2,0.237300,1,-1.243100,0
2019-08-05,sh.600036,34.4519846400,34.6168730800,34.0349138800,34.1513057200,34.6750690000,45212718,1597313152.0000,2,0.219200,1,-1.510500,0
2019-08-06,sh.600036,33.4626540000,34.0155152400,33.3656608000,33.8312281600,34.1513057200,58569559,2038065671.0000,2,0.283900,1,-0.937200,0
2019-08-07,sh.600036,33.8506268000,33.9282213600,33.4044580800,33.4917519600,33.8312281600,55056614,1907381568.0000,2,0.266900,1,-1.003400,0
2019-08-08,sh.600036,33.7536336000,34.4228866800,33.7536336000,34.2967955200,33.4917519600,45625739,1602214298.0000,2,0.221200,1,2.403700,0
2019-08-09,sh.600036,34.3937887200,34.4325860000,33.8603261200,33.9379206800,34.2967955200,33614193,1181594152.0000,2,0.162900,1,-1.046400,0
2019-08-12,sh.600036,33.9379206800,34.3937887200,33.7536336000,34.3452921200,33.9379206800,39225849,1377596532.0000,2,0.190100,1,1.200300,0
2019-08-13,sh.600036,34.1319070800,34.1901030000,33.7536336000,33.8021302000,34.3452921200,29736510,1039741519.0000,2,0.144100,1,-1.581500,0
2019-08-14,sh.600036,34.1610050400,34.3355928000,33.7536336000,33.8118295200,33.8021302000,37749308,1322902547.0000,2,0.183000,1,0.028700,0
2019-08-15,sh.600036,33.1716744000,33.8894240800,33.0746812000,33.8215288400,33.8118295200,30054809,1040105626.0000,2,0.145700,1,0.028700,0
2019-08-16,sh.600036,33.8409274800,34.3355928000,33.4820526400,34.1028091200,33.8215288400,40844467,1431729717.0000,2,0.198000,1,0.831700,0
2019-08-19,sh.600036,33.9185220400,34.2385996000,33.4044580800,34.2385996000,34.1028091200,71493374,2493400951.0000,2,0.346600,1,0.398200,0
2019-08-20,sh.600036,33.9476200000,34.4907819200,33.8506268000,34.2676975600,34.2385996000,38036943,1340295547.0000,2,0.184400,1,0.085000,0
2019-08-21,sh.600036,34.1804036800,34.5295792000,34.1028091200,34.3840894000,34.2676975600,29982516,1062519113.0000,2,0.145300,1,0.339700,0
2019-08-22,sh.600036,34.5198798800,34.5683764800,34.0834104800,34.2773968800,34.3840894000,22862467,808431523.0000,2,0.110800,1,-0.310300,0
2019-08-23,sh.600036,34.1610050400,35.4413152800,34.1610050400,35.1794336400,34.2773968800,70609852,2544555084.0000,2,0.342300,1,2.631600,0
2019-08-26,sh.600036,34.4325860000,34.7235656000,33.7245356400,33.9476200000,35.1794336400,86736265,3045354099.0000,2,0.420500,1,-3.501500,0
2019-08-27,sh.600036,34.3161941600,34.5489778400,33.7051370000,33.7051370000,33.9476200000,81751179,2876573970.0000,2,0.396300,1,-0.714300,0
2019-08-28,sh.600036,33.9476200000,34.0252145600,33.3753601200,33.4626540000,33.7051370000,51476226,1780588508.0000,2,0.249500,1,-0.719400,0
2019-08-29,sh.600036,33.4626540000,33.5111506000,32.6867084000,32.9097927600,33.4626540000,71161785,2415342459.0000,2,0.345000,1,-1.652200,0
2019-08-30,sh.600036,33.2589682800,33.3559614800,32.9291914000,33.2492689600,32.9097927600,59657969,2039657518.0000,2,0.289200,1,1.031500,0
2019-09-02,sh.600036,33.2492689600,33.6178431200,33.2201710000,33.3074648800,33.2492689600,50798281,1752014271.0000,2,0.246200,1,0.175000,0
2019-09-03,sh.600036,33.3365628400,33.4238567200,32.9873873200,33.1231778000,33.3074648800,40716969,1390955164.0000,2,0.197400,1,-0.553300,0
2019-09-04,sh.600036,33.0843805200,34.0058159200,32.9873873200,33.8409274800,33.1231778000,63463616,2202852785.0000,2,0.307600,1,2.166900,0
2019-09-05,sh.600036,33.9767179600,34.8205588000,33.9767179600,34.4519846400,33.8409274800,72370246,2573174320.0000,2,0.350800,1,1.805700,0
2019-09-06,sh.600036,34.8205588000,34.9078526800,34.4810826000,34.8108594800,34.4519846400,47316276,1692573890.0000,2,0.229400,1,1.041700,0
2019-09-09,sh.600036,35.0048458800,35.3443220800,34.2773968800,34.4325860000,34.8108594800,75615132,2697975757.0000,2,0.366500,1,-1.086700,0
2019-09-10,sh.600036,34.6362717200,34.6653696800,33.7051370000,33.9476200000,34.4325860000,67533066,2361508165.0000,2,0.327400,1,-1.408500,0
2019-09-11,sh.600036,34.1319070800,34.1804036800,33.6663397200,33.9961166000,33.9476200000,60908940,2129059918.0000,2,0.295300,1,0.142900,0
2019-09-12,sh.600036,34.3355928000,34.3646907600,33.9185220400,34.2289002800,33.9961166000,52582171,1851086313.0000,2,0.254900,1,0.684700,0
2019-09-16,sh.600036,34.4325860000,34.4713832800,33.7730322400,33.9476200000,34.2289002800,46166805,1617245973.0000,2,0.223800,1,-0.821800,0
2019-09-17,sh.600036,34.0155152400,34.1222077600,33.5790458400,33.7439342800,33.9476200000,44307090,1546391358.0000,2,0.214800,1,-0.600000,0
2019-09-18,sh.600036,33.7536336000,33.8894240800,33.6663397200,33.7536336000,33.7439342800,35374807,1232164287.0000,2,0.171500,1,0.028700,0
2019-09-19,sh.600036,33.8894240800,33.9088227200,33.3268635200,33.4723533200,33.7536336000,53845325,1858895881.0000,2,0.261000,1,-0.833300,0
2019-09-20,sh.600036,33.6663397200,33.7148363200,33.3462621600,33.4723533200,33.4723533200,69494464,2401483947.0000,2,0.336900,1,0.000000,0
2019-09-23,sh.600036,33.3656608000,33.3656608000,32.8612961600,33.0164852800,33.4723533200,61025444,2075660837.0000,2,0.295800,1,-1.361900,0
2019-09-24,sh.600036,33.2201710000,33.2201710000,32.9485900400,33.0552825600,33.0164852800,36571835,1245693485.0000,2,0.177300,1,0.117500,0
2019-09-25,sh.600036,33.0261846000,33.4335560400,32.8515968400,33.3171642000,33.0552825600,46779376,1601997090.0000,2,0.226800,1,0.792200,0
2019-09-26,sh.600036,33.4141574000,34.5489778400,33.2492689600,34.1610050400,33.3171642000,108440812,3804658828.0000,2,0.525700,1,2.532800,0
2019-09-27,sh.600036,34.0931098000,34.6168730800,33.7730322400,34.1416064000,34.1610050400,67267796,2368047235.0000,2,0.326100,1,-0.056800,0
2019-09-30,sh.600036,33.7439342800,34.2676975600,33.6566404000,33.7051370000,34.1416064000,39120377,1370027544.0000,2,0.189600,1,-1.278400,0
2019-10-08,sh.600036,33.6566404000,34.0446132000,33.4626540000,33.7633329200,33.7051370000,64588657,2250110388.0000,2,0.313100,1,0.172700,0
2019-10-09,sh.600036,33.4820526400,34.5974744400,33.4626540000,34.1222077600,33.7633329200,82161376,2896026737.0000,2,0.398300,1,1.062900,0
2019-10-10,sh.600036,34.1513057200,34.3161941600,33.9670186400,34.0543125200,34.1222077600,37870052,1332044307.0000,2,0.183600,1,-0.199000,0
2019-10-11,sh.600036,34.2385996000,35.2764268400,34.2385996000,35.1988322800,34.0543125200,104387314,3760500499.0000,2,0.506000,1,3.360900,0
2019-10-14,sh.600036,35.4995112000,36.3142540800,35.4995112000,35.7225955600,35.1988322800,87433443,3237676515.0000,2,0.423800,1,1.488000,0
2019-10-15,sh.600036,36.1008690400,36.1008690400,35.3734200400,35.5383084800,35.7225955600,45810496,1680658831.0000,2,0.222100,1,-0.515900,0
2019-10-16,sh.600036,35.8583860400,36.3239534000,35.3055248000,35.7031969200,35.5383084800,51489760,1902454585.0000,2,0.249600,1,0.464000,0
2019-10-17,sh.600036,35.7031969200,36.0329738000,35.4413152800,35.8874840000,35.7031969200,34258778,1264253177.0000,2,0.166100,1,0.516200,0
2019-10-18,sh.600036,35.9844772000,36.1590649600,35.0145452000,35.0921397600,35.8874840000,45434980,1660975667.0000,2,0.220200,1,-2.216200,0
2019-10-21,sh.600036,35.0145452000,35.4025180000,34.6944676400,35.1309370400,35.0921397600,35942551,1300444689.0000,2,0.174200,1,0.110600,0
2019-10-22,sh.600036,35.3734200400,35.3831193600,34.5974744400,35.0436431600,35.1309370400,33207388,1193683500.0000,2,0.161000,1,-0.248500,0
2019-10-23,sh.600036,34.9660486000,35.2085316000,34.7429642400,34.9175520000,35.0436431600,31347067,1131160460.0000,2,0.152000,1,-0.359800,0
2019-10-24,sh.600036,35.0921397600,35.6450010000,34.8787547200,35.4025180000,34.9175520000,43122021,1571999093.0000,2,0.209000,1,1.388900,0
2019-10-25,sh.600036,35.5674064400,35.5674064400,34.9563492800,35.3055248000,35.4025180000,24614215,892763388.0000,2,0.119300,1,-0.274000,0
2019-10-28,sh.600036,35.3831193600,35.8195887600,35.0145452000,35.1115384000,35.3055248000,32808346,1191663975.0000,2,0.159000,1,-0.549500,0
2019-10-29,sh.600036,35.1794336400,35.2764268400,34.8302581200,35.0630418000,35.1115384000,26610094,961023821.0000,2,0.129000,1,-0.138100,0
2019-10-30,sh.600036,35.0242445200,35.1406363600,34.2482989200,34.3452921200,35.0630418000,48326260,1720463214.0000,2,0.234300,1,-2.047000,0
2019-10-31,sh.600036,34.6265724000,34.7914608400,34.2192009600,34.4325860000,34.3452921200,50704205,1805894998.0000,2,0.245800,1,0.254200,0
2019-11-01,sh.600036,34.5004812400,35.6547003200,34.3161941600,35.4995112000,34.4325860000,66855574,2425821889.0000,2,0.324100,1,3.098600,0
2019-11-04,sh.600036,35.8583860400,36.1590649600,35.5868050800,36.0620717600,35.4995112000,59640216,2210377095.0000,2,0.289100,1,1.584700,0
2019-11-05,sh.600036,36.0717710800,37.0029058000,35.8680853600,36.5276391200,36.0620717600,72333061,2724426631.0000,2,0.350600,1,1.291000,0
2019-11-06,sh.600036,36.5276391200,37.3229833600,36.4015479600,37.0029058000,36.5276391200,70844894,2705336305.0000,2,0.343400,1,1.301100,0
2019-11-07,sh.600036,36.9835071600,37.2259901600,36.6828282400,37.0126051200,37.0029058000,35055161,1336451650.0000,2,0.169900,1,0.026200,0
2019-11-08,sh.600036,37.3229833600,37.3908786000,36.4694432000,36.6149330000,37.0126051200,45708215,1739031666.0000,2,0.221600,1,-1.074400,0
2019-11-11,sh.600036,36.4015479600,36.5567370800,36.0523724400,36.1881629200,36.6149330000,39293988,1471061703.0000,2,0.190500,1,-1.165600,0
2019-11-12,sh.600036,36.1881629200,36.3627506800,35.8001901200,36.0814704000,36.1881629200,36383152,1354249070.0000,2,0.176400,1,-0.294800,0
2019-11-13,sh.600036,35.9359806000,36.2560581600,35.7904908000,35.8874840000,36.0814704000,39293401,1456511446.0000,2,0.190500,1,-0.537600,0
2019-11-14,sh.600036,36.0717710800,36.1299670000,35.5480078000,35.6353016800,35.8874840000,29291220,1078428853.0000,2,0.142000,1,-0.702700,0
2019-11-15,sh.600036,35.8680853600,35.9456799200,35.4995112000,35.7225955600,35.6353016800,31500856,1162061809.0000,2,0.152700,1,0.245000,0
2019-11-18,sh.600036,35.7225955600,36.7507234800,35.6256023600,36.3724500000,35.7225955600,57445530,2149791797.0000,2,0.278500,1,1.819200,0
2019-11-19,sh.600036,36.3239534000,36.6634296000,36.1881629200,36.3918486400,36.3724500000,39018448,1463591441.0000,2,0.189100,1,0.053300,0
2019-11-20,sh.600036,36.1202676800,36.2463588400,35.3928186800,35.4801125600,36.3918486400,48277448,1776707173.0000,2,0.234000,1,-2.505300,0
2019-11-21,sh.600036,35.2667275200,35.5868050800,34.9854472400,35.3443220800,35.4801125600,29743640,1081481614.0000,2,0.144200,1,-0.382700,0
2019-11-22,sh.600036,35.5965044000,35.7419942000,34.9951465600,35.1406363600,35.3443220800,32273896,1175858814.0000,2,0.156400,1,-0.576300,0
2019-11-25,sh.600036,35.3055248000,35.6159030400,35.2279302400,35.4801125600,35.1406363600,26416258,966079490.0000,2,0.128100,1,0.966100,0
2019-11-26,sh.600036,35.6837982800,35.6934976000,34.9175520000,34.9175520000,35.4801125600,44859522,1630207659.0000,2,0.217500,1,-1.585600,0
2019-11-27,sh.600036,35.1018390800,35.7710921600,34.9757479200,35.5480078000,34.9175520000,35069510,1283181354.0000,2,0.170000,1,1.805600,0
2019-11-28,sh.600036,35.4607139200,35.7710921600,35.3443220800,35.5286091600,35.5480078000,20852093,763903768.0000,2,0.101100,1,-0.054600,0
2019-11-29,sh.600036,35.3831193600,35.5868050800,34.8399574400,34.9466499600,35.5286091600,33478873,1210713277.0000,2,0.162300,1,-1.638000,0
2019-12-02,sh.600036,35.0145452000,35.2861261600,34.8884540400,35.0242445200,34.9466499600,19733974,713692292.0000,2,0.095700,1,0.222000,0
2019-12-03,sh.600036,34.8399574400,35.4995112000,34.6556703600,35.3637207200,35.0242445200,27680568,1004322265.0000,2,0.134200,1,0.969300,0
2019-12-04,sh.600036,34.9854472400,35.3249234400,34.9563492800,35.1891329600,35.3637207200,23090627,835895192.0000,2,0.111900,1,-0.493700,0
2019-12-05,sh.600036,35.3831193600,35.4995112000,35.0339438400,35.2861261600,35.1891329600,26477925,962515349.0000,2,0.128400,1,0.275600,0
2019-12-06,sh.600036,35.3734200400,35.4801125600,35.0921397600,35.3152241200,35.2861261600,25584640,929546913.0000,2,0.124000,1,0.082500,0
2019-12-09,sh.600036,35.2861261600,35.3443220800,34.9466499600,35.1794336400,35.3152241200,25078780,908083891.0000,2,0.121600,1,-0.384500,0
2019-12-10,sh.600036,34.9854472400,35.2667275200,34.9660486000,35.0339438400,35.1794336400,22735572,822478503.0000,2,0.110200,1,-0.413600,0
2019-12-11,sh.600036,35.1988322800,35.3540214000,35.0242445200,35.3055248000,35.0339438400,28077921,1018761748.0000,2,0.136100,1,0.775200,0
2019-12-12,sh.600036,35.4025180000,35.4801125600,35.1503356800,35.3055248000,35.3055248000,25011328,909207353.0000,2,0.121200,1,0.000000,0
2019-12-13,sh.600036,35.6256023600,36.3724500000,35.5868050800,36.3724500000,35.3055248000,65495601,2430849617.0000,2,0.317500,1,3.022000,0
2019-12-16,sh.600036,36.1299670000,36.3530513600,35.9844772000,36.1590649600,36.3724500000,35287693,1314017570.0000,2,0.171100,1,-0.586700,0
2019-12-17,sh.600036,36.1299670000,36.7119262000,35.7904908000,36.3724500000,36.1590649600,56312739,2106137323.0000,2,0.273000,1,0.590100,0
2019-12-18,sh.600036,36.4209466000,37.0029058000,36.4209466000,36.8477166800,36.3724500000,54132237,2052043202.0000,2,0.262400,1,1.306700,0
2019-12-19,sh.600036,36.8574160000,37.0998990000,36.5955343600,36.6343316400,36.8477166800,30188408,1144128603.0000,2,0.146300,1,-0.579100,0
2019-12-20,sh.600036,36.6828282400,36.8865139600,36.2754568000,36.4112472800,36.6343316400,28800748,1085477957.0000,2,0.139600,1,-0.608900,0
2019-12-23,sh.600036,36.6537302800,36.8574160000,36.1299670000,36.2754568000,36.4112472800,35874675,1349470854.0000,2,0.173900,1,-0.372900,0
2019-12-24,sh.600036,36.3239534000,37.0029058000,36.3239534000,36.8671153200,36.2754568000,34185644,1296815029.0000,2,0.165700,1,1.631000,0
2019-12-25,sh.600036,36.8671153200,37.0805003600,36.4888418400,36.6537302800,36.8671153200,23502761,889443213.0000,2,0.113900,1,-0.578800,0
2019-12-26,sh.600036,36.6440309600,36.9544092000,36.5567370800,36.9544092000,36.6537302800,19223976,728012313.0000,2,0.093200,1,0.820300,0
2019-12-27,sh.600036,36.9544092000,37.3423820000,36.6634296000,36.7216255200,36.9544092000,35953534,1370335108.0000,2,0.174300,1,-0.629900,0
2019-12-30,sh.600036,36.4694432000,36.7798214400,35.9941765200,36.6925275600,36.7216255200,44496289,1670186942.0000,2,0.215700,1,-0.079200,0
2019-12-31,sh.600036,36.7119262000,36.7410241600,36.1881629200,36.4500445600,36.6925275600,37680506,1412996239.0000,2,0.182700,1,-0.660900,0
2020-01-02,sh.600036,36.8865139600,37.9437398400,36.8768146400,37.7109561600,36.4500445600,82624452,3191180650.0000,2,0.400500,1,3.459300,0
2020-01-03,sh.600036,37.7788514000,38.4287058400,37.7497534400,38.2153208000,37.7109561600,52010611,2045230273.0000,2,0.252100,1,1.337400,0
2020-01-06,sh.600036,38.0116350800,38.9524691200,37.7303548000,38.0601316800,38.2153208000,54887720,2171575505.0000,2,0.266100,1,-0.406100,0
2020-01-07,sh.600036,38.3608106000,38.7390840800,37.9243412000,37.9728378000,38.0601316800,34767128,1369304771.0000,2,0.168500,1,-0.229400,0
2020-01-08,sh.600036,37.7788514000,37.7788514000,37.2550881200,37.2550881200,37.9728378000,36323418,1403861101.0000,2,0.176100,1,-1.890200,0
2020-01-09,sh.600036,37.6721588800,37.8273480000,37.4199765600,37.7303548000,37.2550881200,30335989,1177003661.0000,2,0.147100,1,1.275700,0
2020-01-10,sh.600036,37.7303548000,38.0989289600,37.5848650000,37.8661452800,37.7303548000,28593121,1116903172.0000,2,0.138600,1,0.359900,0
2020-01-13,sh.600036,38.0989289600,38.0989289600,37.5848650000,37.9243412000,37.8661452800,32780852,1279073028.0000,2,0.158900,1,0.153700,0
2020-01-14,sh.600036,37.9631384800,38.4384051600,37.5363684000,37.6430609200,37.9243412000,33564638,1314430602.0000,2,0.162700,1,-0.741700,0
2020-01-15,sh.600036,37.6721588800,37.7206554800,36.8768146400,36.9738078400,37.6430609200,48859891,1870048774.0000,2,0.236900,1,-1.777900,0
2020-01-16,sh.600036,37.0708010400,37.1968922000,36.6246323200,36.8186187200,36.9738078400,45384826,1723277982.0000,2,0.220000,1,-0.419700,0
2020-01-17,sh.600036,36.9156119200,37.0223044400,36.5470377600,36.7895207600,36.8186187200,42135711,1595789849.0000,2,0.204300,1,-0.079000,0
2020-01-20,sh.600036,37.0708010400,37.4878718000,36.8574160000,37.1580949200,36.7895207600,58580886,2244268938.0000,2,0.284000,1,1.001800,0
2020-01-21,sh.600036,36.8089194000,37.0029058000,36.5664364000,36.6537302800,37.1580949200,41720185,1580332561.0000,2,0.202200,1,-1.357300,0
2020-01-22,sh.600036,36.5664364000,36.9544092000,36.0329738000,36.6828282400,36.6537302800,53125460,2000618547.0000,2,0.257500,1,0.079400,0
2020-01-23,sh.600036,36.4015479600,36.5664364000,35.3540214000,35.7031969200,36.6828282400,78750274,2912304571.0000,2,0.381700,1,-2.670500,0
2020-02-03,sh.600036,32.7837016000,34.4325860000,32.7837016000,33.9767179600,35.7031969200,113106226,3944795003.0000,2,0.548300,1,-4.835600,0
2020-02-04,sh.600036,33.9864172800,34.4131873600,33.6372417600,34.2870962000,33.9767179600,122967652,4313054347.0000,2,0.596100,1,0.913500,0
2020-02-05,sh.600036,34.2773968800,34.4422853200,33.7827315600,34.2967955200,34.2870962000,80257198,2826862599.0000,2,0.389100,1,0.028300,0
2020-02-06,sh.600036,34.4325860000,34.7526635600,34.0737111600,34.6750690000,34.2967955200,73070159,2589474707.0000,2,0.354200,1,1.102900,0
2020-02-07,sh.600036,34.0446132000,34.3937887200,33.9573193200,34.3549914400,34.6750690000,67552464,2374190018.0000,2,0.327500,1,-0.923100,0
2020-02-10,sh.600036,34.0737111600,34.1804036800,33.8991234000,34.0446132000,34.3549914400,57504178,2016401930.0000,2,0.278800,1,-0.903400,0
2020-02-11,sh.600036,34.2385996000,34.7720622000,34.0931098000,34.5004812400,34.0446132000,55743628,1983770029.0000,2,0.270200,1,1.339000,0
2020-02-12,sh.600036,34.4325860000,34.5877751200,34.1804036800,34.5295792000,34.5004812400,40538973,1437177997.0000,2,0.196500,1,0.084300,0
2020-02-13,sh.600036,34.4616839600,34.4810826000,34.1416064000,34.2095016400,34.5295792000,42235080,1493775789.0000,2,0.204700,1,-0.927000,0
2020-02-14,sh.600036,34.1513057200,34.6362717200,34.1513057200,34.5683764800,34.2095016400,40339677,1431806484.0000,2,0.195500,1,1.049000,0
2020-02-17,sh.600036,34.5586771600,35.0824404400,34.3161941600,35.0824404400,34.5683764800,66942541,2396661832.0000,2,0.324500,1,1.487100,0
2020-02-18,sh.600036,34.9175520000,34.9175520000,34.5295792000,34.6265724000,35.0824404400,51639665,1846260235.0000,2,0.250300,1,-1.299400,0
2020-02-19,sh.600036,34.5295792000,34.8108594800,34.3937887200,34.4616839600,34.6265724000,41952131,1496142157.0000,2,0.203400,1,-0.476200,0
2020-02-20,sh.600036,34.5877751200,34.9660486000,34.1416064000,34.8981533600,34.4616839600,74600588,2658121245.0000,2,0.361600,1,1.266500,0
2020-02-21,sh.600036,34.8205588000,34.8496567600,34.4034880400,34.5683764800,34.8981533600,73031468,2603112503.0000,2,0.354000,1,-0.945000,0
2020-02-24,sh.600036,34.4228866800,34.6168730800,33.9767179600,33.9961166000,34.5683764800,79856482,2812039823.0000,2,0.387100,1,-1.655400,0
2020-02-25,sh.600036,33.7633329200,34.0252145600,33.4626540000,33.5887451600,33.9961166000,87373432,3032212325.0000,2,0.423500,1,-1.198300,0
2020-02-26,sh.600036,33.3753601200,33.9379206800,33.2201710000,33.7827315600,33.5887451600,77970475,2707591830.0000,2,0.378000,1,0.577500,0
2020-02-27,sh.600036,33.7439342800,34.2870962000,33.6566404000,34.1610050400,33.7827315600,68937853,2422074087.0000,2,0.334200,1,1.119700,0
2020-02-28,sh.600036,33.8021302000,34.1222077600,33.1716744000,33.1716744000,34.1610050400,83534097,2885398352.0000,2,0.404900,1,-2.896100,0
2020-03-02,sh.600036,33.2104716800,33.8312281600,33.0746812000,33.7051370000,33.1716744000,70429063,2438029173.0000,2,0.341400,1,1.608200,0
2020-03-03,sh.600036,33.8797247600,34.0446132000,33.3850594400,33.5790458400,33.7051370000,68607306,2380418310.0000,2,0.332600,1,-0.374100,0
2020-03-04,sh.600036,33.6372417600,33.7536336000,33.4044580800,33.7342349600,33.5790458400,56088606,1941800190.0000,2,0.271900,1,0.462200,0
2020-03-05,sh.600036,33.9379206800,35.2279302400,33.7536336000,35.1406363600,33.7342349600,135541300,4840609026.0000,2,0.657000,1,4.169100,0
2020-03-06,sh.600036,34.7623628800,34.9369506400,34.3452921200,34.3452921200,35.1406363600,67067378,2389764957.0000,2,0.325100,1,-2.263300,0
2020-03-09,sh.600036,33.8312281600,33.8312281600,33.1522757600,33.1522757600,34.3452921200,96659166,3318066994.0000,2,0.468600,1,-3.473600,0
2020-03-10,sh.600036,33.1619750800,33.8894240800,33.0552825600,33.6372417600,33.1522757600,66829810,2309858482.0000,2,0.324000,1,1.462800,0
2020-03-11,sh.600036,33.7148363200,33.9379206800,33.3753601200,33.4141574000,33.6372417600,56655064,1965764178.0000,2,0.274600,1,-0.663200,0
2020-03-12,sh.600036,33.3365628400,33.5499478800,32.9970866400,33.1328771200,33.4141574000,61918002,2118258080.0000,2,0.300200,1,-0.841800,0
2020-03-13,sh.600036,31.8137696000,32.5509179200,31.4257968000,32.4054281200,33.1328771200,114095770,3748370246.0000,2,0.553100,1,-2.195600,0
2020-03-16,sh.600036,32.3860294800,32.3860294800,30.6886484800,30.7177464400,32.4054281200,106602730,3445337101.0000,2,0.516800,1,-5.208000,0
2020-03-17,sh.600036,30.6983478000,31.6294825200,30.1745845200,30.7759423600,30.7177464400,84344133,2675433577.0000,2,0.408900,1,0.189500,0
2020-03-18,sh.600036,30.9214321600,31.3094049600,29.8351083200,29.8933042400,30.7759423600,82431704,2604923481.0000,2,0.399600,1,-2.867900,0
2020-03-19,sh.600036,29.5635273600,29.5635273600,27.8467477200,28.4287069200,29.8933042400,155945747,4591894342.0000,2,0.756000,1,-4.899400,0
2020-03-20,sh.600036,28.9039736000,30.1745845200,28.9039736000,30.1066892800,28.4287069200,134315310,4101898423.0000,2,0.651100,1,5.902400,0
2020-03-23,sh.600036,29.1076593200,29.5926253200,28.9815681600,29.2531491200,30.1066892800,92897116,2804113446.0000,2,0.450300,1,-2.835100,0
2020-03-24,sh.600036,30.2133818000,30.6983478000,29.8836049200,30.5625573200,29.2531491200,82535893,2585549433.0000,2,0.400100,1,4.476100,0
2020-03-25,sh.600036,31.2609083600,31.6973777600,31.2027124400,31.5130906800,30.5625573200,80952655,2629580314.0000,2,0.392400,1,3.110100,0
2020-03-26,sh.600036,31.1348172000,32.4151274400,31.0960199200,31.7361750400,31.5130906800,69463585,2281461462.0000,2,0.336700,1,0.707900,0
2020-03-27,sh.600036,32.1241478400,32.3278335600,31.5033913600,31.7361750400,31.7361750400,58177545,1911127945.0000,2,0.282000,1,0.000000,0
2020-03-30,sh.600036,31.2124117600,31.7361750400,30.8438376000,31.6682798000,31.7361750400,47749415,1541068106.0000,2,0.231500,1,-0.213900,0
2020-03-31,sh.600036,31.9301614400,31.9883573600,31.1930131200,31.3094049600,31.6682798000,37754006,1228383288.0000,2,0.183000,1,-1.133200,0
2020-04-01,sh.600036,31.1542158400,31.6682798000,31.0378240000,31.1639151600,31.3094049600,35814313,1157345796.0000,2,0.173600,1,-0.464700,0
2020-04-02,sh.600036,30.7953410000,31.3676008800,30.7565437200,31.3676008800,31.1639151600,28960147,929189673.0000,2,0.140400,1,0.653600,0
2020-04-03,sh.600036,31.0378240000,31.3482022400,31.0281246800,31.1833138000,31.3676008800,25161829,808697603.0000,2,0.122000,1,-0.587500,0
2020-04-07,sh.600036,31.8525668800,31.8913641600,31.4257968000,31.5421886400,31.1833138000,43184378,1406732994.0000,2,0.209300,1,1.150900,0
2020-04-08,sh.600036,31.5227900000,31.5227900000,31.1542158400,31.2512090400,31.5421886400,31813445,1024956344.0000,2,0.154200,1,-0.922500,0
2020-04-09,sh.600036,31.3191042800,31.3773002000,31.1445165200,31.3288036000,31.2512090400,28664595,924260480.0000,2,0.139000,1,0.248300,0
2020-04-10,sh.600036,31.4354961200,31.5809859200,30.9505301200,31.1348172000,31.3288036000,43743153,1409435238.0000,2,0.212000,1,-0.619200,0
2020-04-13,sh.600036,30.9602294400,31.2318104000,30.8632362400,30.9699287600,31.1348172000,23055549,737876564.0000,2,0.111800,1,-0.529600,0
2020-04-14,sh.600036,31.2124117600,31.7264757200,31.1154185600,31.7264757200,30.9699287600,42707944,1386006869.0000,2,0.207000,1,2.442800,0
2020-04-15,sh.600036,31.6100838800,31.6488811600,31.3482022400,31.4451954400,31.7264757200,23783848,771129191.0000,2,0.115300,1,-0.886600,0
2020-04-16,sh.600036,31.2318104000,31.4354961200,30.9990267200,31.1348172000,31.4451954400,29499982,947452268.0000,2,0.143000,1,-0.987000,0
2020-04-17,sh.600036,31.4742934000,32.2017424000,31.3676008800,31.8719655200,31.1348172000,69795242,2293965391.0000,2,0.338300,1,2.367600,0
2020-04-20,sh.600036,31.9010634800,32.0853505600,31.5712866000,31.9107628000,31.8719655200,33602426,1104349255.0000,2,0.162900,1,0.121700,0
2020-04-21,sh.600036,31.9107628000,32.0465532800,31.6003845600,31.6682798000,31.9107628000,32871489,1077331035.0000,2,0.159300,1,-0.759900,0
2020-04-22,sh.600036,31.4742934000,31.7652730000,31.3579015600,31.7458743600,31.6682798000,27943538,910099517.0000,2,0.135500,1,0.245000,0
2020-04-23,sh.600036,31.8331682400,31.9689587200,31.6682798000,31.7070770800,31.7458743600,24614551,807219190.0000,2,0.119300,1,-0.122200,0
2020-04-24,sh.600036,31.7361750400,31.7361750400,31.4354961200,31.5324893200,31.7070770800,22259784,723766561.0000,2,0.107900,1,-0.550600,0
2020-04-27,sh.600036,31.7652730000,32.9582893600,31.7361750400,32.5703165600,31.5324893200,65341471,2197523211.0000,2,0.316700,1,3.291300,0
2020-04-28,sh.600036,32.5897152000,32.8806948000,32.2987356000,32.8418975200,32.5703165600,36651091,1234430064.0000,2,0.177700,1,0.833800,0
2020-04-29,sh.600036,32.8806948000,34.0446132000,32.8709954800,33.9670186400,32.8418975200,65876588,2288732967.0000,2,0.319300,1,3.425900,0
2020-04-30,sh.600036,34.0931098000,34.9660486000,33.9961166000,34.0349138800,33.9670186400,71533247,2544804889.0000,2,0.346800,1,0.199900,0
2020-05-06,sh.600036,33.4917519600,33.7342349600,33.1522757600,33.5887451600,34.0349138800,50173590,1731704264.0000,2,0.243200,1,-1.310900,0
2020-05-07,sh.600036,33.5596472000,33.5790458400,33.0261846000,33.4141574000,33.5887451600,29948465,1028793473.0000,2,0.145200,1,-0.519800,0
2020-05-08,sh.600036,33.7245356400,34.1222077600,33.5111506000,33.9185220400,33.4141574000,39215460,1371649847.0000,2,0.190100,1,1.509400,0
2020-05-11,sh.600036,33.9282213600,34.4131873600,33.8312281600,33.9088227200,33.9185220400,29584829,1040649468.0000,2,0.143400,1,-0.028600,0
2020-05-12,sh.600036,33.9379206800,33.9864172800,33.4044580800,33.5499478800,33.9088227200,34963382,1213003373.0000,2,0.169500,1,-1.058300,0
2020-05-13,sh.600036,33.3656608000,33.6372417600,33.0746812000,33.5014512800,33.5499478800,27983494,961672947.0000,2,0.135700,1,-0.144500,0
2020-05-14,sh.600036,33.3559614800,33.3850594400,32.7837016000,32.9097927600,33.5014512800,42063019,1430362916.0000,2,0.203900,1,-1.766100,0
2020-05-15,sh.600036,33.1619750800,33.2298703200,32.6867084000,32.8321982000,32.9097927600,36192753,1226127432.0000,2,0.175400,1,-0.235800,0
2020-05-18,sh.600036,32.6091138400,33.2686676000,32.5024213200,32.7837016000,32.8321982000,36370093,1233862748.0000,2,0.176300,1,-0.147700,0
2020-05-19,sh.600036,33.3656608000,33.4432553600,33.0358839200,33.2395696400,32.7837016000,26430448,904985389.0000,2,0.128100,1,1.390500,0
2020-05-20,sh.600036,33.2395696400,33.9767179600,33.0746812000,33.6372417600,33.2395696400,38051757,1313430550.0000,2,0.184500,1,1.196400,0
2020-05-21,sh.600036,33.8603261200,34.1222077600,33.6178431200,33.6857383600,33.6372417600,36252721,1263004925.0000,2,0.175700,1,0.144200,0
2020-05-22,sh.600036,33.4529546800,33.6469410800,32.5994145200,32.6188131600,33.6857383600,42396439,1439086679.0000,2,0.205500,1,-3.167300,0
2020-05-25,sh.600036,32.9000934400,32.9194920800,31.9107628000,32.0950498800,32.6188131600,43264917,1434823005.0000,2,0.209700,1,-1.605700,0
2020-05-26,sh.600036,32.2987356000,32.4830226800,32.0950498800,32.4248267600,32.0950498800,32246077,1072932146.0000,2,0.156300,1,1.027500,0
2020-05-27,sh.600036,32.5606172400,32.9582893600,32.2405396800,32.4248267600,32.4248267600,32083331,1077247848.0000,2,0.155500,1,0.000000,0
2020-05-28,sh.600036,32.5703165600,33.6566404000,32.4248267600,33.1910730400,32.4248267600,69362331,2378620601.0000,2,0.336200,1,2.363100,0
2020-05-29,sh.600036,32.8418975200,33.1037791600,32.6867084000,32.8031002400,33.1910730400,37237481,1260905545.0000,2,0.180500,1,-1.168900,0
2020-06-01,sh.600036,33.1231778000,33.9185220400,33.0746812000,33.7730322400,32.8031002400,48823746,1693982687.0000,2,0.236700,1,2.956800,0
2020-06-02,sh.600036,33.5111506000,34.1998023200,33.5014512800,33.9864172800,33.7730322400,49295713,1726597705.0000,2,0.239000,1,0.631800,0
2020-06-03,sh.600036,34.3840894000,34.9175520000,33.9670186400,34.1610050400,33.9864172800,61018691,2169754932.0000,2,0.295800,1,0.513700,0
2020-06-04,sh.600036,34.4325860000,34.4810826000,34.0155152400,34.0931098000,34.1610050400,25756086,909222198.0000,2,0.124900,1,-0.198700,0
2020-06-05,sh.600036,34.2385996000,34.4034880400,33.7633329200,34.1804036800,34.0931098000,32717303,1146499654.0000,2,0.158600,1,0.256000,0
2020-06-08,sh.600036,34.4810826000,35.1018390800,34.4325860000,34.5974744400,34.1804036800,50180979,1796585383.0000,2,0.243300,1,1.220200,0
2020-06-09,sh.600036,34.5392785200,34.6168730800,34.1998023200,34.4616839600,34.5974744400,30093079,1067277929.0000,2,0.145900,1,-0.392500,0
2020-06-10,sh.600036,34.5683764800,34.5780758000,34.1222077600,34.2773968800,34.4616839600,27273061,964770416.0000,2,0.132200,1,-0.534800,0
2020-06-11,sh.600036,34.1513057200,34.2579982400,33.2783669200,33.4335560400,34.2773968800,58892745,2040709558.0000,2,0.285500,1,-2.461800,0
2020-06-12,sh.600036,32.9679886800,33.4626540000,32.6867084000,33.4626540000,33.4335560400,54661576,1865053466.0000,2,0.265000,1,0.087000,0
2020-06-15,sh.600036,33.0164852800,33.1522757600,32.4539247200,32.5606172400,33.4626540000,65434347,2209023835.0000,2,0.317200,1,-2.695700,0
2020-06-16,sh.600036,32.9776880000,33.1522757600,32.7934009200,33.1134784800,32.5606172400,38163105,1298977209.0000,2,0.185000,1,1.697900,0
2020-06-17,sh.600036,32.9776880000,33.2783669200,32.8127995600,33.1716744000,33.1134784800,30627774,1042779922.0000,2,0.148500,1,0.175800,0
2020-06-18,sh.600036,32.8612961600,33.0358839200,32.0271546400,32.8709954800,33.1716744000,92293933,3090987273.0000,2,0.447400,1,-0.906400,0
2020-06-19,sh.600036,32.7837016000,33.3074648800,32.5897152000,32.8418975200,32.8709954800,67949603,2299545222.0000,2,0.329400,1,-0.088500,0
2020-06-22,sh.600036,32.6479111200,32.8321982000,32.3278335600,32.4927220000,32.8418975200,59581469,1997593331.0000,2,0.288800,1,-1.063200,0
2020-06-23,sh.600036,32.2987356000,32.5315192800,32.1144485200,32.3472322000,32.4927220000,45252939,1509296732.0000,2,0.219400,1,-0.447800,0
2020-06-24,sh.600036,32.5121206400,32.9388907200,32.5024213200,32.8806948000,32.3472322000,47989117,1621575075.0000,2,0.232600,1,1.649200,0
2020-06-29,sh.600036,33.1425764400,33.2686676000,32.4830226800,32.6285124800,32.8806948000,56729748,1915098031.0000,2,0.275000,1,-0.767000,0
2020-06-30,sh.600036,32.8321982000,32.9388907200,32.6285124800,32.7061070400,32.6285124800,39156798,1322157814.0000,2,0.189800,1,0.237800,0
2020-07-01,sh.600036,32.7740022800,33.7536336000,32.5994145200,33.7439342800,32.7061070400,79909645,2741317357.0000,2,0.387400,1,3.173200,0
2020-07-02,sh.600036,33.6081438000,34.4034880400,33.2686676000,34.2385996000,33.7439342800,124517798,4347489231.0000,2,0.603600,1,1.465900,0
2020-07-03,sh.600036,34.3355928000,35.6547003200,34.2870962000,35.6353016800,34.2385996000,153570417,5583630477.0000,2,0.744400,1,4.079300,0
2020-07-06,sh.600036,36.0620717600,39.1949521200,36.0620717600,39.1949521200,35.6353016800,187492888,7369658960.0000,2,0.908900,1,9.989100,0
2020-07-07,sh.600036,40.5431576000,41.9980556000,39.2822460000,39.8254079200,39.1949521200,201633829,8389893483.0000,2,0.977400,1,1.608500,0
2020-07-08,sh.600036,39.6702188000,40.6110528400,38.7681820400,39.2822460000,39.8254079200,182703889,7454256185.0000,2,0.885700,1,-1.363900,0
2020-07-09,sh.600036,39.2919453200,39.3986378400,38.3414119600,38.7099861200,39.2822460000,169323629,6759559094.0000,2,0.820800,1,-1.456800,0
2020-07-10,sh.600036,38.7100000000,39.0000000000,37.0500000000,37.2500000000,38.7100000000,152815945,5784778253.0000,2,0.740800,1,-3.771600,0
2020-07-13,sh.600036,37.0100000000,38.0000000000,36.6700000000,37.3000000000,37.2500000000,163406373,6086294085.0000,2,0.792100,1,0.134200,0
2020-07-14,sh.600036,37.0700000000,37.4200000000,36.2300000000,36.5100000000,37.3000000000,131086591,4821059904.0000,2,0.635400,1,-2.118000,0
2020-07-15,sh.600036,36.9900000000,37.0200000000,35.7000000000,35.8600000000,36.5100000000,134114248,4838521682.0000,2,0.650100,1,-1.780300,0
2020-07-16,sh.600036,36.0500000000,36.5800000000,35.5900000000,35.6000000000,35.8600000000,142952326,5153628340.0000,2,0.693000,1,-0.725000,0
2020-07-17,sh.600036,35.8700000000,36.2000000000,35.3100000000,36.0800000000,35.6000000000,116991781,4182751219.0000,2,0.567100,1,1.348300,0
2020-07-20,sh.600036,36.1000000000,37.4500000000,35.8500000000,37.2700000000,36.0800000000,159415734,5884589656.0000,2,0.772800,1,3.298200,0
2020-07-21,sh.600036,37.2700000000,37.4400000000,36.5200000000,36.8400000000,37.2700000000,83162093,3062989302.9000,2,0.403100,1,-1.153700,0
2020-07-22,sh.600036,36.7800000000,37.1000000000,36.2600000000,36.4400000000,36.8400000000,99881181,3656733629.3400,2,0.484200,1,-1.085800,0
2020-07-23,sh.600036,36.1800000000,36.4100000000,35.2500000000,35.6000000000,36.4400000000,119707588,4272039760.6700,2,0.580300,1,-2.305200,0
2020-07-24,sh.600036,35.5000000000,35.8000000000,34.1300000000,34.6000000000,35.6000000000,130419436,4555965917.2400,2,0.632200,1,-2.809000,0
2020-07-27,sh.600036,34.9400000000,34.9700000000,34.0100000000,34.2500000000,34.6000000000,89346903,3062209384.2300,2,0.433100,1,-1.011600,0
2020-07-28,sh.600036,34.6600000000,34.8800000000,34.2100000000,34.5800000000,34.2500000000,78035052,2693238172.0400,2,0.378300,1,0.963500,0
2020-07-29,sh.600036,34.5000000000,35.3500000000,34.2300000000,35.0700000000,34.5800000000,96913071,3381773114.0400,2,0.469800,1,1.417000,0
2020-07-30,sh.600036,35.0500000000,35.1700000000,34.4800000000,34.5600000000,35.0700000000,79887927,2776830172.0800,2,0.387300,1,-1.454200,0
2020-07-31,sh.600036,34.6000000000,35.3500000000,34.4900000000,34.8000000000,34.5600000000,98989455,3456763749.1900,2,0.479900,1,0.694400,0
